Target,Cleaned,Outputs,Average Log Likelihood,Likelihood Type,Number of Tokens
"[(4571.0,)]",4571,"8,248",-5.992,EXACT_LIKELIHOOD,3
"[(13,)]",13,6,-6.840,EXACT_LIKELIHOOD,2
"[(20,)]",20,21,-5.411,EXACT_LIKELIHOOD,2
"[('edison, new jersey',), ('charlotte, north carolina',), ('san jose, california',), ('denver, colorado',), ('hialeah, florida',), ('mobile, alabama',), ('fresno, california',), ('las vegas, nevada',), ('milwaukee, wisconsin',), ('st. paul, minnesota',), ('toledo, ohio',), ('depew, new york',), ('akron, ohio',), ('seattle, washington',), ('portland, oregon',), ('tucson, arizona',), ('encino, california',), ('fort worth, texas',), ('reading, pennsylvania',), ('grand haven, michigan',), ('brockton, massachusetts',), ('waukegan, illinois',), ('fort smith, arkansas',), ('dallas, texas',), ('new orleans, louisiana',), ('garden city, new york',), ('camden, new jersey',), ('baltimore, maryland',)]","edison, new jersey, charlotte, north carolina, san jose, california, denver, colorado, hialeah, florida, mobile, alabama, fresno, california, las vegas, nevada, milwaukee, wisconsin, st. paul, minnesota, toledo, ohio, depew, new york, akron, ohio, seattle, washington, portland, oregon, tucson, arizona, encino, california, fort worth, texas, reading, pennsylvania, grand haven, michigan, brockton, massachusetts, waukegan, illinois, fort smith, arkansas, dallas, texas, new orleans, louisiana, garden city, new york, camden, new jersey, baltimore, maryland",5,-1.039,EXACT_LIKELIHOOD,127
"[(29,)]",29,29,-2.137,EXACT_LIKELIHOOD,2
"[(7,)]",7,8,-3.331,EXACT_LIKELIHOOD,2
"[('2007-09-06',)]",2007-09-06,"september 6, 2007",-5.810,EXACT_LIKELIHOOD,6
"[(7,)]",7,7,-1.107,EXACT_LIKELIHOOD,2
"[(61.6,)]",61.6,188.8,-5.887,EXACT_LIKELIHOOD,4
"[(None,)]",none,301.7,-8.103,EXACT_LIKELIHOOD,2
"[(518.525,)]",518.525,301.7,-6.812,EXACT_LIKELIHOOD,5
"[('onthophagus binodis thunberg', 1211126.0), ('onthophagus gazella fabricius', 3783735.0)]","onthophagus binodis thunberg, 1211126.0, onthophagus gazella fabricius, 3783735.0","125,944",-4.827,EXACT_LIKELIHOOD,33
"[('most desirable tollywood actor 2014 (public poll)', 'best actor', 'khoka 420,rangbaaz and chander pahar'), ('most desirable tollywood actor 2014 (public poll)', 'best actor', 'khoka 420,rangbaaz and chander pahar'), ('most desirable tollywood actor 2014 (public poll)', 'best actor', 'khoka 420,rangbaaz and chander pahar'), ('tollywood national award 2014', 'best actor', 'chander pahar'), ('tollywood national award 2014', 'best action hero', 'rangbaaz'), ('kalakar awards 2014', 'kalakar awards 2014 for best actor', 'rangbaaz and chander pahar'), ('kalakar awards 2014', 'kalakar awards 2014 for best actor', 'rangbaaz and chander pahar'), ('bfja award for best actor 2014', 'bfja award for best actor best actor', 'chander pahar'), ('zee bangla gourab somman awards 2014', 'best actor', 'chander pahar'), ('anandalok awards', 'best actor', 'chander pahar')]","most desirable tollywood actor 2014 (public poll), best actor, khoka 420,rangbaaz and chander pahar, most desirable tollywood actor 2014 (public poll), best actor, khoka 420,rangbaaz and chander pahar, most desirable tollywood actor 2014 (public poll), best actor, khoka 420,rangbaaz and chander pahar, tollywood national award 2014, best actor, chander pahar, tollywood national award 2014, best action hero, rangbaaz, kalakar awards 2014, kalakar awards 2014 for best actor, rangbaaz and chander pahar, kalakar awards 2014, kalakar awards 2014 for best actor, rangbaaz and chander pahar, bfja award for best actor 2014, bfja award for best actor best actor, chander pahar, zee bangla gourab somman awards 2014, best actor, chander pahar, anandalok awards, best actor, chander pahar","bfja award for best actor 2014, bfja award for best actor best actor",-1.903,EXACT_LIKELIHOOD,127
"[('anandalok awards', 'challenge'), ('anandalok awards', 'challenge'), ('star jalsha entertainment awards 2010', 'poran jaye jolia re'), ('tele cine awards 2010', 'challenge'), ('kalakar awards 2010', 'challenge'), ('star ananda shera bangali awards 2010', None), ('anandalok awards 2010', 'le chakka'), ('big bangla movie awards 2011', None), ('star jalsha entertainment awards 2011', None), ('star guide bengali film awards 2012', 'paglu'), ('zee bangla awards 2012', 'khokababu'), ('12th tele cine awards 2012', 'paglu'), ('kalakar awards 2012', 'paglu'), ('star jalsha entertainment awards 2013', None), ('star jalsha entertainment awards 2013', 'khokababu'), ('most desirable tollywood actor 2014 (public poll)', 'khoka 420,rangbaaz and chander pahar'), ('tollywood national award 2014', 'chander pahar'), ('tollywood national award 2014', 'rangbaaz'), ('kalakar awards 2014', 'rangbaaz and chander pahar'), ('bfja award for best actor 2014', 'chander pahar'), ('zee bangla gourab somman awards 2014', 'chander pahar'), ('anandalok awards', 'chander pahar'), ('zee bangla gourab somman awards 2014', None), ('filmfare awards east', None)]","anandalok awards, challenge, anandalok awards, challenge, star jalsha entertainment awards 2010, poran jaye jolia re, tele cine awards 2010, challenge, kalakar awards 2010, challenge, star ananda shera bangali awards 2010, none, anandalok awards 2010, le chakka, big bangla movie awards 2011, none, star jalsha entertainment awards 2011, none, star guide bengali film awards 2012, paglu, zee bangla awards 2012, khokababu, 12th tele cine awards 2012, paglu, kalakar awards 2012, paglu, star jalsha entertainment awards 2013, none, star jalsha entertainment awards 2013, khokababu, most desirable tollywood actor 2014 (public poll), khoka 420,rangbaaz and chander pahar, tollywood national award 2014, chander pahar, tollywood national award 2014, rangbaaz, kalakar awards 2014, rangbaaz and chander pahar, bfja award for best actor 2014, chander pahar, zee bangla gourab somman awards 2014, chander pahar, anandalok awards, chander pahar, zee bangla gourab somman awards 2014, none, filmfare awards east, none","tollywood national award 2014, kalakar awards 2014 for best actor",-1.997,EXACT_LIKELIHOOD,127
"[('14th tele cine awards 2014',)]",14th tele cine awards 2014,tele cine awards for best actor,-3.683,EXACT_LIKELIHOOD,8
"[('26:43.16', 'brussels')]","26:43.16, brussels","26:46.19, 26:17.53",-3.326,EXACT_LIKELIHOOD,10
"[(342.0,)]",342,bergamo,-5.270,EXACT_LIKELIHOOD,2
"[('sho kannon',)]",sho kannon,awa,-6.159,EXACT_LIKELIHOOD,4
"[(1711.0,)]",1711,"1,711",-5.226,EXACT_LIKELIHOOD,3
"[('xiamen gaoqi international airport',)]",xiamen gaoqi international airport,chennai international airport,-5.885,EXACT_LIKELIHOOD,9
"[('montreal\n45°28′33.37′′n 73°33′21.58′′w\ufeff / \ufeff45.4759361°n 73.5559944°w',)]","montreal
45°28′33.37′′n 73°33′21.58′′w﻿ / ﻿45.4759361°n 73.5559944°w",montreal,-6.003,EXACT_LIKELIHOOD,45
"[('1967',), ('1971',), ('1975',), ('1977',), ('1987',), ('1990',)]","1967, 1971, 1975, 1977, 1987, 1990",1990,-3.469,EXACT_LIKELIHOOD,12
"[('totals',)]",totals,kilifi,-7.272,EXACT_LIKELIHOOD,2
"[('south africa',)]",south africa,south africa,-2.256,EXACT_LIKELIHOOD,4
"[('astrodome',)]",astrodome,dodger stadium,-3.844,EXACT_LIKELIHOOD,4
"[('丽人行',)]",丽人行,women side by side,-1.830,EXACT_LIKELIHOOD,7
"[(None, 'merged with usair'), (None, None)]","none, merged with usair, none, none",,-7.510,EXACT_LIKELIHOOD,11
"[('1948', 'eddie arcaro')]","1948, eddie arcaro","1948, eddie arcaro",-1.634,EXACT_LIKELIHOOD,8
"[('1941', 'whirlaway'), ('1948', 'citation')]","1941, whirlaway, 1948, citation","1941, 1948",-3.363,EXACT_LIKELIHOOD,10
"[('1400', '1367')]","1400, 1367","1400, 1367",-1.773,EXACT_LIKELIHOOD,5
"[('maria', '6045'), ('carolus', '2900'), ('johannes evangelista', '1400'), ('johannes baptista', '1225'), ('leopardus', '850'), ('stephanus', '715')]","maria, 6045, carolus, 2900, johannes evangelista, 1400, johannes baptista, 1225, leopardus, 850, stephanus, 715","maria, carolus, johannes evangelista, 4, leopardus, stephanus, petrus",-2.159,EXACT_LIKELIHOOD,45
"[('johannes baptista ora pro nobis. in ludo haud in agro florens nos curia fecit sed longo sub argo fudit nos ipse decano. an o. 1 6 5 6 (john the baptist pray for us. flourishing in play not in toil, he made us with care, but poured us under a vigilant supervisor. 1656)',)]","johannes baptista ora pro nobis. in ludo haud in agro florens nos curia fecit sed longo sub argo fudit nos ipse decano. an o. 1 6 5 6 (john the baptist pray for us. flourishing in play not in toil, he made us with care, but poured us under a vigilant supervisor. 1656)",johannes baptista ora pro nobis. in ludo,-7.883,EXACT_LIKELIHOOD,85
"[('maksimir, zagreb, yugoslavia',), ('nepstadion, budapest, hungary',), ('azteca, mexico city, mexico',), ('olimpico, caracas, venezuela',)]","maksimir, zagreb, yugoslavia, nepstadion, budapest, hungary, azteca, mexico city, mexico, olimpico, caracas, venezuela","maksimir, zagreb, yugoslavia",-0.819,EXACT_LIKELIHOOD,48
"[('nepstadion, budapest, hungary',)]","nepstadion, budapest, hungary","nepstadion, budapest, hungary",-1.195,EXACT_LIKELIHOOD,10
"[(3,)]",3,2,-4.051,EXACT_LIKELIHOOD,2
"[('verna',)]",verna,verna,-0.187,EXACT_LIKELIHOOD,4
"[('kozhikode',), ('coimbatore city junction',), ('kannur',), ('kabakaputtur',), ('verna',), ('subrahmanya road',), ('cheruvathur',), ('bhatkal',)]","kozhikode, coimbatore city junction, kannur, kabakaputtur, verna, subrahmanya road, cheruvathur, bhatkal","kozhikode, coimbatore city junction, kannur, kabakaputtur, verna, subrahmanya road, cheruvathur, bhatkal",-0.333,EXACT_LIKELIHOOD,44
"[('56656',)]",56656,56656,-0.677,EXACT_LIKELIHOOD,4
"[('verna',)]",verna,verna,-0.181,EXACT_LIKELIHOOD,4
"[('verna',)]",verna,verna,-0.171,EXACT_LIKELIHOOD,4
"[('kozhikode',), ('coimbatore city junction',), ('kannur',), ('kabakaputtur',), ('verna',), ('subrahmanya road',), ('cheruvathur',), ('bhatkal',)]","kozhikode, coimbatore city junction, kannur, kabakaputtur, verna, subrahmanya road, cheruvathur, bhatkal","kozhikode, coimbatore city junction, kannur, kabakaputtur, verna, subrahmanya road, cheruvathur, bhatkal",-0.332,EXACT_LIKELIHOOD,44
"[('verna',)]",verna,verna,-0.171,EXACT_LIKELIHOOD,4
"[('verna',)]",verna,verna,-0.171,EXACT_LIKELIHOOD,4
"[(1,)]",1,2,-3.282,EXACT_LIKELIHOOD,2
"[(12.0,)]",12,6,-5.150,EXACT_LIKELIHOOD,2
"[(1,)]",1,3,-4.681,EXACT_LIKELIHOOD,2
"[(0,)]",0,1,-5.981,EXACT_LIKELIHOOD,2
"[(None,)]",none,"3,634",-8.340,EXACT_LIKELIHOOD,2
"[('les miserables',)]",les miserables,les misérables,-4.745,EXACT_LIKELIHOOD,4
"[('argentina', 10), ('brazil', 11), ('canada', 7), ('chile', 2), ('colombia', 2), ('costa rica', 1), ('cuba', 2), ('dominican republic', 5), ('greenland', 2), ('guatemala', 1), ('mexico', 6), ('paraguay', 3), ('puerto rico', 1), ('united states', 6), ('uruguay', 9), ('venezuela', 1)]","argentina, 10, brazil, 11, canada, 7, chile, 2, colombia, 2, costa rica, 1, cuba, 2, dominican republic, 5, greenland, 2, guatemala, 1, mexico, 6, paraguay, 3, puerto rico, 1, united states, 6, uruguay, 9, venezuela, 1",11,-2.762,EXACT_LIKELIHOOD,92
"[(1.0,)]",1,8th,-3.892,EXACT_LIKELIHOOD,2
"[('louise suggs', 900.0)]","louise suggs, 900.0",louise suggs,-5.366,EXACT_LIKELIHOOD,9
"[('bosnia and herzegovina', 'peacekeeping force')]","bosnia and herzegovina, peacekeeping force","bosnia and herzegovina, peacekeeping force",-0.695,EXACT_LIKELIHOOD,13
"[('peacekeeping force', 2357.0)]","peacekeeping force, 2357.0",operation joint forge,-6.257,EXACT_LIKELIHOOD,9
"[(11,)]",11,2,-5.466,EXACT_LIKELIHOOD,2
"[(9,)]",9,7,-3.648,EXACT_LIKELIHOOD,2
"[(7,)]",7,13,-2.344,EXACT_LIKELIHOOD,2
"[(10,)]",10,4,-6.694,EXACT_LIKELIHOOD,2
"[('1909-01-12',)]",1909-01-12,9-1-1909,-5.133,EXACT_LIKELIHOOD,6
"[('2009-01-01',)]",2009-01-01,august 30,-6.289,EXACT_LIKELIHOOD,6
"[(840.0,), (391.0,), (150.0,)]","840.0, 391.0, 150.0",840,-4.722,EXACT_LIKELIHOOD,13
"[('laramie',)]",laramie,"cheyenne, laramie",-3.592,EXACT_LIKELIHOOD,4
"[('nbc',)]",nbc,nbc,-3.201,EXACT_LIKELIHOOD,3
"[(0.0,)]",0,156,-7.415,EXACT_LIKELIHOOD,2
"[(177403861.0,)]",177403861,"$601,860",-8.449,EXACT_LIKELIHOOD,5
"[(955374904.0,)]",955374904,"$236,941,431",-9.800,EXACT_LIKELIHOOD,6
"[(None,)]",none,"$54,155,312",-8.642,EXACT_LIKELIHOOD,2
"[(1760948721.0,)]",1760948721,"$601,860",-9.758,EXACT_LIKELIHOOD,5
"[(177403861.0,)]",177403861,"$53,634,431",-8.312,EXACT_LIKELIHOOD,5
"[(177403861.0,)]",177403861,"$601,860",-8.449,EXACT_LIKELIHOOD,5
"[(54155312.0,)]",54155312,"$54,155,312",-6.253,EXACT_LIKELIHOOD,5
"[('eddie robinson stadium • grambling, la', 'eddie robinson stadium • grambling'), ('eddie robinson stadium • grambling, la', 'la')]","eddie robinson stadium • grambling, la, eddie robinson stadium • grambling, eddie robinson stadium • grambling, la, la","eddie robinson stadium • grambling, la",-1.729,EXACT_LIKELIHOOD,33
"[('cotton bowl • dallas, tx',), ('cotton bowl • dallas, tx',)]","cotton bowl • dallas, tx, cotton bowl • dallas, tx","cotton bowl • dallas, tx",-2.164,EXACT_LIKELIHOOD,16
"[('kyal and kara',)]",kyal and kara,kyal and kara,-1.454,EXACT_LIKELIHOOD,7
"[('total',)]",total,united states,-6.820,EXACT_LIKELIHOOD,2
"[('2008', 740.0), ('2009', 956.0), ('2010', 405.0), ('2011', 241.0), ('2012', 64.0), ('2013', 41.0), ('total', 2447.0)]","2008, 740.0, 2009, 956.0, 2010, 405.0, 2011, 241.0, 2012, 64.0, 2013, 41.0, total, 2447.0",1375,-5.265,EXACT_LIKELIHOOD,45
"[('dan dockstader',)]",dan dockstader,dan dockstader,-2.251,EXACT_LIKELIHOOD,5
"[('7',)]",7,7,-0.386,EXACT_LIKELIHOOD,2
"[(1.0,), (1.0,), (1.0,)]","1.0, 1.0, 1.0",1,-3.070,EXACT_LIKELIHOOD,12
"[(161.0,)]",161,161,-2.033,EXACT_LIKELIHOOD,2
"[('ele opeloge',), ('ele opeloge',), ('uati maposua',)]","ele opeloge, ele opeloge, uati maposua","uati maposua, ele opeloge",-2.394,EXACT_LIKELIHOOD,16
"[('russia',), ('italy',), ('france',), ('poland',), ('sweden',), ('total',)]","russia, italy, france, poland, sweden, total","russia, italy, france, poland, sweden",-2.596,EXACT_LIKELIHOOD,17
"[('austria', 2.0), ('belgium', 1.0), ('france', 6.0), ('germany', 2.0), ('iran', 2.0), ('israel', 2.0), ('italy', 4.0), ('mexico', 1.0), ('netherlands', 3.0), ('poland', 11.0), ('romania', 3.0), ('russia', 10.0), ('total', 72.0)]","austria, 2.0, belgium, 1.0, france, 6.0, germany, 2.0, iran, 2.0, israel, 2.0, italy, 4.0, mexico, 1.0, netherlands, 3.0, poland, 11.0, romania, 3.0, russia, 10.0, total, 72.0",10,-3.460,EXACT_LIKELIHOOD,95
"[('akos kallai', 5132), ('alexander parygin', 4904), ('andrea valentini', 5084), ('andrejus zadneprovskis', 5428), ('andrey moiseev', 5480), ('andrzej stefanek', 4676), ('chad senior', 5192), ('daniel dos santos', 4732), ('deniss cerkovskis', 5356), ('dzmitry meliakh', 5340), ('edvinas krungolcas', 4420), (""enrico dell'amore"", 4928), ('eric walther', 5320), ('erik johansson', 4976), ('gabor balogh', 5296), ('han do-ryeong', 4936), ('lee choon-huan', 5068), ('libor capalini', 5392), ('manuel pradillo', 5196), ('marcin horbacz', 4388), ('michal michalik', 5332), ('niklaus brunisholz', 5184), ('pavel uvarov', 5016), ('qian zhenhua', 5172), ('raouf abdou', 5084), ('raphael astier', 4932), ('rustem sabizkhuzin', 5252), ('sebastien deleigne', 5180), ('sergio salazar', 5200), ('steffen gebhardt', 5144), ('vakhtang iagorashvili', 5276), ('vasileios floros', 4848)]","akos kallai, 5132, alexander parygin, 4904, andrea valentini, 5084, andrejus zadneprovskis, 5428, andrey moiseev, 5480, andrzej stefanek, 4676, chad senior, 5192, daniel dos santos, 4732, deniss cerkovskis, 5356, dzmitry meliakh, 5340, edvinas krungolcas, 4420, enrico dell'amore, 4928, eric walther, 5320, erik johansson, 4976, gabor balogh, 5296, han do-ryeong, 4936, lee choon-huan, 5068, libor capalini, 5392, manuel pradillo, 5196, marcin horbacz, 4388, michal michalik, 5332, niklaus brunisholz, 5184, pavel uvarov, 5016, qian zhenhua, 5172, raouf abdou, 5084, raphael astier, 4932, rustem sabizkhuzin, 5252, sebastien deleigne, 5180, sergio salazar, 5200, steffen gebhardt, 5144, vakhtang iagorashvili, 5276, vasileios floros, 4848",1092,-4.699,EXACT_LIKELIHOOD,127
"[(132916.0,)]",132916,1100,-6.839,EXACT_LIKELIHOOD,4
"[('2001', 'pukekohe park raceway', '51', 'k-mart racing team', 'holden vx commodore', '1st'), ('2002', 'pukekohe park raceway', '51', 'k-mart racing team', 'holden vx commodore', '1st'), ('2003', 'pukekohe park raceway', '51', 'k-mart racing team', 'holden vy commodore', '1st'), ('2004', 'pukekohe park raceway', '51', 'k-mart racing team', 'holden vy commodore', '3rd')]","2001, pukekohe park raceway, 51, k-mart racing team, holden vx commodore, 1st, 2002, pukekohe park raceway, 51, k-mart racing team, holden vx commodore, 1st, 2003, pukekohe park raceway, 51, k-mart racing team, holden vy commodore, 1st, 2004, pukekohe park raceway, 51, k-mart racing team, holden vy commodore, 3rd","2001, 2002, 2003, 2004",-2.414,EXACT_LIKELIHOOD,112
"[('pukekohe park raceway', 5)]","pukekohe park raceway, 5",pukekohe park raceway,-3.446,EXACT_LIKELIHOOD,10
"[(7,)]",7,5,-3.991,EXACT_LIKELIHOOD,2
"[('gotzis, austria', '8041'), ('gotzis, austria', '8041'), ('fukuoka, japan', '7943'), ('fukuoka, japan', '7943'), ('gothenburg, sweden', '8042'), ('gothenburg, sweden', '8042')]","gotzis, austria, 8041, gotzis, austria, 8041, fukuoka, japan, 7943, fukuoka, japan, 7943, gothenburg, sweden, 8042, gothenburg, sweden, 8042","götzis, austria, 7943, gothenburg, sweden, 8042",-2.263,EXACT_LIKELIHOOD,62
"[(1,)]",1,5,-4.771,EXACT_LIKELIHOOD,2
"[(100.0,)]",100,100.00%,-0.572,EXACT_LIKELIHOOD,2
"[(2.0,)]",2,2,-0.352,EXACT_LIKELIHOOD,2
"[(2.0,), (2.0,), (2.0,)]","2.0, 2.0, 2.0",9,-5.116,EXACT_LIKELIHOOD,12
"[(3897423.0,)]",3897423,829629,-5.964,EXACT_LIKELIHOOD,4
"[(1416.0,)]",1416,1344,-5.357,EXACT_LIKELIHOOD,3
"[(13,)]",13,14,-3.053,EXACT_LIKELIHOOD,2
"[(0,)]",0,3,-6.366,EXACT_LIKELIHOOD,2
"[('washington', 1)]","washington, 1",southeastern louisiana,-7.185,EXACT_LIKELIHOOD,5
"[('stadio olimpico, serravalle, san marino', 'stadio olimpico'), ('stadio olimpico, serravalle, san marino', 'serravalle'), ('stadio olimpico, serravalle, san marino', 'san marino'), ('stadio olimpico, serravalle, san marino', 'stadio olimpico, serravalle'), ('stadio olimpico, serravalle, san marino', 'serravalle, san marino')]","stadio olimpico, serravalle, san marino, stadio olimpico, stadio olimpico, serravalle, san marino, serravalle, stadio olimpico, serravalle, san marino, san marino, stadio olimpico, serravalle, san marino, stadio olimpico, serravalle, stadio olimpico, serravalle, san marino, serravalle, san marino","stadio olimpico, serravalle, san mar",-1.433,EXACT_LIKELIHOOD,124
"[('stadion antona malatinskeho, trnava, slovakia', 2)]","stadion antona malatinskeho, trnava, slovakia, 2","štadión antona malatinského, tr",-3.833,EXACT_LIKELIHOOD,22
"[(""st andrew's, birmingham"", 1)]","st andrew's, birmingham, 1","city of manchester stadium, manchester",-4.718,EXACT_LIKELIHOOD,10
"[('43.541',), ('44.213',)]","43.541, 44.213",45.266,-6.682,EXACT_LIKELIHOOD,9
"[('lindsay-crossman chapel', 'chapel')]","lindsay-crossman chapel, chapel","lindsay-crossman chapel, chapel",-0.774,EXACT_LIKELIHOOD,10
"[('library', '1958')]","library, 1958","ritter library, 1958",-3.831,EXACT_LIKELIHOOD,4
"[('lindsay-crossman chapel', '1870')]","lindsay-crossman chapel, 1870","lindsay-crossman chapel, 1870",-0.730,EXACT_LIKELIHOOD,10
"[('ritter library',)]",ritter library,ritter library,-1.385,EXACT_LIKELIHOOD,4
"[(2.0,)]",2,3,-2.098,EXACT_LIKELIHOOD,2
"[('a. g. vulcan', 1), ('john roach and son', 1), ('kaiserliche werft wilhelmshaven', 1), ('karljohansverns verft', 2), ('royal dockyard', 2)]","a. g. vulcan, 1, john roach and son, 1, kaiserliche werft wilhelmshaven, 1, karljohansverns verft, 2, royal dockyard, 2",6,-2.724,EXACT_LIKELIHOOD,49
"[('horten', 'nor'), ('horten', 'brage')]","horten, nor, horten, brage","horten, brage",-3.644,EXACT_LIKELIHOOD,13
"[('carrier dome • syracuse, ny', 'w')]","carrier dome • syracuse, ny, w","carrier dome • syracuse, ny, w 45-17",-1.732,EXACT_LIKELIHOOD,11
"[(0,)]",0,6,-6.543,EXACT_LIKELIHOOD,2
"[(0,)]",0,7,-4.807,EXACT_LIKELIHOOD,2
"[(7181.0,)]",7181,"21,225",-2.580,EXACT_LIKELIHOOD,3
"[('xxxx-02-17', None), ('xxxx-04-21', None), ('xxxx-07-13', None), ('xxxx-11-06', None), ('xxxx-12-04', None)]","xxxx-02-17, none, xxxx-04-21, none, xxxx-07-13, none, xxxx-11-06, none, xxxx-12-04, none","february 17 governor's cup, araneta coliseum, april 21, november 6 all-filipino cup, ynares center, december 4",-3.691,EXACT_LIKELIHOOD,45
"[(2, 0, '14', 14.0, 'le quiet squad', 'may 17, 1967', 17, '1967-05-17', 1967, 5, 17, 'robert mckimson', 'jim ryan', 'the commissioner is overworked and needs absolute quiet or he goes into uncontrolled fits of temper. the inspector is assigned to look after him, but has trouble with a noisy cat', 'sgt. deux-deux does not appear'), (4, 0, '16', 16.0, 'le pig-al patrol', 'may 24, 1967', 24, '1967-05-24', 1967, 5, 24, 'gerry chiniquy', 'jim ryan', 'the inspector is sent after biker pig al and his biker gang', 'sgt. deux-deux does not appear'), (5, 0, '17', 17.0, 'le bowser bagger', 'may 30, 1967', 30, '1967-05-30', 1967, 5, 30, 'gerry chiniquy', 'jim ryan', 'the inspector is given private bowser, a very energetic dog, in his efforts to track down a thief', 'sgt. deux-deux does not appear'), (6, 0, '18', 18.0, 'le escape goat', 'june 29, 1967', 29, '1967-06-29', 1967, 6, 29, 'gerry chiniquy', 'jim ryan', 'after being fired for letting louie le finke escape, the inspector tries to stop him from taking vengeance on the commissioner, but ends up becoming part of the manhunt himself', 'sgt. deux-deux does not appear'), (7, 0, '19', 19.0, 'le cop on le rocks', 'july 3, 1967', 3, '1967-07-03', 1967, 7, 3, 'george singer', 'jim ryan', 'the inspector is sent to prison having been mistaken for a bank robber who looks exactly like him. he soon realizes that his backfiring attempts to escape adds even more years to his sentence', 'sgt. deux-deux and the commissioner do not appear'), (10, 0, '22', 22.0, 'tour de farce', 'october 25, 1967', 25, '1967-10-25', 1967, 10, 25, 'gerry chiniquy', 'jim ryan', 'through his own mistake, the inspector is stranded on a deserted island with burly convict mack le truck, who is trying to kill him', 'sgt. deux-deux and the commissioner do not appear')]","2, 0, 14, 14.0, le quiet squad, may 17, 1967, 17, 1967-05-17, 1967, 5, 17, robert mckimson, jim ryan, the commissioner is overworked and needs absolute quiet or he goes into uncontrolled fits of temper. the inspector is assigned to look after him, but has trouble with a noisy cat, sgt. deux-deux does not appear, 4, 0, 16, 16.0, le pig-al patrol, may 24, 1967, 24, 1967-05-24, 1967, 5, 24, gerry chiniquy, jim ryan, the inspector is sent after biker pig al and his biker gang, sgt. deux-deux does not appear, 5, 0, 17, 17.0, le bowser bagger, may 30, 1967, 30, 1967-05-30, 1967, 5, 30, gerry chiniquy, jim ryan, the inspector is given private bowser, a very energetic dog, in his efforts to track down a thief, sgt. deux-deux does not appear, 6, 0, 18, 18.0, le escape goat, june 29, 1967, 29, 1967-06-29, 1967, 6, 29, gerry chiniquy, jim ryan, after being fired for letting louie le finke escape, the inspector tries to stop him from taking vengeance on the commissioner, but ends up becoming part of the manhunt himself, sgt. deux-deux does not appear, 7, 0, 19, 19.0, le cop on le rocks, july 3, 1967, 3, 1967-07-03, 1967, 7, 3, george singer, jim ryan, the inspector is sent to prison having been mistaken for a bank robber who looks exactly like him. he soon realizes that his backfiring attempts to escape adds even more years to his sentence, sgt. deux-deux and the commissioner do not appear, 10, 0, 22, 22.0, tour de farce, october 25, 1967, 25, 1967-10-25, 1967, 10, 25, gerry chiniquy, jim ryan, through his own mistake, the inspector is stranded on a deserted island with burly convict mack le truck, who is trying to kill him, sgt. deux-deux and the commissioner do not appear",le pig-al patrol,-4.679,EXACT_LIKELIHOOD,127
"[('mogilev', 'spartak, mogilev'), ('mogilev', 'spartak, mogilev')]","mogilev, spartak, mogilev, mogilev, spartak, mogilev","spartak, mogilev, spartak, bobruisk",-2.380,EXACT_LIKELIHOOD,24
"[('chicon 7',)]",chicon 7,nycon 2,-8.766,EXACT_LIKELIHOOD,4
"[('anticipation',)]",anticipation,,-7.477,EXACT_LIKELIHOOD,2
"[(None,)]",none,26,-6.968,EXACT_LIKELIHOOD,2
"[(None, None, 127), ('8 seasons', None, 2879), ('western', 'bob hamley', 359), ('western', 'derek keenan', 1481), ('western', 'paul day', 701), ('western', 'paul day (0-5)\nbob hamley (4-7)', 338)]","none, none, 127, 8 seasons, none, 2879, western, bob hamley, 359, western, derek keenan, 1481, western, paul day, 701, western, paul day (0-5)
bob hamley (4-7), 338","1,341",-4.963,EXACT_LIKELIHOOD,62
"[(6,)]",6,3,-4.758,EXACT_LIKELIHOOD,2
"[(1,)]",1,2,-3.497,EXACT_LIKELIHOOD,2
"[(5084.0,)]",5084,1088,-7.013,EXACT_LIKELIHOOD,3
"[(0,)]",0,1,-4.986,EXACT_LIKELIHOOD,2
"[('sri lanka',)]",sri lanka,sri lanka,-1.821,EXACT_LIKELIHOOD,5
"[('1998',)]",1998,"1998, 2003",-1.624,EXACT_LIKELIHOOD,2
"[(32866.0, 65)]","32866.0, 65","32,866, 65-86",-5.949,EXACT_LIKELIHOOD,7
"[('3rd', '12')]","3rd, 12","3rd, 12",-3.168,EXACT_LIKELIHOOD,5
"[(None, None)]","none, none",5,-8.096,EXACT_LIKELIHOOD,4
"[('w 15-13',)]",w 15-13,w 15-13,-0.401,EXACT_LIKELIHOOD,5
"[('l 5-15',)]",l 5-15,l 5-15,-0.672,EXACT_LIKELIHOOD,5
"[(0,)]",0,8,-6.946,EXACT_LIKELIHOOD,2
"[('beijing, china', '1st')]","beijing, china, 1st","beijing, china, 1st",-1.821,EXACT_LIKELIHOOD,9
"[('turin, italy', '12th'), ('helsinki, finland', '14th')]","turin, italy, 12th, helsinki, finland, 14th","palma de mallorca, spain, edmonton, canada, munich, germany, turin, italy, helsinki, finland",-2.691,EXACT_LIKELIHOOD,19
"[(8,)]",8,6,-3.087,EXACT_LIKELIHOOD,2
"[('central middle school',), ('kaimuki middle school',), ('kalakaua middle school',), ('kawananakoa middle school',), ('stevenson middle school',), ('washington middle school',)]","central middle school, kaimuki middle school, kalakaua middle school, kawananakoa middle school, stevenson middle school, washington middle school","central middle school, kalakaua middle school, kawananakoa middle school, niu valley middle school, stevenson middle school",-0.963,EXACT_LIKELIHOOD,37
"[(6,)]",6,6,-0.305,EXACT_LIKELIHOOD,2
"[(13,)]",13,3,-6.091,EXACT_LIKELIHOOD,2
"[('september 2010',)]",september 2010,september 2010,-1.331,EXACT_LIKELIHOOD,5
"[('2015',)]",2015,2015,-1.146,EXACT_LIKELIHOOD,2
"[('+ 0:45.55',)]",+ 0:45.55,+ 0:45.55,-1.597,EXACT_LIKELIHOOD,7
"[(2, 'doris hart', '10/14'), (2, 'doris hart', '7/12'), (2, 'shirley fry irvin', '10/14'), (2, 'shirley fry irvin', '7/12')]","2, doris hart, 10/14, 2, doris hart, 7/12, 2, shirley fry irvin, 10/14, 2, shirley fry irvin, 7/12",8,-6.157,EXACT_LIKELIHOOD,48
"[('rutgers-eagleton', 52.875), ('quinnipiac', 54.666666666666664), ('public policy polling', 50.0), ('zogby international', 52.720000000000006), ('rasmussen reports', 42.0)]","rutgers-eagleton, 52.875, quinnipiac, 54.666666666666664, public policy polling, 50.0, zogby international, 52.720000000000006, rasmussen reports, 42.0",54.5,-3.757,EXACT_LIKELIHOOD,53
"[('""fall""', '2'), ('""power of attraction""', '5'), ('""miss you""', None)]","""fall"", 2, ""power of attraction"", 5, ""miss you"", none","""coś za coś"", 1",-3.385,EXACT_LIKELIHOOD,18
"[('april 1937',)]",april 1937,april 1937,-0.636,EXACT_LIKELIHOOD,4
"[('december 28, 1885', 'july 1887'), ('may 25, 1912', 'april 1, 1913'), ('february 13, 1933', 'april 1933'), ('may 11, 1942', 'april 1943'), ('october 31, 1945\nfebruary 25, 1946', 'april 1947'), ('january 5, 1993', 'november 1993'), ('february 18, 2003', 'november 2003')]","december 28, 1885, july 1887, may 25, 1912, april 1, 1913, february 13, 1933, april 1933, may 11, 1942, april 1943, october 31, 1945
february 25, 1946, april 1947, january 5, 1993, november 1993, february 18, 2003, november 2003","may 25, 1912, april 1, 1913, june 6, 1916, may 6, 1927, february 13, 1933, november 11, 1936, may 11, 1942, october 31, 1945, february 25, 1946, november 5, 1993, february 15, 2003, november 2003",-1.582,EXACT_LIKELIHOOD,83
"[('austin walker\nsam s. griffin', 'xxxx-10-31'), ('byron e. hyatt', '1936-11-11'), ('dirk kempthorne', '1993-01-05'), ('h. brent coles', '2003-02-18'), ('h. w. whillock', '1942-05-11'), ('harry fritchman', '1912-05-25'), ('herbert f. lemp', '1927-05-06'), ('j. w. robinson', '1916-06-06'), ('james p. pope', '1933-02-13'), ('john hailey', '1871-07-10'), ('l. b. lindsay', '1867-11-19'), ('sol hasbrouck', '1885-12-28')]","austin walker
sam s. griffin, xxxx-10-31, byron e. hyatt, 1936-11-11, dirk kempthorne, 1993-01-05, h. brent coles, 2003-02-18, h. w. whillock, 1942-05-11, harry fritchman, 1912-05-25, herbert f. lemp, 1927-05-06, j. w. robinson, 1916-06-06, james p. pope, 1933-02-13, john hailey, 1871-07-10, l. b. lindsay, 1867-11-19, sol hasbrouck, 1885-12-28","november 19, 1867",-3.174,EXACT_LIKELIHOOD,127
"[(1, 'the sound of music', 17), (1, 'the sound of music', 17), (1, 'the sound of music', 17), (1, 'the sound of music', 17), (1, 'the sound of music', 17), (1, 'the sound of music', 17), (1, 'the sound of music', 17), (1, 'the sound of music', 17), (1, 'the sound of music', 17), (1, 'the sound of music', 17), (1, 'the sound of music', 17), (1, 'the sound of music', 17), (1, 'the sound of music', 17), (1, 'the sound of music', 17), (1, 'the sound of music', 17), (1, 'the sound of music', 17), (1, 'the sound of music', 17), (2, 'doctor zhivago', 9), (2, 'doctor zhivago', 9), (2, 'doctor zhivago', 9), (2, 'doctor zhivago', 9), (2, 'doctor zhivago', 9), (2, 'doctor zhivago', 9), (2, 'doctor zhivago', 9), (2, 'doctor zhivago', 9), (2, 'doctor zhivago', 9), (3, 'thunderball', 7), (3, 'thunderball', 7), (3, 'thunderball', 7), (3, 'thunderball', 7), (3, 'thunderball', 7), (3, 'thunderball', 7), (3, 'thunderball', 7), (4, 'those magnificent men in their flying machines', 15), (4, 'those magnificent men in their flying machines', 15), (4, 'those magnificent men in their flying machines', 15), (4, 'those magnificent men in their flying machines', 15), (4, 'those magnificent men in their flying machines', 15), (4, 'those magnificent men in their flying machines', 15), (4, 'those magnificent men in their flying machines', 15), (4, 'those magnificent men in their flying machines', 15), (4, 'those magnificent men in their flying machines', 15), (4, 'those magnificent men in their flying machines', 15), (4, 'those magnificent men in their flying machines', 15), (4, 'those magnificent men in their flying machines', 15), (4, 'those magnificent men in their flying machines', 15), (4, 'those magnificent men in their flying machines', 15), (4, 'those magnificent men in their flying machines', 15), (5, 'that darn cat!', 10), (5, 'that darn cat!', 10), (5, 'that darn cat!', 10), (5, 'that darn cat!', 10), (5, 'that darn cat!', 10), (5, 'that darn cat!', 10), (5, 'that darn cat!', 10), (5, 'that darn cat!', 10), (5, 'that darn cat!', 10), (5, 'that darn cat!', 10), (6, 'the great race', 11), (6, 'the great race', 11), (6, 'the great race', 11), (6, 'the great race', 11), (6, 'the great race', 11), (6, 'the great race', 11), (6, 'the great race', 11), (6, 'the great race', 11), (6, 'the great race', 11), (6, 'the great race', 11), (6, 'the great race', 11), (7, 'cat ballou', 6), (7, 'cat ballou', 6), (7, 'cat ballou', 6), (7, 'cat ballou', 6), (7, 'cat ballou', 6), (7, 'cat ballou', 6), (8, ""what's new pussycat?"", 7), (8, ""what's new pussycat?"", 7), (8, ""what's new pussycat?"", 7), (8, ""what's new pussycat?"", 7), (8, ""what's new pussycat?"", 7), (8, ""what's new pussycat?"", 7), (8, ""what's new pussycat?"", 7), (9, 'shenandoah', 6), (9, 'shenandoah', 6), (9, 'shenandoah', 6), (9, 'shenandoah', 6), (9, 'shenandoah', 6), (9, 'shenandoah', 6), (10, ""von ryan's express"", 11), (10, ""von ryan's express"", 11), (10, ""von ryan's express"", 11), (10, ""von ryan's express"", 11), (10, ""von ryan's express"", 11), (10, ""von ryan's express"", 11), (10, ""von ryan's express"", 11), (10, ""von ryan's express"", 11), (10, ""von ryan's express"", 11), (10, ""von ryan's express"", 11), (10, ""von ryan's express"", 11), (11, 'the greatest story ever told', 18), (11, 'the greatest story ever told', 18), (11, 'the greatest story ever told', 18), (11, 'the greatest story ever told', 18), (11, 'the greatest story ever told', 18), (11, 'the greatest story ever told', 18), (11, 'the greatest story ever told', 18), (11, 'the greatest story ever told', 18), (11, 'the greatest story ever told', 18), (11, 'the greatest story ever told', 18), (11, 'the greatest story ever told', 18), (11, 'the greatest story ever told', 18), (11, 'the greatest story ever told', 18), (11, 'the greatest story ever told', 18), (11, 'the greatest story ever told', 18), (11, 'the greatest story ever told', 18), (11, 'the greatest story ever told', 18), (11, 'the greatest story ever told', 18), (12, 'for a few dollars more', 7), (12, 'for a few dollars more', 7), (12, 'for a few dollars more', 7), (12, 'for a few dollars more', 7), (12, 'for a few dollars more', 7), (12, 'for a few dollars more', 7), (12, 'for a few dollars more', 7), (13, 'the sandpiper', 5), (13, 'the sandpiper', 5), (13, 'the sandpiper', 5), (13, 'the sandpiper', 5), (13, 'the sandpiper', 5), (14, 'a patch of blue', 5), (14, 'a patch of blue', 5), (14, 'a patch of blue', 5), (14, 'a patch of blue', 5), (14, 'a patch of blue', 5), (15, 'the sons of katie elder', 9), (15, 'the sons of katie elder', 9), (15, 'the sons of katie elder', 9), (15, 'the sons of katie elder', 9), (15, 'the sons of katie elder', 9), (15, 'the sons of katie elder', 9), (15, 'the sons of katie elder', 9), (15, 'the sons of katie elder', 9), (15, 'the sons of katie elder', 9), (16, 'help!', 7), (16, 'help!', 7), (16, 'help!', 7), (16, 'help!', 7), (16, 'help!', 7), (16, 'help!', 7), (16, 'help!', 7), (17, 'how to murder your wife', 4), (17, 'how to murder your wife', 4), (17, 'how to murder your wife', 4), (17, 'how to murder your wife', 4), (18, 'darling', 6), (18, 'darling', 6), (18, 'darling', 6), (18, 'darling', 6), (18, 'darling', 6), (18, 'darling', 6), (19, 'the agony and the ecstasy', 7), (19, 'the agony and the ecstasy', 7), (19, 'the agony and the ecstasy', 7), (19, 'the agony and the ecstasy', 7), (19, 'the agony and the ecstasy', 7), (19, 'the agony and the ecstasy', 7), (19, 'the agony and the ecstasy', 7), (20, 'do not disturb', 5), (20, 'do not disturb', 5), (20, 'do not disturb', 5), (20, 'do not disturb', 5), (20, 'do not disturb', 5), (21, 'the spy who came in from the cold', 4), (21, 'the spy who came in from the cold', 4), (21, 'the spy who came in from the cold', 4), (21, 'the spy who came in from the cold', 4), (22, 'ship of fools', 8), (22, 'ship of fools', 8), (22, 'ship of fools', 8), (22, 'ship of fools', 8), (22, 'ship of fools', 8), (22, 'ship of fools', 8), (22, 'ship of fools', 8), (22, 'ship of fools', 8), (23, 'the collector', 3), (23, 'the collector', 3), (23, 'the collector', 3), (24, 'the train', 4), (24, 'the train', 4), (24, 'the train', 4), (24, 'the train', 4)]","1, the sound of music, 17, 1, the sound of music, 17, 1, the sound of music, 17, 1, the sound of music, 17, 1, the sound of music, 17, 1, the sound of music, 17, 1, the sound of music, 17, 1, the sound of music, 17, 1, the sound of music, 17, 1, the sound of music, 17, 1, the sound of music, 17, 1, the sound of music, 17, 1, the sound of music, 17, 1, the sound of music, 17, 1, the sound of music, 17, 1, the sound of music, 17, 1, the sound of music, 17, 2, doctor zhivago, 9, 2, doctor zhivago, 9, 2, doctor zhivago, 9, 2, doctor zhivago, 9, 2, doctor zhivago, 9, 2, doctor zhivago, 9, 2, doctor zhivago, 9, 2, doctor zhivago, 9, 2, doctor zhivago, 9, 3, thunderball, 7, 3, thunderball, 7, 3, thunderball, 7, 3, thunderball, 7, 3, thunderball, 7, 3, thunderball, 7, 3, thunderball, 7, 4, those magnificent men in their flying machines, 15, 4, those magnificent men in their flying machines, 15, 4, those magnificent men in their flying machines, 15, 4, those magnificent men in their flying machines, 15, 4, those magnificent men in their flying machines, 15, 4, those magnificent men in their flying machines, 15, 4, those magnificent men in their flying machines, 15, 4, those magnificent men in their flying machines, 15, 4, those magnificent men in their flying machines, 15, 4, those magnificent men in their flying machines, 15, 4, those magnificent men in their flying machines, 15, 4, those magnificent men in their flying machines, 15, 4, those magnificent men in their flying machines, 15, 4, those magnificent men in their flying machines, 15, 4, those magnificent men in their flying machines, 15, 5, that darn cat!, 10, 5, that darn cat!, 10, 5, that darn cat!, 10, 5, that darn cat!, 10, 5, that darn cat!, 10, 5, that darn cat!, 10, 5, that darn cat!, 10, 5, that darn cat!, 10, 5, that darn cat!, 10, 5, that darn cat!, 10, 6, the great race, 11, 6, the great race, 11, 6, the great race, 11, 6, the great race, 11, 6, the great race, 11, 6, the great race, 11, 6, the great race, 11, 6, the great race, 11, 6, the great race, 11, 6, the great race, 11, 6, the great race, 11, 7, cat ballou, 6, 7, cat ballou, 6, 7, cat ballou, 6, 7, cat ballou, 6, 7, cat ballou, 6, 7, cat ballou, 6, 8, what's new pussycat?, 7, 8, what's new pussycat?, 7, 8, what's new pussycat?, 7, 8, what's new pussycat?, 7, 8, what's new pussycat?, 7, 8, what's new pussycat?, 7, 8, what's new pussycat?, 7, 9, shenandoah, 6, 9, shenandoah, 6, 9, shenandoah, 6, 9, shenandoah, 6, 9, shenandoah, 6, 9, shenandoah, 6, 10, von ryan's express, 11, 10, von ryan's express, 11, 10, von ryan's express, 11, 10, von ryan's express, 11, 10, von ryan's express, 11, 10, von ryan's express, 11, 10, von ryan's express, 11, 10, von ryan's express, 11, 10, von ryan's express, 11, 10, von ryan's express, 11, 10, von ryan's express, 11, 11, the greatest story ever told, 18, 11, the greatest story ever told, 18, 11, the greatest story ever told, 18, 11, the greatest story ever told, 18, 11, the greatest story ever told, 18, 11, the greatest story ever told, 18, 11, the greatest story ever told, 18, 11, the greatest story ever told, 18, 11, the greatest story ever told, 18, 11, the greatest story ever told, 18, 11, the greatest story ever told, 18, 11, the greatest story ever told, 18, 11, the greatest story ever told, 18, 11, the greatest story ever told, 18, 11, the greatest story ever told, 18, 11, the greatest story ever told, 18, 11, the greatest story ever told, 18, 11, the greatest story ever told, 18, 12, for a few dollars more, 7, 12, for a few dollars more, 7, 12, for a few dollars more, 7, 12, for a few dollars more, 7, 12, for a few dollars more, 7, 12, for a few dollars more, 7, 12, for a few dollars more, 7, 13, the sandpiper, 5, 13, the sandpiper, 5, 13, the sandpiper, 5, 13, the sandpiper, 5, 13, the sandpiper, 5, 14, a patch of blue, 5, 14, a patch of blue, 5, 14, a patch of blue, 5, 14, a patch of blue, 5, 14, a patch of blue, 5, 15, the sons of katie elder, 9, 15, the sons of katie elder, 9, 15, the sons of katie elder, 9, 15, the sons of katie elder, 9, 15, the sons of katie elder, 9, 15, the sons of katie elder, 9, 15, the sons of katie elder, 9, 15, the sons of katie elder, 9, 15, the sons of katie elder, 9, 16, help!, 7, 16, help!, 7, 16, help!, 7, 16, help!, 7, 16, help!, 7, 16, help!, 7, 16, help!, 7, 17, how to murder your wife, 4, 17, how to murder your wife, 4, 17, how to murder your wife, 4, 17, how to murder your wife, 4, 18, darling, 6, 18, darling, 6, 18, darling, 6, 18, darling, 6, 18, darling, 6, 18, darling, 6, 19, the agony and the ecstasy, 7, 19, the agony and the ecstasy, 7, 19, the agony and the ecstasy, 7, 19, the agony and the ecstasy, 7, 19, the agony and the ecstasy, 7, 19, the agony and the ecstasy, 7, 19, the agony and the ecstasy, 7, 20, do not disturb, 5, 20, do not disturb, 5, 20, do not disturb, 5, 20, do not disturb, 5, 20, do not disturb, 5, 21, the spy who came in from the cold, 4, 21, the spy who came in from the cold, 4, 21, the spy who came in from the cold, 4, 21, the spy who came in from the cold, 4, 22, ship of fools, 8, 22, ship of fools, 8, 22, ship of fools, 8, 22, ship of fools, 8, 22, ship of fools, 8, 22, ship of fools, 8, 22, ship of fools, 8, 22, ship of fools, 8, 23, the collector, 3, 23, the collector, 3, 23, the collector, 3, 24, the train, 4, 24, the train, 4, 24, the train, 4, 24, the train, 4",16,-2.470,EXACT_LIKELIHOOD,127
"[(18,)]",18,5,-5.600,EXACT_LIKELIHOOD,2
"[('2003-11-02',)]",2003-11-02,2 november 2003,-7.239,EXACT_LIKELIHOOD,6
"[('osaka, japan',)]","osaka, japan","osaka, japan",-0.464,EXACT_LIKELIHOOD,6
"[('stuttgart, germany',), ('stuttgart, germany',)]","stuttgart, germany, stuttgart, germany","stuttgart, germany",-1.743,EXACT_LIKELIHOOD,16
"[('moscow, russia',), ('moscow, russia',), ('athens, greece',), ('athens, greece',)]","moscow, russia, moscow, russia, athens, greece, athens, greece","athens, greece",-2.797,EXACT_LIKELIHOOD,26
"[('""my people""',)]","""my people""","""my people""",-2.788,EXACT_LIKELIHOOD,5
"[('alliance', 6186.0), ('conservative', 444.0), ('democratic left', 95.0), ('dup', 6699.0), ('green (ni)', 283.0), ('independent chambers', 334.0), ('independent dup', 97.0), ('independent voice', 49.0), ('labour coalition', 171.0), ('natural law', 15.0), (""ni women's coalition"", 496.0), ('pup', 1694.0), ('sdlp', 1798.0), ('sinn fein', 275.0), ('uk unionist', 7579.0), ('ulster democratic', 651.0), ('ulster independence', 49.0), ('uup', 9270.0), (""workers' party"", 60.0)]","alliance, 6186.0, conservative, 444.0, democratic left, 95.0, dup, 6699.0, green (ni), 283.0, independent chambers, 334.0, independent dup, 97.0, independent voice, 49.0, labour coalition, 171.0, natural law, 15.0, ni women's coalition, 496.0, pup, 1694.0, sdlp, 1798.0, sinn fein, 275.0, uk unionist, 7579.0, ulster democratic, 651.0, ulster independence, 49.0, uup, 9270.0, workers' party, 60.0",29734,-4.952,EXACT_LIKELIHOOD,127
"[('pocono 200',), ('pennsylvania 200',)]","pocono 200, pennsylvania 200","pennsylvania 200, pocono 200",-2.933,EXACT_LIKELIHOOD,9
"[(None,)]",none,"3,004",-7.421,EXACT_LIKELIHOOD,2
"[(2.0,)]",2,2,-0.450,EXACT_LIKELIHOOD,2
"[(2.0,), (2.0,)]","2.0, 2.0",2,-4.491,EXACT_LIKELIHOOD,8
"[(3,)]",3,3,-1.466,EXACT_LIKELIHOOD,2
"[(0,)]",0,5,-7.389,EXACT_LIKELIHOOD,2
"[(82,)]",82,2,-5.509,EXACT_LIKELIHOOD,2
"[(8,)]",8,7,-3.932,EXACT_LIKELIHOOD,2
"[(1,)]",1,2,-4.031,EXACT_LIKELIHOOD,2
"[(-1.2999999999999998,)]",-1.2999999999999998,+3,-6.101,EXACT_LIKELIHOOD,9
"[(None,)]",none,"1,972",-7.165,EXACT_LIKELIHOOD,2
"[(1766.2,), (828.0,)]","1766.2, 828.0","1,766.2 feet",-4.333,EXACT_LIKELIHOOD,10
"[('heidelberg football club',)]",heidelberg football club,heidelberg football club,-2.280,EXACT_LIKELIHOOD,6
"[('won nandi award for best feature film (silver),\nnandi award for best child actress (baby annie),\nnandi award for best character actor (gandhi),\nnandi award for best art director (s ravinder),\nnandi award for best female playback singer (malavika),\nnandi special jury award (nagarjuna)',)]","won nandi award for best feature film (silver),
nandi award for best child actress (baby annie),
nandi award for best character actor (gandhi),
nandi award for best art director (s ravinder),
nandi award for best female playback singer (malavika),
nandi special jury award (nagarjuna)","nandi award for best feature film (silver), nandi award for best feature film (gold)",-4.086,EXACT_LIKELIHOOD,77
"[(1053012.75,)]",1053012.75,"572,919.4",-7.255,EXACT_LIKELIHOOD,6
"[(1977.2444444444445,)]",1977.2444444444445,1930s,-6.777,EXACT_LIKELIHOOD,9
"[(1264.3585,)]",1264.3585,1804.41,-7.250,EXACT_LIKELIHOOD,6
"[('bolivia', 6.0), ('chile', 6.0), ('colombia', 3.0), ('ecuador', 3.0), ('peru', 7.0), ('total', 39.0), ('venezuela', 14.0)]","bolivia, 6.0, chile, 6.0, colombia, 3.0, ecuador, 3.0, peru, 7.0, total, 39.0, venezuela, 14.0",39,-3.943,EXACT_LIKELIHOOD,50
"[('curling legs', 25.0), ('curling legs (, act)', 28.0), ('curling legs (, act)', 30.0), ('kirkelig kulturverksted', 5.0), ('universal', 5.0), ('universal', 6.0)]","curling legs, 25.0, curling legs (, act), 28.0, curling legs (, act), 30.0, kirkelig kulturverksted, 5.0, universal, 5.0, universal, 6.0","curling legs, curling legs",-2.535,EXACT_LIKELIHOOD,57
"[('curling legs', 23.0), ('curling legs', 25.0), ('curling legs (, act)', 28.0), ('curling legs (, act)', 30.0), ('kirkelig kulturverksted', 5.0), ('universal', 5.0), ('universal', 6.0), ('universal', 5.0)]","curling legs, 23.0, curling legs, 25.0, curling legs (, act), 28.0, curling legs (, act), 30.0, kirkelig kulturverksted, 5.0, universal, 5.0, universal, 6.0, universal, 5.0","curling legs, curling legs, 23, curling legs, 25, domestic songs, kirkelig kulturverksted",-2.826,EXACT_LIKELIHOOD,71
"[('2009',), ('2013',)]","2009, 2013",2009,-2.491,EXACT_LIKELIHOOD,4
"[('dulce ana',)]",dulce ana,dulce ana,-2.197,EXACT_LIKELIHOOD,5
"[(1, 0, '1', 1.0, 'school 1', 'lakeview', 'k', '8', 8.0, '1976', 1976, '1976', 1976, 'demolished'), (2, 0, '2', 2.0, 'school 2', 'downtown', 'k', '8', 8.0, '1961', 1961, '1961', 1961, 'demolished'), (4, 0, '5', 5.0, 'school 5', 'kaisertown', 'k', '8', 8.0, '1955', 1955, '1955', 1955, 'demolished'), (5, 0, '7', 7.0, 'school 7', 'babcock', 'k', '8', 8.0, '1950', 1950, '1950', 1950, 'demolished'), (7, 0, '9', 9.0, 'school 9', 'schiller park', 'k', '8', 8.0, '1980', 1980, '1980', 1980, 'demolished'), (8, 0, '10', 10.0, 'school 10', 'downtown', 'k', '8', 8.0, '1955', 1955, '1955', 1955, 'demolished'), (12, 0, '14', 14.0, 'school 14', 'downtown', 'k', '8', 8.0, '1930s', 1930, '1930', 1930, 'demolished'), (13, 0, '15', 15.0, 'school 15', 'downtown', 'k', '8', 8.0, '1965', 1965, '1965', 1965, 'demolished'), (15, 0, '20', 20.0, 'school 20', 'black rock', 'k', '8', 8.0, '1935', 1935, '1935', 1935, 'demolished'), (16, 0, '21', 21.0, 'school 21', 'north park', 'k', '8', 8.0, '1980', 1980, '1980', 1980, 'demolished'), (18, 0, '23', 23.0, 'school 23', 'genesee moselle', 'k', '8', 8.0, '1980', 1980, '1980', 1980, 'demolished'), (20, 0, '25', 25.0, 'school 25', 'babcock', 'k', '8', 8.0, '1949', 1949, '1949', 1949, 'demolished'), (24, 0, '30', 30.0, 'school 30', 'elmwood village', 'k', '8', 8.0, '1976', 1976, '1976', 1976, 'demolished'), (25, 0, '34', 34.0, 'school 34', 'first ward', 'k', '8', 8.0, '1976', 1976, '1976', 1976, 'demolished'), (26, 0, '35', 35.0, 'school 35', 'south ellicott', 'k', '8', 8.0, '1933', 1933, '1933', 1933, 'demolished'), (29, 0, '41', 41.0, 'school 41', 'johnson', 'prek', '8', 8.0, '1976', 1976, '1976', 1976, 'demolished'), (32, 0, '47', 47.0, 'school 47', 'willert park', 'prek', '8', 8.0, '1978', 1978, '1978', 1978, 'demolished'), (33, 0, '48', 48.0, 'school 48', 'masten park', 'k', '8', 8.0, '1979', 1979, '1979', 1979, 'demolished'), (35, 0, '50', 50.0, 'school 50', 'emsilie', 'special', 'education', None, '1975', 1975, '1975', 1975, 'demolished'), (37, 0, '52', 52.0, 'school 52', 'forest', 'k', '8', 8.0, '1980', 1980, '1980', 1980, 'demolished'), (38, 0, '55', 55.0, 'school 55', 'broadway-fillmore', 'k', '8', 8.0, '1955', 1955, '1955', 1955, 'demolished'), (41, 0, '58', 58.0, 'school 58', 'broadway-fillmore', 'k', '8', 8.0, '1961', 1961, '1961', 1961, 'demolished'), (42, 0, '59', 59.0, 'school 59', 'mlk park', 'k', '8', 8.0, '1976', 1976, '1976', 1976, 'demolished'), (48, 0, '73', 73.0, 'school 73', 'columbus', 'k', '8', 8.0, '1970', 1970, '1970', 1970, 'demolished')]","1, 0, 1, 1.0, school 1, lakeview, k, 8, 8.0, 1976, 1976, 1976, 1976, demolished, 2, 0, 2, 2.0, school 2, downtown, k, 8, 8.0, 1961, 1961, 1961, 1961, demolished, 4, 0, 5, 5.0, school 5, kaisertown, k, 8, 8.0, 1955, 1955, 1955, 1955, demolished, 5, 0, 7, 7.0, school 7, babcock, k, 8, 8.0, 1950, 1950, 1950, 1950, demolished, 7, 0, 9, 9.0, school 9, schiller park, k, 8, 8.0, 1980, 1980, 1980, 1980, demolished, 8, 0, 10, 10.0, school 10, downtown, k, 8, 8.0, 1955, 1955, 1955, 1955, demolished, 12, 0, 14, 14.0, school 14, downtown, k, 8, 8.0, 1930s, 1930, 1930, 1930, demolished, 13, 0, 15, 15.0, school 15, downtown, k, 8, 8.0, 1965, 1965, 1965, 1965, demolished, 15, 0, 20, 20.0, school 20, black rock, k, 8, 8.0, 1935, 1935, 1935, 1935, demolished, 16, 0, 21, 21.0, school 21, north park, k, 8, 8.0, 1980, 1980, 1980, 1980, demolished, 18, 0, 23, 23.0, school 23, genesee moselle, k, 8, 8.0, 1980, 1980, 1980, 1980, demolished, 20, 0, 25, 25.0, school 25, babcock, k, 8, 8.0, 1949, 1949, 1949, 1949, demolished, 24, 0, 30, 30.0, school 30, elmwood village, k, 8, 8.0, 1976, 1976, 1976, 1976, demolished, 25, 0, 34, 34.0, school 34, first ward, k, 8, 8.0, 1976, 1976, 1976, 1976, demolished, 26, 0, 35, 35.0, school 35, south ellicott, k, 8, 8.0, 1933, 1933, 1933, 1933, demolished, 29, 0, 41, 41.0, school 41, johnson, prek, 8, 8.0, 1976, 1976, 1976, 1976, demolished, 32, 0, 47, 47.0, school 47, willert park, prek, 8, 8.0, 1978, 1978, 1978, 1978, demolished, 33, 0, 48, 48.0, school 48, masten park, k, 8, 8.0, 1979, 1979, 1979, 1979, demolished, 35, 0, 50, 50.0, school 50, emsilie, special, education, none, 1975, 1975, 1975, 1975, demolished, 37, 0, 52, 52.0, school 52, forest, k, 8, 8.0, 1980, 1980, 1980, 1980, demolished, 38, 0, 55, 55.0, school 55, broadway-fillmore, k, 8, 8.0, 1955, 1955, 1955, 1955, demolished, 41, 0, 58, 58.0, school 58, broadway-fillmore, k, 8, 8.0, 1961, 1961, 1961, 1961, demolished, 42, 0, 59, 59.0, school 59, mlk park, k, 8, 8.0, 1976, 1976, 1976, 1976, demolished, 48, 0, 73, 73.0, school 73, columbus, k, 8, 8.0, 1970, 1970, 1970, 1970, demolished","school 1, school 2, school 9, school 10, school 15, school 20, school 21, school 23, school 30, school 34, school 35, days park early childhood center, school 40, school 41, school 42, lincoln academy",-4.685,EXACT_LIKELIHOOD,127
"[('42.95', 'q, wr')]","42.95, q, wr","42.950, wr",-3.574,EXACT_LIKELIHOOD,8
"[(None,)]",none,"3,325,307",-7.487,EXACT_LIKELIHOOD,2
"[('nes',)]",nes,nes,-0.865,EXACT_LIKELIHOOD,3
"[('ghostbusters',), ('ghostbusters',), ('ghostbusters',), ('ghostbusters',), ('ghostbusters',)]","ghostbusters, ghostbusters, ghostbusters, ghostbusters, ghostbusters",ghostbusters,-5.655,EXACT_LIKELIHOOD,15
"[('2 - 0',)]",2 - 0,2,-4.214,EXACT_LIKELIHOOD,4
"[('wr/qb',)]",wr/qb,wr/qb,-0.680,EXACT_LIKELIHOOD,5
"[(1,)]",1,2,-3.206,EXACT_LIKELIHOOD,2
"[(0,)]",0,2,-5.263,EXACT_LIKELIHOOD,2
"[(174.0,)]",174,66,-7.805,EXACT_LIKELIHOOD,2
"[(72336.0,)]",72336,"72,336",-7.369,EXACT_LIKELIHOOD,4
"[('david foley',)]",david foley,"david foley, josh hansen",-3.757,EXACT_LIKELIHOOD,4
"[('shrine of the immaculate conception',), ('sacred heart basilica',), ('saint anthony of padua catholic church',), ('cathedral of christ the king',), ('our lady of the assumption catholic church',), ('saint paul of the cross catholic church',)]","shrine of the immaculate conception, sacred heart basilica, saint anthony of padua catholic church, cathedral of christ the king, our lady of the assumption catholic church, saint paul of the cross catholic church","shrine of the immaculate conception, sacred heart basilica, saint anthony of padua catholic church, cathedral of christ the king, saint thomas more catholic church, our lady of the assumption catholic church, saint paul of the cross catholic church, immaculate heart of mary catholic church, catholic church of the holy cross, holy spirit catholic church, christ our hope catholic church",-0.617,EXACT_LIKELIHOOD,48
"[('1984', None)]","1984, none","1984,??",-5.135,EXACT_LIKELIHOOD,4
"[('at #25 pittsburgh',)]",at #25 pittsburgh,pittsburgh,-1.351,EXACT_LIKELIHOOD,7
"[('daniel willemsen', 50.0, 31.0, 13.0, 1.0), ('etienne bax', 47.0, 23.0, 14.0, 1.0), ('kristers sergis', 66.0, 12.0, 34.0, 4.0), ('maris rupeiks', 50.0, 2.0, 8.0, 2.0), ('modris stelle', 22.0, 0, 0, 0), ('nicky pulinx', 25.0, 0, 0, 0), ('overall 2001 - 2013', 250.0, 68.0, 69.0, 8.0)]","daniel willemsen, 50.0, 31.0, 13.0, 1.0, etienne bax, 47.0, 23.0, 14.0, 1.0, kristers sergis, 66.0, 12.0, 34.0, 4.0, maris rupeiks, 50.0, 2.0, 8.0, 2.0, modris stelle, 22.0, 0, 0, 0, nicky pulinx, 25.0, 0, 0, 0, overall 2001 - 2013, 250.0, 68.0, 69.0, 8.0","modris stelle, etienne bax",-3.390,EXACT_LIKELIHOOD,127
"[('argentina', 1, None), ('australia', 1, 'q'), ('chile', 1, None), ('colombia', 1, None), ('denmark', 1, None), ('france', 1, 'q'), ('germany', 1, None), ('great britain', 1, None), ('italy', 1, 'q'), ('lithuania', 1, None), ('netherlands', 1, None), ('new zealand', 1, 'q'), ('russia', 1, 'q'), ('south korea', 1, None), ('spain', 1, 'q'), ('ukraine', 1, 'q'), ('united states', 1, 'q')]","argentina, 1, none, australia, 1, q, chile, 1, none, colombia, 1, none, denmark, 1, none, france, 1, q, germany, 1, none, great britain, 1, none, italy, 1, q, lithuania, 1, none, netherlands, 1, none, new zealand, 1, q, russia, 1, q, south korea, 1, none, spain, 1, q, ukraine, 1, q, united states, 1, q",17,-3.166,EXACT_LIKELIHOOD,127
"[('1961',), ('1967',), ('1970',)]","1961, 1967, 1970","1961, 1962, 1967, 1970, 1971, 1974, 1982",-2.763,EXACT_LIKELIHOOD,6
"[(1,)]",1,2,-3.077,EXACT_LIKELIHOOD,2
"[(6,)]",6,8,-2.049,EXACT_LIKELIHOOD,2
"[(242.0,), (136.0,), (107.0,), (34.0,)]","242.0, 136.0, 107.0, 34.0",555,-5.040,EXACT_LIKELIHOOD,16
"[(36.0,)]",36,6,-2.049,EXACT_LIKELIHOOD,2
"[(9.45,)]",9.45,55 °c,-8.927,EXACT_LIKELIHOOD,4
"[(5.0,)]",5,5.0,-1.020,EXACT_LIKELIHOOD,2
"[('11-12',)]",11-12,11-12,-1.839,EXACT_LIKELIHOOD,4
"[(None,)]",none,3,-7.580,EXACT_LIKELIHOOD,2
"[('calenture',)]",calenture,calenture,-3.083,EXACT_LIKELIHOOD,3
"[('kacey bellamy',)]",kacey bellamy,kacey bellamy,-2.394,EXACT_LIKELIHOOD,5
"[('37°3′51′′n 96°1′5′′w\ufeff / \ufeff37.06417°n 96.01806°w',)]",37°3′51′′n 96°1′5′′w﻿ / ﻿37.06417°n 96.01806°w,37 °3′51″n 96 °18′31″w,-4.035,EXACT_LIKELIHOOD,37
"[('radioactive records/mca',)]",radioactive records/mca,radioactive records/mca,-0.121,EXACT_LIKELIHOOD,6
"[('blokshok records',)]",blokshok records,blokshok records,-3.342,EXACT_LIKELIHOOD,6
"[('south korea',), ('chinese taipei',), ('spain',), ('mexico',), ('australia',), ('croatia',), ('united states',), ('total',)]","south korea, chinese taipei, spain, mexico, australia, croatia, united states, total","chinese taipei, spain",-2.147,EXACT_LIKELIHOOD,30
"[('south korea',)]",south korea,south korea,-2.052,EXACT_LIKELIHOOD,4
"[(None,)]",none,38.499,-7.001,EXACT_LIKELIHOOD,2
"[(8022079.0,)]",8022079,"4,024,686",-8.983,EXACT_LIKELIHOOD,4
"[('1,276,265', '9')]","1,276,265, 9","1,276,265",-3.390,EXACT_LIKELIHOOD,8
"[('united states', 'michigan tech huskies (wcha)')]","united states, michigan tech huskies (wcha)","united states, michigan tech huskies (wcha)",-0.652,EXACT_LIKELIHOOD,14
"[('canada', ""ottawa 67's (oha)"")]","canada, ottawa 67's (oha)","canada, ottawa 67's (oha)",-0.918,EXACT_LIKELIHOOD,12
"[('canada',)]",canada,canada,-3.122,EXACT_LIKELIHOOD,3
"[('4-0', 'bangkok, thailand')]","4-0, bangkok, thailand","4-0, bangkok, thailand",-1.065,EXACT_LIKELIHOOD,10
"[('6-1',)]",6-1,win,-2.943,EXACT_LIKELIHOOD,4
"[(61443.0,)]",61443,"61,443",-6.400,EXACT_LIKELIHOOD,4
"[(67702.0,)]",67702,"67,702",-3.185,EXACT_LIKELIHOOD,3
"[(92746.0,), (92746.0,), (92746.0,), (92746.0,), (92746.0,)]","92746.0, 92746.0, 92746.0, 92746.0, 92746.0","92,746",-5.520,EXACT_LIKELIHOOD,30
"[('1995-04-30',)]",1995-04-30,"apr 30, 1995",-7.426,EXACT_LIKELIHOOD,6
"[(27.0,)]",27,2,-6.733,EXACT_LIKELIHOOD,2
"[('tikka',), ('tikka -88',)]","tikka, tikka -88",tikka -88,-1.976,EXACT_LIKELIHOOD,10
"[('tikka',)]",tikka,tikka -88,-1.889,EXACT_LIKELIHOOD,4
"[('4-1',), ('4-2',)]","4-1, 4-2",4-1,-2.835,EXACT_LIKELIHOOD,8
"[(242557.0,), (271251.0,), (459640.0,), (445781.0,), (464512.0,)]","242557.0, 271251.0, 459640.0, 445781.0, 464512.0","459,640",-6.136,EXACT_LIKELIHOOD,29
"[('17007',), ('15296',), ('19040',), ('17007',), ('5141',), ('17007',), ('17007',), ('17007',), ('17007',), ('15570',), ('14343',), ('10776',), ('15003',), ('17007',)]","17007, 15296, 19040, 17007, 5141, 17007, 17007, 17007, 17007, 15570, 14343, 10776, 15003, 17007","17,007",-5.734,EXACT_LIKELIHOOD,42
"[('bayliss', 0.2536), ('burnett', 0.2722), ('center', 0.0878), ('clark', 15.6549), ('convenience', 0.244), ('dover', 0.942), ('freeman', 0.0), ('galla', 4.7682), ('griffin', 0.2865), ('gum log', 0.0368), ('illinois', 17.0996), ('jackson', 0.1308), ('liberty', 0.0073), ('martin', 1.0181), ('moreland', 0.1769), ('phoenix', 0.0), ('smyrna', 0.0565), ('valley', 0.0373), ('wilson', 7.849)]","bayliss, 0.2536, burnett, 0.2722, center, 0.0878, clark, 15.6549, convenience, 0.244, dover, 0.942, freeman, 0.0, galla, 4.7682, griffin, 0.2865, gum log, 0.0368, illinois, 17.0996, jackson, 0.1308, liberty, 0.0073, martin, 1.0181, moreland, 0.1769, phoenix, 0.0, smyrna, 0.0565, valley, 0.0373, wilson, 7.849","freeman, phoenix",-2.550,EXACT_LIKELIHOOD,127
"[('burnett',), ('clark',), ('dover',), ('galla',), ('griffin',), ('illinois',), ('martin',), ('wilson',)]","burnett, clark, dover, galla, griffin, illinois, martin, wilson",,-2.604,EXACT_LIKELIHOOD,24
"[(0.0,)]",0,illinois,-5.405,EXACT_LIKELIHOOD,2
"[('us 20/us 26 towards boise, id',), ('former us 30 in ontario',), ('us 30 in fruitland, id',), ('i-84/us 30 in fairview',), ('weiser, id',), ('towards parma, id',), ('weiser, id',), ('us 730 towards walla walla, wa',), ('us 95 towards homedale, id',), ('i-82/us 395 towards tri-cities, wa',), ('us 97 towards yakima, wa',), ('vancouver, wa',), ('or 99/or 99w in portland',), ('or 99/or 99e in portland',), ('i-5/or 99 in grants pass',), ('us 101 towards aberdeen, wa',), ('or 10 in portland',), ('wa 129 towards clarkston, wa',), ('us 26 west of north plains',), ('i-84 in baker',), ('us 26 east of beaverton',), ('us 26 in portland',), ('wa 125 towards walla walla, wa',), ('or 18 west of willamina',), ('us 730 at cold springs',), ('or 99w north of dayton',), ('i-84/us 30 in arlington',), ('us 20 west of suttle lake',), ('us 30 in the dalles',), ('or 99e in albany',), ('us 26 in prineville',), ('us 97 south of la pine',), ('us 30 near stanfield',), ('us 20 in lebanon',), ('i-84/us 30 west of hood river',), ('or 99w near junction city',), ('or 99 in drain',), ('us 97 in klamath falls',), ('i-5/or 99 south of roseburg',), ('us 26 in portland',), ('oregon caves',), ('us 30 in clatskanie',), ('us 97 in madras',), ('or 22 west of salem',), ('sh-52 in payette, id',), ('us 197 near maupin',), ('us 26 at necanicum',), ('us 28 in vale',), ('us 97 north of chemult',), ('us 97 south of chiloquin',), ('us 97 south of klamath falls',), ('bonanza',), ('us 395 at nye',), ('us 95 at burns junction',), ('joseph',), ('near hells canyon, id',), ('sh-52 in payette, id',), ('i-84/us 30 south of huntington',), ('or 47 at mist',), ('i-84/us 30 south of la grande',), ('or 82 in elgin',), ('or 78 east of burns',), ('or 74 in heppner',), ('us 730 west of cold springs',), ('or 10 in beaverton',), ('or 58 at crescent lake junction',), ('or 10 west of hillsdale',), ('us 26 in sandy',), ('us 26 west of sandy',), ('portland international airport',), ('or 22 west of shaw',), ('or 99e in oregon city',), ('us 97 in grass valley',), ('us 26 at cedar hills',), ('or 19 in fossil',), ('or 8 in hillsboro',), ('or 7 at salisbury',), ('or 18 northeast of dayton',), ('us 20/or 126 west of suttle lake',), ('or 22 west of rickreall',), ('near ripplebrook',), ('or 38 at elkton',), ('or 22 at mehama',), ('south of tiller',), ('us 20 in sweet home',), ('us 101 at kernville',), ('or 138 near diamond lake',), ('us 97',), ('or 99w northeast of dayton',), ('or 62 north of eagle point',), ('us 97 in klamath falls',), ('or 82 in island city',), ('or 99 in medford',), ('or 99w in newberg',)]","us 20/us 26 towards boise, id, former us 30 in ontario, us 30 in fruitland, id, i-84/us 30 in fairview, weiser, id, towards parma, id, weiser, id, us 730 towards walla walla, wa, us 95 towards homedale, id, i-82/us 395 towards tri-cities, wa, us 97 towards yakima, wa, vancouver, wa, or 99/or 99w in portland, or 99/or 99e in portland, i-5/or 99 in grants pass, us 101 towards aberdeen, wa, or 10 in portland, wa 129 towards clarkston, wa, us 26 west of north plains, i-84 in baker, us 26 east of beaverton, us 26 in portland, wa 125 towards walla walla, wa, or 18 west of willamina, us 730 at cold springs, or 99w north of dayton, i-84/us 30 in arlington, us 20 west of suttle lake, us 30 in the dalles, or 99e in albany, us 26 in prineville, us 97 south of la pine, us 30 near stanfield, us 20 in lebanon, i-84/us 30 west of hood river, or 99w near junction city, or 99 in drain, us 97 in klamath falls, i-5/or 99 south of roseburg, us 26 in portland, oregon caves, us 30 in clatskanie, us 97 in madras, or 22 west of salem, sh-52 in payette, id, us 197 near maupin, us 26 at necanicum, us 28 in vale, us 97 north of chemult, us 97 south of chiloquin, us 97 south of klamath falls, bonanza, us 395 at nye, us 95 at burns junction, joseph, near hells canyon, id, sh-52 in payette, id, i-84/us 30 south of huntington, or 47 at mist, i-84/us 30 south of la grande, or 82 in elgin, or 78 east of burns, or 74 in heppner, us 730 west of cold springs, or 10 in beaverton, or 58 at crescent lake junction, or 10 west of hillsdale, us 26 in sandy, us 26 west of sandy, portland international airport, or 22 west of shaw, or 99e in oregon city, us 97 in grass valley, us 26 at cedar hills, or 19 in fossil, or 8 in hillsboro, or 7 at salisbury, or 18 northeast of dayton, us 20/or 126 west of suttle lake, or 22 west of rickreall, near ripplebrook, or 38 at elkton, or 22 at mehama, south of tiller, us 20 in sweet home, us 101 at kernville, or 138 near diamond lake, us 97, or 99w northeast of dayton, or 62 north of eagle point, us 97 in klamath falls, or 82 in island city, or 99 in medford, or 99w in newberg","weiser, id",-1.928,EXACT_LIKELIHOOD,127
"[(1935,)]",1935,1932,-7.286,EXACT_LIKELIHOOD,2
"[('jimmy arias',)]",jimmy arias,jimmy arias,-2.896,EXACT_LIKELIHOOD,7
"[('panama city',), ('panama city',), ('panama city',), ('panama city',), ('panama city',), ('panama city',)]","panama city, panama city, panama city, panama city, panama city, panama city",panama city,-2.103,EXACT_LIKELIHOOD,24
"[(1.75,)]",1.75,1.75 mts,-4.308,EXACT_LIKELIHOOD,4
"[('townsquare media bismarck license, llc',)]","townsquare media bismarck license, llc","townsquare media bismarck license, llc",-1.723,EXACT_LIKELIHOOD,13
"[('james lee goddard, m.d', '7/1966', 'lyndon b. johnson')]","james lee goddard, m.d, 7/1966, lyndon b. johnson",lyndon b. johnson,-2.826,EXACT_LIKELIHOOD,23
"[('borth', 'nikolaus\npater gottfried', None)]","borth, nikolaus
pater gottfried, none",,-6.023,EXACT_LIKELIHOOD,16
"[('4', 'venezuela'), ('5', 'canada'), ('6', 'colombia'), ('7', 'argentina'), ('8', 'el salvador')]","4, venezuela, 5, canada, 6, colombia, 7, argentina, 8, el salvador",8,-1.208,EXACT_LIKELIHOOD,29
"[('edward parenti', 'canada'), ('diego cuenca', 'colombia'), ('jose meolans', 'argentina'), ('ruben calderon', 'el salvador')]","edward parenti, canada, diego cuenca, colombia, jose meolans, argentina, ruben calderon, el salvador","ruben calderon, el salvador",-1.604,EXACT_LIKELIHOOD,38
"[('8', 'el salvador')]","8, el salvador","8, el salvador",-0.931,EXACT_LIKELIHOOD,6
"[('francisco sanchez', 'venezuela'), ('edward parenti', 'canada'), ('diego cuenca', 'colombia'), ('jose meolans', 'argentina'), ('ruben calderon', 'el salvador')]","francisco sanchez, venezuela, edward parenti, canada, diego cuenca, colombia, jose meolans, argentina, ruben calderon, el salvador","mark henderson, brazil, brian alderman, venezuela",-2.156,EXACT_LIKELIHOOD,47
"[('ruben calderon',)]",ruben calderon,ruben calderon,-0.962,EXACT_LIKELIHOOD,6
"[(1, 'united states')]","1, united states","rank, united states",-1.547,EXACT_LIKELIHOOD,5
"[('francisco sanchez', 'venezuela'), ('edward parenti', 'canada'), ('diego cuenca', 'colombia'), ('jose meolans', 'argentina'), ('ruben calderon', 'el salvador')]","francisco sanchez, venezuela, edward parenti, canada, diego cuenca, colombia, jose meolans, argentina, ruben calderon, el salvador",8,-2.246,EXACT_LIKELIHOOD,47
"[('francisco sanchez', 'venezuela'), ('edward parenti', 'canada'), ('diego cuenca', 'colombia'), ('jose meolans', 'argentina'), ('ruben calderon', 'el salvador')]","francisco sanchez, venezuela, edward parenti, canada, diego cuenca, colombia, jose meolans, argentina, ruben calderon, el salvador",8,-2.188,EXACT_LIKELIHOOD,47
"[('4', 'venezuela'), ('5', 'canada'), ('6', 'colombia'), ('7', 'argentina'), ('8', 'el salvador')]","4, venezuela, 5, canada, 6, colombia, 7, argentina, 8, el salvador",8,-1.111,EXACT_LIKELIHOOD,29
"[('3-6, 6-7(6-8)',)]","3-6, 6-7(6-8)","3-6, 6-7 (6-8)",-1.041,EXACT_LIKELIHOOD,13
"[(1,)]",1,1,-0.485,EXACT_LIKELIHOOD,2
"[(None,)]",none,1,-8.526,EXACT_LIKELIHOOD,2
"[(None,)]",none,1,-8.526,EXACT_LIKELIHOOD,2
"[(None,)]",none,1,-8.397,EXACT_LIKELIHOOD,2
"[(None,)]",none,2,-9.031,EXACT_LIKELIHOOD,2
"[('a.s. junior pallacanestro casale', 1), ('andrea costa imola', 1), ('aurora basket jesi', 1), ('basket barcellona', 1), ('basket brescia leonessa', 1), ('basket club ferrara', 1), ('basket draghi castelletto ticino', 1), ('basket livorno', 1), ('basket rimini crabs', 1), ('basket trapani', 1), ('biancoblu basket bologna', 1), ('celana basket bergamo', 1), ('centro sportivo borgomanero', 1), ('cestistica san severo', 1), ('dinamo basket sassari', 1), ('fabriano basket', 1), ('fulgor libertas forli', 1), ('gruppo triboldi basket soresina', 1), ('juve caserta basket', 1), ('new basket brindisi', 1), ('novara', 1), ('nuova pallacanestro pavia', 1), ('nuova pallacanestro vigevano', 1), ('nuova sebastiani rieti', 1), ('orlandina basket', 1), ('ostuni basket', 1), ('pallac. reggiana reggio emilia', 1), ('pallacanestro messina', 1), ('pallacanestro roseto', 1), (""pallacanestro sant'antimo"", 1), ('pallacanestro varese', 1), ('pallalcesto amatori udine', 1), ('pistoia basket 2000', 1), ('progresso castelmaggiore', 1), ('rb montecatini terme', 1), ('reyer venezia', 1), ('robur basket osimo', 1), ('scafati basket', 1), ('scaligera basket verona', 1), ('societa sportiva basket napoli', 1), ('societa veroli basket', 1), ('sutor basket montegranaro', 1), ('teramo basket', 1), ('unione cestistica casalpusterlengo', 1), ('unione cestistica piacentina piacenza', 1), ('victoria libertas pesaro', 1), ('viola reggio calabria', 1), ('virtus pallacanestro bologna', 1), ('virtus ragusa', 1)]","a.s. junior pallacanestro casale, 1, andrea costa imola, 1, aurora basket jesi, 1, basket barcellona, 1, basket brescia leonessa, 1, basket club ferrara, 1, basket draghi castelletto ticino, 1, basket livorno, 1, basket rimini crabs, 1, basket trapani, 1, biancoblu basket bologna, 1, celana basket bergamo, 1, centro sportivo borgomanero, 1, cestistica san severo, 1, dinamo basket sassari, 1, fabriano basket, 1, fulgor libertas forli, 1, gruppo triboldi basket soresina, 1, juve caserta basket, 1, new basket brindisi, 1, novara, 1, nuova pallacanestro pavia, 1, nuova pallacanestro vigevano, 1, nuova sebastiani rieti, 1, orlandina basket, 1, ostuni basket, 1, pallac. reggiana reggio emilia, 1, pallacanestro messina, 1, pallacanestro roseto, 1, pallacanestro sant'antimo, 1, pallacanestro varese, 1, pallalcesto amatori udine, 1, pistoia basket 2000, 1, progresso castelmaggiore, 1, rb montecatini terme, 1, reyer venezia, 1, robur basket osimo, 1, scafati basket, 1, scaligera basket verona, 1, societa sportiva basket napoli, 1, societa veroli basket, 1, sutor basket montegranaro, 1, teramo basket, 1, unione cestistica casalpusterlengo, 1, unione cestistica piacentina piacenza, 1, victoria libertas pesaro, 1, viola reggio calabria, 1, virtus pallacanestro bologna, 1, virtus ragusa, 1",49,-2.365,EXACT_LIKELIHOOD,127
"[(0,)]",0,1,-5.444,EXACT_LIKELIHOOD,2
"[(0,)]",0,48,-9.991,EXACT_LIKELIHOOD,2
"[(1955, 1), (1968, 1), (1970, 1), (1978, 1), (1979, 1), (1980, 3), (1981, 1), (1982, 1), (1983, 1), (1986, 1), (1987, 1), (1989, 1), (1990, 1), (1993, 2), (1995, 1), (1996, 1), (1998, 2), (1999, 2), (2002, 1), (2003, 1), (2004, 1), (2005, 1), (2011, 1), (2013, 1), (2014, 1)]","1955, 1, 1968, 1, 1970, 1, 1978, 1, 1979, 1, 1980, 3, 1981, 1, 1982, 1, 1983, 1, 1986, 1, 1987, 1, 1989, 1, 1990, 1, 1993, 2, 1995, 1, 1996, 1, 1998, 2, 1999, 2, 2002, 1, 2003, 1, 2004, 1, 2005, 1, 2011, 1, 2013, 1, 2014, 1",24,-2.834,EXACT_LIKELIHOOD,100
"[(0,)]",0,5,-6.989,EXACT_LIKELIHOOD,2
"[(6,)]",6,1,-3.670,EXACT_LIKELIHOOD,2
"[(2,)]",2,4,-2.019,EXACT_LIKELIHOOD,2
"[(7,)]",7,3,-6.283,EXACT_LIKELIHOOD,2
"[(200.0,)]",200,200,-0.942,EXACT_LIKELIHOOD,2
"[(None,)]",none,"4,420",-8.138,EXACT_LIKELIHOOD,2
"[(5,)]",5,3,-2.353,EXACT_LIKELIHOOD,2
"[(79390.0,)]",79390,49223,-6.599,EXACT_LIKELIHOOD,3
"[('agp 2x, pci',), ('pci',), ('agp 2x, pci',), ('agp 2x, pci',), ('agp 2x, pci',)]","agp 2x, pci, pci, agp 2x, pci, agp 2x, pci, agp 2x, pci",pci,-2.222,EXACT_LIKELIHOOD,30
"[('mentor',)]",mentor,bowling green,-8.245,EXACT_LIKELIHOOD,2
"[('2007',)]",2007,2007,-0.398,EXACT_LIKELIHOOD,2
"[(3,)]",3,3,-0.352,EXACT_LIKELIHOOD,2
"[('robert smith',), ('robert smith',), ('tony fisher',)]","robert smith, robert smith, tony fisher","robert smith, tony fisher",-2.068,EXACT_LIKELIHOOD,14
"[(1997,)]",1997,1990,-6.847,EXACT_LIKELIHOOD,2
"[('san jose, california, united states',), ('san jose, california, united states',), ('san jose, california, united states',), ('san jose, california, united states',), ('san jose, california, united states',)]","san jose, california, united states, san jose, california, united states, san jose, california, united states, san jose, california, united states, san jose, california, united states","san jose, california, united states",-1.816,EXACT_LIKELIHOOD,55
"[('oahu, hawaii, united states',), ('oahu, hawaii, united states',), ('oahu, hawaii, united states',), ('oahu, hawaii, united states',), ('oahu, hawaii, united states',)]","oahu, hawaii, united states, oahu, hawaii, united states, oahu, hawaii, united states, oahu, hawaii, united states, oahu, hawaii, united states","oahu, hawaii, united states",-2.934,EXACT_LIKELIHOOD,45
"[(0.64,)]",0.64,0.64,-2.113,EXACT_LIKELIHOOD,4
"[('finland',), ('ukraine',)]","finland, ukraine",finland,-3.591,EXACT_LIKELIHOOD,7
"[(11.3,)]",11.3,11.3 million,-2.086,EXACT_LIKELIHOOD,4
"[('eagles',), ('vikings',)]","eagles, vikings",eagles,-2.764,EXACT_LIKELIHOOD,7
"[(0,)]",0,5,-7.565,EXACT_LIKELIHOOD,2
"[(4,)]",4,3,-4.491,EXACT_LIKELIHOOD,2
"[(4,)]",4,2,-4.842,EXACT_LIKELIHOOD,2
"[(3,)]",3,4,-3.901,EXACT_LIKELIHOOD,2
"[('2ne1', 3), ('big bang', 6), ('gummy', 1), ('seungri', 1), ('tablo', 2)]","2ne1, 3, big bang, 6, gummy, 1, seungri, 1, tablo, 2",6,-3.257,EXACT_LIKELIHOOD,27
"[(1, 'grande fratello 1', 98.0), (2, 'grande fratello 2', 91.0), (3, 'grande fratello 3', 98.0), (4, 'grande fratello 4', 105.0), (5, 'grande fratello 5', 70.0), (6, 'grande fratello 6', 98.0), (7, 'grande fratello 7', 91.0), (8, 'grande fratello 8', 91.0), (9, 'grande fratello 9', 98.0), (10, 'grande fratello 10', 133.0), (11, 'grande fratello 11', 182.0), (12, 'grande fratello 12', 160.0), (13, 'grande fratello 13', None)]","1, grande fratello 1, 98.0, 2, grande fratello 2, 91.0, 3, grande fratello 3, 98.0, 4, grande fratello 4, 105.0, 5, grande fratello 5, 70.0, 6, grande fratello 6, 98.0, 7, grande fratello 7, 91.0, 8, grande fratello 8, 91.0, 9, grande fratello 9, 98.0, 10, grande fratello 10, 133.0, 11, grande fratello 11, 182.0, 12, grande fratello 12, 160.0, 13, grande fratello 13, none",183,-2.733,EXACT_LIKELIHOOD,127
"[('grande fratello 4', 106.0, '€300,000'), ('grande fratello 10', 134.0, '€250,000'), ('grande fratello 11', 183.0, '€300,000'), ('grande fratello 12', 161.0, '€240,000')]","grande fratello 4, 106.0, €300,000, grande fratello 10, 134.0, €250,000, grande fratello 11, 183.0, €300,000, grande fratello 12, 161.0, €240,000","grande fratello 4, barbara d'urso",-2.380,EXACT_LIKELIHOOD,64
"[(1,)]",1,4,-3.970,EXACT_LIKELIHOOD,2
"[('nightingale island',)]",nightingale island,"nightingale island, inaccessible island",-3.835,EXACT_LIKELIHOOD,5
"[('arsenal', '2', '5'), ('west bromwich albion', '1', '2'), ('middlesbrough', '1', '2'), ('west ham united', '0', '2'), ('everton', '0', '2'), ('bolton wanderers', '0', '2'), ('sunderland', '0', '2'), ('rotherham united', '0', '1'), ('rochdale', '0', '1'), ('newcastle united', '0', '1'), ('southampton', '0', '1'), ('oldham athletic', '0', '1'), ('tranmere rovers', '0', '1'), ('wigan athletic', '0', '1'), ('cardiff city', '0', '1'), ('bradford city', '0', '1')]","arsenal, 2, 5, west bromwich albion, 1, 2, middlesbrough, 1, 2, west ham united, 0, 2, everton, 0, 2, bolton wanderers, 0, 2, sunderland, 0, 2, rotherham united, 0, 1, rochdale, 0, 1, newcastle united, 0, 1, southampton, 0, 1, oldham athletic, 0, 1, tranmere rovers, 0, 1, wigan athletic, 0, 1, cardiff city, 0, 1, bradford city, 0, 1","arsenal, norwich city, leicester city, manchester city, chelsea, nottingham forest, everton, bolton wanderers, sunderland, rotherham united, newcastle united, southampton, oldham athletic, tranmere rovers, wigan athletic, cardiff city, bradford city",-2.175,EXACT_LIKELIHOOD,127
"[('liverpool',), ('liverpool',), ('liverpool',), ('liverpool',), ('liverpool',), ('liverpool',), ('liverpool',), ('liverpool',), ('liverpool',), ('liverpool',), ('liverpool',), ('liverpool',), ('liverpool',), ('liverpool',), ('liverpool',), ('liverpool',), ('liverpool',), ('liverpool',), ('liverpool',), ('liverpool',), ('liverpool',), ('liverpool',), ('liverpool',), ('liverpool',), ('aston villa',), ('aston villa',), ('aston villa',), ('aston villa',), ('aston villa',), ('aston villa',), ('aston villa',), ('aston villa',), ('aston villa',), ('aston villa',), ('aston villa',), ('aston villa',), ('aston villa',), ('aston villa',), ('aston villa',), ('manchester united',), ('manchester united',), ('manchester united',), ('manchester united',), ('manchester united',), ('manchester united',), ('manchester united',), ('manchester united',), ('manchester united',), ('manchester united',), ('manchester united',), ('manchester united',), ('manchester united',), ('manchester united',), ('manchester united',), ('manchester united',), ('tottenham hotspur',), ('tottenham hotspur',), ('tottenham hotspur',), ('tottenham hotspur',), ('tottenham hotspur',), ('tottenham hotspur',), ('tottenham hotspur',), ('tottenham hotspur',), ('tottenham hotspur',), ('tottenham hotspur',), ('tottenham hotspur',), ('tottenham hotspur',), ('chelsea',), ('chelsea',), ('chelsea',), ('chelsea',), ('chelsea',), ('chelsea',), ('chelsea',), ('chelsea',), ('nottingham forest',), ('nottingham forest',), ('nottingham forest',), ('nottingham forest',), ('nottingham forest',), ('nottingham forest',), ('nottingham forest',), ('nottingham forest',), ('leicester city',), ('leicester city',), ('leicester city',), ('leicester city',), ('leicester city',), ('leicester city',), ('manchester city',), ('manchester city',), ('manchester city',), ('arsenal',), ('arsenal',), ('arsenal',), ('arsenal',), ('arsenal',), ('arsenal',), ('arsenal',), ('arsenal',), ('arsenal',), ('arsenal',), ('norwich city',), ('norwich city',), ('norwich city',), ('norwich city',), ('birmingham city',), ('birmingham city',), ('west bromwich albion',), ('west bromwich albion',), ('middlesbrough',), ('middlesbrough',), ('queens park rangers',), ('leeds united',), ('stoke city',), ('luton town',), ('sheffield wednesday',)]","liverpool, liverpool, liverpool, liverpool, liverpool, liverpool, liverpool, liverpool, liverpool, liverpool, liverpool, liverpool, liverpool, liverpool, liverpool, liverpool, liverpool, liverpool, liverpool, liverpool, liverpool, liverpool, liverpool, liverpool, aston villa, aston villa, aston villa, aston villa, aston villa, aston villa, aston villa, aston villa, aston villa, aston villa, aston villa, aston villa, aston villa, aston villa, aston villa, manchester united, manchester united, manchester united, manchester united, manchester united, manchester united, manchester united, manchester united, manchester united, manchester united, manchester united, manchester united, manchester united, manchester united, manchester united, manchester united, tottenham hotspur, tottenham hotspur, tottenham hotspur, tottenham hotspur, tottenham hotspur, tottenham hotspur, tottenham hotspur, tottenham hotspur, tottenham hotspur, tottenham hotspur, tottenham hotspur, tottenham hotspur, chelsea, chelsea, chelsea, chelsea, chelsea, chelsea, chelsea, chelsea, nottingham forest, nottingham forest, nottingham forest, nottingham forest, nottingham forest, nottingham forest, nottingham forest, nottingham forest, leicester city, leicester city, leicester city, leicester city, leicester city, leicester city, manchester city, manchester city, manchester city, arsenal, arsenal, arsenal, arsenal, arsenal, arsenal, arsenal, arsenal, arsenal, arsenal, norwich city, norwich city, norwich city, norwich city, birmingham city, birmingham city, west bromwich albion, west bromwich albion, middlesbrough, middlesbrough, queens park rangers, leeds united, stoke city, luton town, sheffield wednesday","arsenal, norwich city, birmingham city, luton town, sheffield wednesday, swindon town, oxford united, blackburn rovers, swansea city, everton, bolton wanderers, sunderland, rotherham united, rochdale, newcastle united, southampton, oldham athletic, tranmere rovers, wigan athletic, cardiff city, bradford city",-5.089,EXACT_LIKELIHOOD,127
"[('dnf',), ('2:33.79',), ('dnf',), ('1:57.17',), ('1:49.81',)]","dnf, 2:33.79, dnf, 1:57.17, 1:49.81",,-2.937,EXACT_LIKELIHOOD,26
"[(1, 'mumbai', 499997.0), (2, 'delhi', 1128663.0), (3, 'bangalore', 2987905.0), (4, 'hyderabad', 3172487.0), (5, 'ahmedabad', 2050500.0), (6, 'chennai', 337442.0), (7, 'kolkata', -86197.0), (8, 'surat', 2028167.0), (9, 'pune', 576958.0), (10, 'jaipur', 750775.0), (11, 'lucknow', 629674.0), (12, 'kanpur', 215694.0), (13, 'nagpur', 353355.0), (14, 'indore', 485663.0), (15, 'thane', 556321.0), (16, 'bhopal', 358294.0), (17, 'visakhapatnam', 747416.0), (18, 'pimpri-chinchwad', 716887.0), (19, 'patna', 316756.0), (20, 'vadodara', 360476.0), (21, 'ghaziabad', 667812.0), (22, 'ludhiana', 215411.0), (23, 'agra', 299408.0), (24, 'nashik', 409737.0), (25, 'faridabad', 348715.0), (26, 'meerut', 240251.0), (27, 'rajkot', 319519.0), (28, 'kalyan-dombivali', 52869.0), (29, 'vasai-virar', None), (30, 'varanasi', 109897.0), (31, 'srinagar', 294352.0), (32, 'aurangabad', 298019.0), (33, 'dhanbad', 1062303.0), (34, 'amritsar', 165899.0), (35, 'navi mumbai', 415475.0), (36, 'allahabad', 141701.0), (37, 'ranchi', 226347.0), (38, 'howrah', 64629.0), (39, 'coimbatore', 130565.0), (40, 'jabalpur', 121852.0), (41, 'gwalior', 226479.0), (42, 'vijayawada', 196958.0), (43, 'jodhpur', 182867.0), (44, 'madurai', 88016.0), (45, 'raipur', 404340.0), (46, 'kota', 307049.0), (47, 'guwahati', 153534.0), (48, 'chandigarh', 152272.0), (49, 'solapur', 78640.0), (50, 'hubballi-dharwad', 157662.0), (51, 'bareilly', 179772.0), (52, 'moradabad', 248227.0), (53, 'mysore', 132067.0), (54, 'gurgaon', 703282.0), (55, 'aligarh', 203488.0), (56, 'jalandhar', 156153.0), (57, 'tiruchirappalli', 94849.0), (58, 'bhubaneswar', 189705.0), (59, 'salem', 134278.0), (60, 'mira-bhayandar', 294267.0), (61, 'trivandrum (thiruvananthapuram)', 7507.0), (62, 'bhiwandi', 112588.0), (63, 'saharanpur', 247591.0), (64, 'gorakhpur', 48347.0), (65, 'guntur', 136921.0), (66, 'bikaner', 118114.0), (67, 'amravati', 97291.0), (68, 'noida', 337323.0), (69, 'jamshedpur', 56563.0), (70, 'bhilai', 69331.0), (71, 'warangal', 89480.0), (72, 'mangalore', 220099.0), (73, 'cuttack', 71353.0), (74, 'firozabad', 324695.0), (75, 'kochi (cochin)', 5101.0), (76, 'bhavnagar', 82683.0), (77, 'dehradun', 151746.0), (78, 'durgapur', 73532.0), (79, 'asansol', 89052.0), (80, 'nanded', 119831.0), (81, 'kolhapur', 56116.0), (82, 'ajmer', 57005.0), (83, 'gulbarga', 109462.0), (84, 'jamnagar', 85790.0), (85, 'ujjain', 84788.0), (86, 'loni', 391351.0), (87, 'siliguri', 37335.0), (88, 'jhansi', 123649.0), (89, 'ulhasnagar', 33206.0), (90, 'nellore', 126830.0), (91, 'jammu', 133731.0), (92, 'sangli-miraj & kupwad', 65916.0), (93, 'belgaum', 88639.0), (94, 'ambattur', 167167.0), (95, 'tirunelveli', 63007.0), (96, 'malegaon', 61603.0), (97, 'gaya', 78022.0), (98, 'jalgaon', 91850.0), (99, 'udaipur', 62297.0), (100, 'maheshtala', 64157.0), (101, 'tirupur', 100000.0), (102, 'davanagere', 70605.0), (103, 'kozhikode (calicut)', -4459.0), (104, 'akola', 26626.0), (105, 'kurnool', 155798.0), (106, 'rajpur sonarpur', 87099.0), (107, 'bokaro', 20129.0), (108, 'south dumdum', 18080.0), (109, 'bellary', 92878.0), (110, 'patiala', 102013.0), (111, 'gopalpur', 133180.0), (112, 'agartala', 127877.0), (113, 'bhagalpur', 57371.0), (114, 'muzaffarnagar', 75722.0), (115, 'bhatpara', -51918.0), (116, 'panihati', 35084.0), (117, 'latur', 82769.0), (118, 'dhule', 34338.0), (119, 'rohtak', 86326.0), (120, 'korba', 47520.0), (121, 'bhilwara', 79881.0), (122, 'brahmapur', 48031.0), (123, 'muzaffarpur', 46313.0), (124, 'ahmednagar', 43290.0), (125, 'mathura', 46566.0), (126, 'kollam (quilon)', -12527.0), (127, 'avadi', 115298.0), (128, 'rajahmundry', 28652.0), (129, 'kadapa', 216098.0), (130, 'kamarhati', 22072.0), (131, 'bilaspur', 55189.0), (132, 'shahjahanpur', 31313.0), (133, 'bijapur', 98185.0), (134, 'rampur', 43754.0), (135, 'shivamogga (shimoga)', 48076.0), (136, 'chandrapur', 31586.0), (137, 'junagadh', 151564.0), (138, 'thrissur', -1930.0), (139, 'alwar', 54717.0), (140, 'bardhaman', 29036.0), (141, 'kulti', 24074.0), (142, 'kakinada', 15926.0), (143, 'nizamabad', 21745.0), (144, 'parbhani', 47862.0), (145, 'tumkur', 56892.0), (146, 'hisar', 44560.0), (147, 'ozhukarai', 82321.0), (148, 'bihar sharif', 64818.0), (149, 'panipat', 32410.0), (150, 'darbhanga', 26768.0), (151, 'bally', 31066.0), (152, 'aizawl', 63542.0), (153, 'dewas', 57766.0), (154, 'ichalkaranji', 29960.0), (155, 'tirupati', 58833.0), (156, 'karnal', 76498.0), (157, 'bathinda', 68557.0), (158, 'jalna', 49554.0), (159, 'barasat', 51928.0), (160, 'kirari suleman nagar', 128724.0), (161, 'purnia', 108860.0), (162, 'satna', 54784.0), (163, 'mau', 66403.0), (164, 'sonipat', 62079.0), (165, 'farrukhabad', 47417.0), (166, 'sagar', 41224.0), (167, 'rourkela', 48616.0), (168, 'durg', 36162.0), (169, 'imphal', 43494.0), (170, 'ratlam', 42608.0), (171, 'hapur', 50818.0), (172, 'anantapur', 43532.0), (173, 'arrah', 57719.0), (174, 'karimnagar', 55246.0), (175, 'etawah', 46337.0), (176, 'ambernath', 50208.0), (177, 'north dumdum', 33583.0), (178, 'bharatpur', 47522.0), (179, 'begusarai', 157758.0), (180, 'new delhi', -52149.0), (181, 'gandhidham', 82317.0), (182, 'baranagar', -2302.0), (183, 'tiruvottiyur', 35778.0), (184, 'puducherry', 21024.0), (185, 'sikar', 52675.0), (186, 'thoothukudi', 21316.0), (187, 'rewa', 52148.0), (188, 'mirzapur', 28638.0), (189, 'raichur', 25035.0), (190, 'pali', 42315.0), (191, 'ramagundam', -6968.0), (192, 'vizianagaram', 53209.0), (193, 'katihar', 50813.0), (194, 'haridwar', 50225.0), (195, 'sri ganganagar', 14060.0), (196, 'karawal nagar', 76117.0), (197, 'nagercoil', 16180.0), (198, 'mango', 57911.0), (199, 'bulandshahr', 46570.0), (200, 'thanjavur', 6894.0)]","1, mumbai, 499997.0, 2, delhi, 1128663.0, 3, bangalore, 2987905.0, 4, hyderabad, 3172487.0, 5, ahmedabad, 2050500.0, 6, chennai, 337442.0, 7, kolkata, -86197.0, 8, surat, 2028167.0, 9, pune, 576958.0, 10, jaipur, 750775.0, 11, lucknow, 629674.0, 12, kanpur, 215694.0, 13, nagpur, 353355.0, 14, indore, 485663.0, 15, thane, 556321.0, 16, bhopal, 358294.0, 17, visakhapatnam, 747416.0, 18, pimpri-chinchwad, 716887.0, 19, patna, 316756.0, 20, vadodara, 360476.0, 21, ghaziabad, 667812.0, 22, ludhiana, 215411.0, 23, agra, 299408.0, 24, nashik, 409737.0, 25, faridabad, 348715.0, 26, meerut, 240251.0, 27, rajkot, 319519.0, 28, kalyan-dombivali, 52869.0, 29, vasai-virar, none, 30, varanasi, 109897.0, 31, srinagar, 294352.0, 32, aurangabad, 298019.0, 33, dhanbad, 1062303.0, 34, amritsar, 165899.0, 35, navi mumbai, 415475.0, 36, allahabad, 141701.0, 37, ranchi, 226347.0, 38, howrah, 64629.0, 39, coimbatore, 130565.0, 40, jabalpur, 121852.0, 41, gwalior, 226479.0, 42, vijayawada, 196958.0, 43, jodhpur, 182867.0, 44, madurai, 88016.0, 45, raipur, 404340.0, 46, kota, 307049.0, 47, guwahati, 153534.0, 48, chandigarh, 152272.0, 49, solapur, 78640.0, 50, hubballi-dharwad, 157662.0, 51, bareilly, 179772.0, 52, moradabad, 248227.0, 53, mysore, 132067.0, 54, gurgaon, 703282.0, 55, aligarh, 203488.0, 56, jalandhar, 156153.0, 57, tiruchirappalli, 94849.0, 58, bhubaneswar, 189705.0, 59, salem, 134278.0, 60, mira-bhayandar, 294267.0, 61, trivandrum (thiruvananthapuram), 7507.0, 62, bhiwandi, 112588.0, 63, saharanpur, 247591.0, 64, gorakhpur, 48347.0, 65, guntur, 136921.0, 66, bikaner, 118114.0, 67, amravati, 97291.0, 68, noida, 337323.0, 69, jamshedpur, 56563.0, 70, bhilai, 69331.0, 71, warangal, 89480.0, 72, mangalore, 220099.0, 73, cuttack, 71353.0, 74, firozabad, 324695.0, 75, kochi (cochin), 5101.0, 76, bhavnagar, 82683.0, 77, dehradun, 151746.0, 78, durgapur, 73532.0, 79, asansol, 89052.0, 80, nanded, 119831.0, 81, kolhapur, 56116.0, 82, ajmer, 57005.0, 83, gulbarga, 109462.0, 84, jamnagar, 85790.0, 85, ujjain, 84788.0, 86, loni, 391351.0, 87, siliguri, 37335.0, 88, jhansi, 123649.0, 89, ulhasnagar, 33206.0, 90, nellore, 126830.0, 91, jammu, 133731.0, 92, sangli-miraj & kupwad, 65916.0, 93, belgaum, 88639.0, 94, ambattur, 167167.0, 95, tirunelveli, 63007.0, 96, malegaon, 61603.0, 97, gaya, 78022.0, 98, jalgaon, 91850.0, 99, udaipur, 62297.0, 100, maheshtala, 64157.0, 101, tirupur, 100000.0, 102, davanagere, 70605.0, 103, kozhikode (calicut), -4459.0, 104, akola, 26626.0, 105, kurnool, 155798.0, 106, rajpur sonarpur, 87099.0, 107, bokaro, 20129.0, 108, south dumdum, 18080.0, 109, bellary, 92878.0, 110, patiala, 102013.0, 111, gopalpur, 133180.0, 112, agartala, 127877.0, 113, bhagalpur, 57371.0, 114, muzaffarnagar, 75722.0, 115, bhatpara, -51918.0, 116, panihati, 35084.0, 117, latur, 82769.0, 118, dhule, 34338.0, 119, rohtak, 86326.0, 120, korba, 47520.0, 121, bhilwara, 79881.0, 122, brahmapur, 48031.0, 123, muzaffarpur, 46313.0, 124, ahmednagar, 43290.0, 125, mathura, 46566.0, 126, kollam (quilon), -12527.0, 127, avadi, 115298.0, 128, rajahmundry, 28652.0, 129, kadapa, 216098.0, 130, kamarhati, 22072.0, 131, bilaspur, 55189.0, 132, shahjahanpur, 31313.0, 133, bijapur, 98185.0, 134, rampur, 43754.0, 135, shivamogga (shimoga), 48076.0, 136, chandrapur, 31586.0, 137, junagadh, 151564.0, 138, thrissur, -1930.0, 139, alwar, 54717.0, 140, bardhaman, 29036.0, 141, kulti, 24074.0, 142, kakinada, 15926.0, 143, nizamabad, 21745.0, 144, parbhani, 47862.0, 145, tumkur, 56892.0, 146, hisar, 44560.0, 147, ozhukarai, 82321.0, 148, bihar sharif, 64818.0, 149, panipat, 32410.0, 150, darbhanga, 26768.0, 151, bally, 31066.0, 152, aizawl, 63542.0, 153, dewas, 57766.0, 154, ichalkaranji, 29960.0, 155, tirupati, 58833.0, 156, karnal, 76498.0, 157, bathinda, 68557.0, 158, jalna, 49554.0, 159, barasat, 51928.0, 160, kirari suleman nagar, 128724.0, 161, purnia, 108860.0, 162, satna, 54784.0, 163, mau, 66403.0, 164, sonipat, 62079.0, 165, farrukhabad, 47417.0, 166, sagar, 41224.0, 167, rourkela, 48616.0, 168, durg, 36162.0, 169, imphal, 43494.0, 170, ratlam, 42608.0, 171, hapur, 50818.0, 172, anantapur, 43532.0, 173, arrah, 57719.0, 174, karimnagar, 55246.0, 175, etawah, 46337.0, 176, ambernath, 50208.0, 177, north dumdum, 33583.0, 178, bharatpur, 47522.0, 179, begusarai, 157758.0, 180, new delhi, -52149.0, 181, gandhidham, 82317.0, 182, baranagar, -2302.0, 183, tiruvottiyur, 35778.0, 184, puducherry, 21024.0, 185, sikar, 52675.0, 186, thoothukudi, 21316.0, 187, rewa, 52148.0, 188, mirzapur, 28638.0, 189, raichur, 25035.0, 190, pali, 42315.0, 191, ramagundam, -6968.0, 192, vizianagaram, 53209.0, 193, katihar, 50813.0, 194, haridwar, 50225.0, 195, sri ganganagar, 14060.0, 196, karawal nagar, 76117.0, 197, nagercoil, 16180.0, 198, mango, 57911.0, 199, bulandshahr, 46570.0, 200, thanjavur, 6894.0","215,725",-5.688,EXACT_LIKELIHOOD,127
"[(4, 1), (4, 2), (3, 3), (3, 4), (1, 5), (3, 6), (2, 7), (4, 8), (2, 9), (3, 10), (1, 11), (2, 12), (2, 13), (4, 14), (1, 15), (2, 16), (1, 17), (5, 18), (2, 19), (5, 20), (3, 21), (1, 22), (3, 23), (0, 24), (2, 25), (4, 26), (2, 27), (7, 28), (1, 29), (1, 30), (4, 31), (5, 32), (3, 33), (6, 34), (1, 35), (2, 36), (4, 37), (4, 38)]","4, 1, 4, 2, 3, 3, 3, 4, 1, 5, 3, 6, 2, 7, 4, 8, 2, 9, 3, 10, 1, 11, 2, 12, 2, 13, 4, 14, 1, 15, 2, 16, 1, 17, 5, 18, 2, 19, 5, 20, 3, 21, 1, 22, 3, 23, 0, 24, 2, 25, 4, 26, 2, 27, 7, 28, 1, 29, 1, 30, 4, 31, 5, 32, 3, 33, 6, 34, 1, 35, 2, 36, 4, 37, 4, 38",9,-2.849,EXACT_LIKELIHOOD,127
"[('home', 2.0)]","home, 2.0",1.75,-4.012,EXACT_LIKELIHOOD,6
"[(18983.75,)]",18983.75,"3,558",-7.357,EXACT_LIKELIHOOD,5
"[('1958', 'sea hunt', 'seminard', 1), ('1960', 'bourbon street beat', 'joe leslie', 1), ('1960', 'surfside 6', 'mr. beamish', 1), ('1961', 'the everglades', 'wikkament', 1), ('1962', 'the new breed', 'manrique', 1), ('1962', 'perry mason', 'forsette', 1), ('1962', 'perry mason', 'alexander glovatsky', 1), ('1963', 'ge true', 'charles colvin', 1), ('1965', 'voyage to the bottom of the sea', 'dr. tabor ulrich', 1), ('1965', 'bob hope presents the chrysler theatre', 'general leo chareet', 3), ('1966', 'the man from u.n.c.l.e', 'colonel hubris', 1), ('1966', 'batman', 'king tut', 8), ('1966', 'i spy', 'karafatma', 1), ('1967', 'the girl from u.n.c.l.e', 'sir cecil seabrook', 1), ('1967', 't.h.e. cat', 'general burek', 1), ('1967', 'daniel boone', 'milo quaife', 1), ('1968', 'the wild wild west', 'count mario vincenzo robespierre manzeppi', 2), ('1969', 'the flying nun', 'marko ""the magnificent"" antonio', 1), ('1969', ""here's lucy"", 'mr. vermillion', 1), ('1969', 'it takes a thief', 'mr. kent', 1), ('1970', 'get smart', 'hannibal day', 1), ('1970', ""o'hara, u.s. treasury"", 'al connors', 1), ('1973', 'mannix', 'hamilton starr', 1), ('1973', 'hawaii five-o', 'eric damien', 1), ('1973 and 1975', 'the odd couple', 'dr. clove/hugo lovelace', 2), ('1976', 'ellery queen', 'dr. friedland', 1), ('1976', 'the tony randall show', 'judge bernard gluck', 1), ('1976', 'alice', 'mr. james', 1), ('1977', 'the hardy boys/nancy drew mysteries', 'seth taylor', 1), ('1979', 'supertrain', 'misto', 1), ('1979', 'man from atlantis', 'dr. schubert', 9), ('1980', 'taxi', 'james caldwell', 1), ('1980', 'fantasy island', 'dr. albert z. fell', 1), ('1980-1981', 'vega$', '""diamond"" jim', 4), ('1981', ""here's boomer"", 'dr. frankenstein', 1)]","1958, sea hunt, seminard, 1, 1960, bourbon street beat, joe leslie, 1, 1960, surfside 6, mr. beamish, 1, 1961, the everglades, wikkament, 1, 1962, the new breed, manrique, 1, 1962, perry mason, forsette, 1, 1962, perry mason, alexander glovatsky, 1, 1963, ge true, charles colvin, 1, 1965, voyage to the bottom of the sea, dr. tabor ulrich, 1, 1965, bob hope presents the chrysler theatre, general leo chareet, 3, 1966, the man from u.n.c.l.e, colonel hubris, 1, 1966, batman, king tut, 8, 1966, i spy, karafatma, 1, 1967, the girl from u.n.c.l.e, sir cecil seabrook, 1, 1967, t.h.e. cat, general burek, 1, 1967, daniel boone, milo quaife, 1, 1968, the wild wild west, count mario vincenzo robespierre manzeppi, 2, 1969, the flying nun, marko ""the magnificent"" antonio, 1, 1969, here's lucy, mr. vermillion, 1, 1969, it takes a thief, mr. kent, 1, 1970, get smart, hannibal day, 1, 1970, o'hara, u.s. treasury, al connors, 1, 1973, mannix, hamilton starr, 1, 1973, hawaii five-o, eric damien, 1, 1973 and 1975, the odd couple, dr. clove/hugo lovelace, 2, 1976, ellery queen, dr. friedland, 1, 1976, the tony randall show, judge bernard gluck, 1, 1976, alice, mr. james, 1, 1977, the hardy boys/nancy drew mysteries, seth taylor, 1, 1979, supertrain, misto, 1, 1979, man from atlantis, dr. schubert, 9, 1980, taxi, james caldwell, 1, 1980, fantasy island, dr. albert z. fell, 1, 1980-1981, vega$, ""diamond"" jim, 4, 1981, here's boomer, dr. frankenstein, 1","sea hunt, seminard",-2.122,EXACT_LIKELIHOOD,127
"[('bourbon street beat', 1.0), ('sea hunt', 1.0), ('surfside 6', 1.0)]","bourbon street beat, 1.0, sea hunt, 1.0, surfside 6, 1.0",1,-3.639,EXACT_LIKELIHOOD,23
"[(6158.0,)]",6158,637,-4.026,EXACT_LIKELIHOOD,3
"[('2005', 'kaliya visha dhara'), ('2006', 'asathoma'), ('2006', 'theme song'), ('2007', 'theme song'), ('2008', 'yamuna sangitaam'), ('2009', 'lalitham hiranmyam'), ('2010', '5 songs'), ('2010', 'bgm'), ('2011', '5 songs'), ('2012', '3 songs')]","2005, kaliya visha dhara, 2006, asathoma, 2006, theme song, 2007, theme song, 2008, yamuna sangitaam, 2009, lalitham hiranmyam, 2010, 5 songs, 2010, bgm, 2011, 5 songs, 2012, 3 songs","2005, kaliya visha dhara",-1.542,EXACT_LIKELIHOOD,67
"[('5 songs',), ('bgm',), ('shyloo',), ('3 songs',), ('yaro ob sundari',), ('belakkilla balali',)]","5 songs, bgm, shyloo, 3 songs, yaro ob sundari, belakkilla balali",5,-1.808,EXACT_LIKELIHOOD,26
"[(1,)]",1,2,-3.919,EXACT_LIKELIHOOD,2
"[('1961',), ('1965',), ('1969',), ('1972',), ('1976',), ('1980',), ('1990',), ('1994',), ('1998',), ('2002',), ('2005',)]","1961, 1965, 1969, 1972, 1976, 1980, 1990, 1994, 1998, 2002, 2005","1949, 1953, 1957, 1961, 1965, 1969, 1972, 1976, 1983, 1987, 1990, 1994, 1998, 2002, 2005, 2009, 2013",-1.929,EXACT_LIKELIHOOD,22
"[('1998',)]",1998,1998,-0.630,EXACT_LIKELIHOOD,2
"[('42.6',)]",42.6,42.6,-2.711,EXACT_LIKELIHOOD,4
"[('1', '1974', 3442.0, 720.0, 1294.0, 75.0), ('10', '1984', 2009.0, 736.0, 1065.0, 61.0), ('11', '1985', 2970.0, 720.0, 958.0, 67.0), ('12', '1986', 3501.0, 752.0, 1015.0, 96.0), ('13', '1987', None, None, None, None), ('2', '1976', 3503.0, 720.0, 1798.0, 75.0), ('3', '1977', 3509.0, 720.0, 1726.0, 53.0), ('4', '1978', 3451.0, 720.0, 1228.0, 53.0), ('5', '1979', 3694.0, 720.0, 1326.0, 68.0), ('6', '1980', 3108.0, 720.0, 1097.0, 64.0), ('7', '1981', 3250.0, 720.0, 1436.0, 46.0), ('8', '1982', 3145.0, 720.0, 1274.0, 70.0), ('9', '1983', 3185.0, 720.0, 1046.0, 60.0), ('total', '1974-1986', 36767.0, 8688.0, 15263.0, 858.0)]","1, 1974, 3442.0, 720.0, 1294.0, 75.0, 10, 1984, 2009.0, 736.0, 1065.0, 61.0, 11, 1985, 2970.0, 720.0, 958.0, 67.0, 12, 1986, 3501.0, 752.0, 1015.0, 96.0, 13, 1987, none, none, none, none, 2, 1976, 3503.0, 720.0, 1798.0, 75.0, 3, 1977, 3509.0, 720.0, 1726.0, 53.0, 4, 1978, 3451.0, 720.0, 1228.0, 53.0, 5, 1979, 3694.0, 720.0, 1326.0, 68.0, 6, 1980, 3108.0, 720.0, 1097.0, 64.0, 7, 1981, 3250.0, 720.0, 1436.0, 46.0, 8, 1982, 3145.0, 720.0, 1274.0, 70.0, 9, 1983, 3185.0, 720.0, 1046.0, 60.0, total, 1974-1986, 36767.0, 8688.0, 15263.0, 858.0",3600,-5.771,EXACT_LIKELIHOOD,127
"[('alex zanardi', 'chip ganassi racing'), ('michael andretti', 'newman-haas racing'), ('jimmy vasser', 'chip ganassi racing'), ('bobby rahal', 'team rahal'), ('bryan herta', 'team rahal'), ('scott pruett', 'patrick racing'), ('richie hearn', 'della penna motorsports'), ('max papis', 'arciero-wells racing'), ('adrian fernandez', 'patrick racing'), ('helio castro-neves', 'bettenhausen racing'), ('greg moore', 'forsythe racing'), ('mauricio gugelmin', 'pacwest racing group'), ('robby gordon', 'arciero-wells racing'), ('paul tracy', 'team kool green'), ('arnd meier', 'davis racing'), ('christian fittipaldi', 'newman-haas racing'), ('al unser, jr', 'marlboro team penske'), ('michel jourdain jr', 'payton/coyne racing'), ('p. j. jones', 'all american racing'), ('dario franchitti', 'team kool green'), ('gualter salles', 'payton/coyne racing'), ('tony kanaan', 'tasman motorsports group'), ('andre ribeiro', 'marlboro team penske'), ('jj lehto', 'hogan racing'), ('patrick carpentier', 'forsythe racing'), ('mark blundell', 'pacwest racing group'), ('gil de ferran', 'walker racing'), ('alex barron', 'all american racing')]","alex zanardi, chip ganassi racing, michael andretti, newman-haas racing, jimmy vasser, chip ganassi racing, bobby rahal, team rahal, bryan herta, team rahal, scott pruett, patrick racing, richie hearn, della penna motorsports, max papis, arciero-wells racing, adrian fernandez, patrick racing, helio castro-neves, bettenhausen racing, greg moore, forsythe racing, mauricio gugelmin, pacwest racing group, robby gordon, arciero-wells racing, paul tracy, team kool green, arnd meier, davis racing, christian fittipaldi, newman-haas racing, al unser, jr, marlboro team penske, michel jourdain jr, payton/coyne racing, p. j. jones, all american racing, dario franchitti, team kool green, gualter salles, payton/coyne racing, tony kanaan, tasman motorsports group, andre ribeiro, marlboro team penske, jj lehto, hogan racing, patrick carpentier, forsythe racing, mark blundell, pacwest racing group, gil de ferran, walker racing, alex barron, all american racing",19,-1.989,EXACT_LIKELIHOOD,127
"[('adrian fernandez', 4.0), ('al unser, jr', None), ('alex barron', None), ('alex zanardi', 20.0), ('andre ribeiro', None), ('arnd meier', None), ('bobby rahal', 12.0), ('bryan herta', 10.0), ('christian fittipaldi', None), ('dario franchitti', 1.0), ('gil de ferran', None), ('greg moore', 2.0), ('gualter salles', None), ('helio castro-neves', 3.0), ('jimmy vasser', 14.0), ('jj lehto', None), ('mark blundell', None), ('mauricio gugelmin', 1.0), ('max papis', 5.0), ('michael andretti', 16.0), ('michel jourdain jr', None), ('p. j. jones', None), ('patrick carpentier', None), ('paul tracy', None), ('richie hearn', 6.0), ('robby gordon', None), ('scott pruett', 8.0), ('tony kanaan', None)]","adrian fernandez, 4.0, al unser, jr, none, alex barron, none, alex zanardi, 20.0, andre ribeiro, none, arnd meier, none, bobby rahal, 12.0, bryan herta, 10.0, christian fittipaldi, none, dario franchitti, 1.0, gil de ferran, none, greg moore, 2.0, gualter salles, none, helio castro-neves, 3.0, jimmy vasser, 14.0, jj lehto, none, mark blundell, none, mauricio gugelmin, 1.0, max papis, 5.0, michael andretti, 16.0, michel jourdain jr, none, p. j. jones, none, patrick carpentier, none, paul tracy, none, richie hearn, 6.0, robby gordon, none, scott pruett, 8.0, tony kanaan, none",20,-3.170,EXACT_LIKELIHOOD,127
"[('osaka, japan', 'osaka'), ('osaka, japan', 'japan')]","osaka, japan, osaka, osaka, japan, japan","osaka, japan",-3.076,EXACT_LIKELIHOOD,18
"[('1971',), ('1973',)]","1971, 1973",1971,-2.936,EXACT_LIKELIHOOD,4
"[('harvey washington wiley, m.d',)]","harvey washington wiley, m.d","harvey washington wiley, m.d.",-1.491,EXACT_LIKELIHOOD,11
"[('larry nelson',)]",larry nelson,larry nelson,-2.210,EXACT_LIKELIHOOD,5
"[('hari yang cerah',)]",hari yang cerah,hari yang cerah,-1.483,EXACT_LIKELIHOOD,7
"[(28745.0,), (40047.0,)]","28745.0, 40047.0","29,073",-8.487,EXACT_LIKELIHOOD,10
"[(249.0,)]",249,3064,-5.257,EXACT_LIKELIHOOD,2
"[('aversley wood',), ('bedford purlieus nnr',), ('brampton wood',), ('gamlingay wood',), ('hayley wood',), ('kingston wood and outliers',), ('little paxton wood',), ('monks wood nnr',), ('over and lawn woods',), ('perry woods',), (""warboy's and wistow woods"",), ('waresley wood',), ('weaveley and sand woods',), (""west abbot's and lound woods"",)]","aversley wood, bedford purlieus nnr, brampton wood, gamlingay wood, hayley wood, kingston wood and outliers, little paxton wood, monks wood nnr, over and lawn woods, perry woods, warboy's and wistow woods, waresley wood, weaveley and sand woods, west abbot's and lound woods","aversley wood, balsham wood, bedford purlieus nnr, brampton wood, out and plunder woods, over and lawn woods, perry woods, warboy's and wistow woods, waresley wood",-1.534,EXACT_LIKELIHOOD,82
"[('52°03′24′′n 0°20′33′′e\ufeff / \ufeff52.0567°n 0.3424°e\ntl607424',)]","52°03′24′′n 0°20′33′′e﻿ / ﻿52.0567°n 0.3424°e
tl607424","langley wood, 31",-4.789,EXACT_LIKELIHOOD,41
"[('biarritz olympique', 1044.0), ('stade francais', 1070.0), ('stade toulousain', 1140.0), ('usa perpignan', 1069.0), ('su agen', 1195.0), ('cs bourgoin-jallieu', 1107.0), ('castres olympique', 1244.0), ('asm clermont', 1146.0), ('ca brive', 984.0), ('rc narbonne', 1308.0), ('montpellier rc', 1233.0), ('aviron bayonnais', 1183.0), ('section paloise', 1266.0), ('rc toulonnais', 1169.0)]","biarritz olympique, 1044.0, stade francais, 1070.0, stade toulousain, 1140.0, usa perpignan, 1069.0, su agen, 1195.0, cs bourgoin-jallieu, 1107.0, castres olympique, 1244.0, asm clermont, 1146.0, ca brive, 984.0, rc narbonne, 1308.0, montpellier rc, 1233.0, aviron bayonnais, 1183.0, section paloise, 1266.0, rc toulonnais, 1169.0",780,-2.613,EXACT_LIKELIHOOD,127
"[(655.0, 540.0)]","655.0, 540.0",540,-5.121,EXACT_LIKELIHOOD,8
"[(554828.0,)]",554828,123,-7.980,EXACT_LIKELIHOOD,4
"[('vaulx-en-velin',)]",vaulx-en-velin,vaulx-en-velin,-1.144,EXACT_LIKELIHOOD,9
"[(0.7,)]",0.7,0.7%,-5.393,EXACT_LIKELIHOOD,4
"[('iso/iec 15938-3',), ('iso/iec tr 15938-8',)]","iso/iec 15938-3, iso/iec tr 15938-8",5,-1.689,EXACT_LIKELIHOOD,19
"[(None,)]",none,2003,-8.667,EXACT_LIKELIHOOD,2
"[('2005',)]",2005,2005,-1.425,EXACT_LIKELIHOOD,2
"[(None,)]",none,1854,-8.460,EXACT_LIKELIHOOD,2
"[(1982.0,), (1067.0,)]","1982.0, 1067.0",1982,-5.681,EXACT_LIKELIHOOD,9
"[('night journey\n殭屍福星', '20')]","night journey
殭屍福星, 20","night journey, 20",-1.607,EXACT_LIKELIHOOD,17
"[('20',)]",20,20,-1.578,EXACT_LIKELIHOOD,2
"[('1961 (tie)',)]",1961 (tie),1961,-2.647,EXACT_LIKELIHOOD,5
"[(19000.0,)]",19000,"19,000",-2.713,EXACT_LIKELIHOOD,3
"[('red bull arena, salzburg, austria',), ('red bull arena, salzburg, austria',), ('red bull arena, salzburg, austria',), ('red bull arena, salzburg, austria',), ('red bull arena, salzburg, austria',)]","red bull arena, salzburg, austria, red bull arena, salzburg, austria, red bull arena, salzburg, austria, red bull arena, salzburg, austria, red bull arena, salzburg, austria","red bull arena, salzburg, austria, rheinpark stadion, vaduz, liechtenstein",-2.837,EXACT_LIKELIHOOD,55
"[('the greatest story ever told',), ('the agony and the ecstasy',)]","the greatest story ever told, the agony and the ecstasy","the agony and the ecstasy, the train, the train",-2.907,EXACT_LIKELIHOOD,12
"[('""phony express""',), ('""as the tumbleweeds turn""',), ('""saddle soap opera""',)]","""phony express"", ""as the tumbleweeds turn"", ""saddle soap opera""","""phony express""",-1.698,EXACT_LIKELIHOOD,19
"[('""phony express""',), ('""as the tumbleweeds turn""',), ('""saddle soap opera""',)]","""phony express"", ""as the tumbleweeds turn"", ""saddle soap opera""","""phony express"", ""gold struck"", ""as the tumbleweeds turn""",-1.845,EXACT_LIKELIHOOD,19
"[('""the badge and the beautiful""',), ('""big beef at o.k. corral""',), ('""by hoot or by crook""',)]","""the badge and the beautiful"", ""big beef at o.k. corral"", ""by hoot or by crook""",3,-1.104,EXACT_LIKELIHOOD,28
"[('""phony express""',), ('""as the tumbleweeds turn""',), ('""saddle soap opera""',)]","""phony express"", ""as the tumbleweeds turn"", ""saddle soap opera""","""phony express"", ""gold struck"", ""as the tumbleweeds turn""",-1.959,EXACT_LIKELIHOOD,19
"[(8, 0, '8', 8.0, '""phony express""', 'gerry chiniquy', '1974', 1974), (11, 0, '11', 11.0, '""as the tumbleweeds turn""', 'gerry chiniquy', '1974', 1974), (17, 0, '17', 17.0, '""saddle soap opera""', 'gerry chiniquy', '1974', 1974)]","8, 0, 8, 8.0, ""phony express"", gerry chiniquy, 1974, 1974, 11, 0, 11, 11.0, ""as the tumbleweeds turn"", gerry chiniquy, 1974, 1974, 17, 0, 17, 17.0, ""saddle soap opera"", gerry chiniquy, 1974, 1974","""phony express"", ""gold struck"", ""as the tumbleweeds turn""",-4.569,EXACT_LIKELIHOOD,78
"[('australia', 0.0, 3.0), ('canada', 1.0, 0.0), ('china', 1.0, 1.0), ('chinese taipei', 2.0, 5.0), ('croatia', 0.0, 2.0), ('cuba', 1.0, 1.0), ('ecuador', 0.0, 1.0), ('egypt', 0.0, 0.0), ('france', 2.0, 1.0), ('germany', 1.0, 0.0), ('greece', 1.0, 1.0), ('iran', 2.0, 1.0), ('mexico', 0.0, 4.0), ('morocco', 1.0, 0.0), ('philippines', 1.0, 0.0), ('russia', 1.0, 0.0), ('saudi arabia', 0.0, 1.0), ('south korea', 1.0, 2.0), ('spain', 0.0, 4.0), ('thailand', 0.0, 1.0), ('total', 16.0, 32.0), ('turkey', 1.0, 1.0), ('united states', 0.0, 2.0), ('yugoslavia', 0.0, 1.0)]","australia, 0.0, 3.0, canada, 1.0, 0.0, china, 1.0, 1.0, chinese taipei, 2.0, 5.0, croatia, 0.0, 2.0, cuba, 1.0, 1.0, ecuador, 0.0, 1.0, egypt, 0.0, 0.0, france, 2.0, 1.0, germany, 1.0, 0.0, greece, 1.0, 1.0, iran, 2.0, 1.0, mexico, 0.0, 4.0, morocco, 1.0, 0.0, philippines, 1.0, 0.0, russia, 1.0, 0.0, saudi arabia, 0.0, 1.0, south korea, 1.0, 2.0, spain, 0.0, 4.0, thailand, 0.0, 1.0, total, 16.0, 32.0, turkey, 1.0, 1.0, united states, 0.0, 2.0, yugoslavia, 0.0, 1.0",32,-3.678,EXACT_LIKELIHOOD,127
"[('1977-03-27', 'rico perez, alicante, spain'), ('1978-10-04', 'maksimir, zagreb, yugoslavia'), ('1980-09-24', 'nepstadion, budapest, hungary'), ('1981-02-18', 'vicente calderon, madrid, spain'), ('1981-06-23', 'azteca, mexico city, mexico'), ('1981-06-28', 'olimpico, caracas, venezuela'), ('1982-06-20', 'luis casanova, valencia, spain')]","1977-03-27, rico perez, alicante, spain, 1978-10-04, maksimir, zagreb, yugoslavia, 1980-09-24, nepstadion, budapest, hungary, 1981-02-18, vicente calderon, madrid, spain, 1981-06-23, azteca, mexico city, mexico, 1981-06-28, olimpico, caracas, venezuela, 1982-06-20, luis casanova, valencia, spain","rico pérez, alicante, spain, 4 october 1978, 24 september 1980, 18 february 1981, 23 june 1981, 23 june 1981, 28 june 1981, 20 june 1982",-1.990,EXACT_LIKELIHOOD,127
"[('rico perez, alicante, spain', 'rico perez'), ('rico perez, alicante, spain', 'alicante'), ('rico perez, alicante, spain', 'spain'), ('rico perez, alicante, spain', 'rico perez, alicante'), ('rico perez, alicante, spain', 'alicante, spain'), ('maksimir, zagreb, yugoslavia', 'maksimir'), ('maksimir, zagreb, yugoslavia', 'zagreb'), ('maksimir, zagreb, yugoslavia', 'yugoslavia'), ('maksimir, zagreb, yugoslavia', 'maksimir, zagreb'), ('maksimir, zagreb, yugoslavia', 'zagreb, yugoslavia'), ('nepstadion, budapest, hungary', 'nepstadion'), ('nepstadion, budapest, hungary', 'budapest'), ('nepstadion, budapest, hungary', 'hungary'), ('nepstadion, budapest, hungary', 'nepstadion, budapest'), ('nepstadion, budapest, hungary', 'budapest, hungary'), ('vicente calderon, madrid, spain', 'vicente calderon'), ('vicente calderon, madrid, spain', 'madrid'), ('vicente calderon, madrid, spain', 'spain'), ('vicente calderon, madrid, spain', 'vicente calderon, madrid'), ('vicente calderon, madrid, spain', 'madrid, spain'), ('azteca, mexico city, mexico', 'azteca'), ('azteca, mexico city, mexico', 'mexico city'), ('azteca, mexico city, mexico', 'mexico'), ('azteca, mexico city, mexico', 'azteca, mexico city'), ('azteca, mexico city, mexico', 'mexico city, mexico')]","rico perez, alicante, spain, rico perez, rico perez, alicante, spain, alicante, rico perez, alicante, spain, spain, rico perez, alicante, spain, rico perez, alicante, rico perez, alicante, spain, alicante, spain, maksimir, zagreb, yugoslavia, maksimir, maksimir, zagreb, yugoslavia, zagreb, maksimir, zagreb, yugoslavia, yugoslavia, maksimir, zagreb, yugoslavia, maksimir, zagreb, maksimir, zagreb, yugoslavia, zagreb, yugoslavia, nepstadion, budapest, hungary, nepstadion, nepstadion, budapest, hungary, budapest, nepstadion, budapest, hungary, hungary, nepstadion, budapest, hungary, nepstadion, budapest, nepstadion, budapest, hungary, budapest, hungary, vicente calderon, madrid, spain, vicente calderon, vicente calderon, madrid, spain, madrid, vicente calderon, madrid, spain, spain, vicente calderon, madrid, spain, vicente calderon, madrid, vicente calderon, madrid, spain, madrid, spain, azteca, mexico city, mexico, azteca, azteca, mexico city, mexico, mexico city, azteca, mexico city, mexico, mexico, azteca, mexico city, mexico, azteca, mexico city, azteca, mexico city, mexico, mexico city, mexico","rico pérez, alicante, spain, vicente calderón, madrid, spain, azteca, mexico city, mexico",-3.172,EXACT_LIKELIHOOD,127
"[('hon. lucien lamoureux',), ('spiro agnew',), ('richard b. russell',), ('john william mccormack',), ('angel viera martinez',)]","hon. lucien lamoureux, spiro agnew, richard b. russell, john william mccormack, angel viera martinez","richard b. russell, john william mccormack",-2.317,EXACT_LIKELIHOOD,37
"[('1936',), ('1936',)]","1936, 1936",1936,-1.462,EXACT_LIKELIHOOD,4
"[('101.1 ft',)]",101.1 ft,101.1 feet,-3.035,EXACT_LIKELIHOOD,5
"[('race of the czech republic', 'robert huff'), ('race of uk', 'yvan muller'), ('race of germany', 'yvan muller'), ('race of spain', 'yvan muller')]","race of the czech republic, robert huff, race of uk, yvan muller, race of germany, yvan muller, race of spain, yvan muller","race of the czech republic, robert huff",-3.131,EXACT_LIKELIHOOD,43
"[('charles macon', 2), ('dan palombizio', 2), ('dave shepherd', 2), ('delray brooks', 2), ('kyle macy', 2), ('luke recker', 2), ('phil cox', 2)]","charles macon, 2, dan palombizio, 2, dave shepherd, 2, delray brooks, 2, kyle macy, 2, luke recker, 2, phil cox, 2","johnny wilson, anderson",-5.251,EXACT_LIKELIHOOD,48
"[(0,)]",0,2,-5.705,EXACT_LIKELIHOOD,2
"[(1,)]",1,1,-0.896,EXACT_LIKELIHOOD,2
"[(0,)]",0,1,-4.788,EXACT_LIKELIHOOD,2
"[(0,)]",0,2,-5.008,EXACT_LIKELIHOOD,2
"[(47.0,)]",47,47,-0.403,EXACT_LIKELIHOOD,2
"[('cordoba cf',)]",cordoba cf,cd villarrobledo,-5.766,EXACT_LIKELIHOOD,4
"[('1892',)]",1892,4 years,-6.255,EXACT_LIKELIHOOD,3
"[('brazil',)]",brazil,brazil,-3.009,EXACT_LIKELIHOOD,3
"[('6-8',)]",6-8,6-8,-1.040,EXACT_LIKELIHOOD,4
"[('16 april 1990',)]",16 april 1990,16 april 1990,-2.302,EXACT_LIKELIHOOD,5
"[('abi finley', '23', 'manchester', 'light blue', 'eliminated 6th in week 5')]","abi finley, 23, manchester, light blue, eliminated 6th in week 5",abi finley,-3.724,EXACT_LIKELIHOOD,20
"[('pge turow zgorzelec',)]",pge turow zgorzelec,trefl sopot,-4.889,EXACT_LIKELIHOOD,10
"[('castries',), ('dennery',), ('gros islet',), ('micoud',), ('vieux fort',), ('saint lucia',)]","castries, dennery, gros islet, micoud, vieux fort, saint lucia",castries,-1.110,EXACT_LIKELIHOOD,23
"[(65656.0,)]",65656,"65,656",-4.004,EXACT_LIKELIHOOD,3
"[('connie mack', '1894-1950', 57)]","connie mack, 1894-1950, 57",james bell,-8.597,EXACT_LIKELIHOOD,12
"[(28567.800000000003,)]",28567.800000000003,2606.6,-6.000,EXACT_LIKELIHOOD,7
"[('france', 'digital download'), ('germany', 'cd single'), ('germany', 'digital download'), ('united kingdom', 'digital ep'), ('united states', 'adult contemporary airplay'), ('united states', 'digital download'), ('united states', 'hot adult contemporary airplay'), ('united states', 'mainstream airplay'), ('united states', 'rhythmic airplay\nurban airplay'), ('united states', 'urban ac airplay')]","france, digital download, germany, cd single, germany, digital download, united kingdom, digital ep, united states, adult contemporary airplay, united states, digital download, united states, hot adult contemporary airplay, united states, mainstream airplay, united states, rhythmic airplay
urban airplay, united states, urban ac airplay","digital download, cd single, digital ep, adult contemporary airplay",-2.914,EXACT_LIKELIHOOD,76
"[('adult contemporary airplay', 1), ('cd single', 1), ('digital download', 2), ('digital ep', 1), ('hot adult contemporary airplay', 1), ('mainstream airplay', 1), ('rhythmic airplay\nurban airplay', 1), ('urban ac airplay', 1)]","adult contemporary airplay, 1, cd single, 1, digital download, 2, digital ep, 1, hot adult contemporary airplay, 1, mainstream airplay, 1, rhythmic airplay
urban airplay, 1, urban ac airplay, 1",3,-3.367,EXACT_LIKELIHOOD,54
"[(1913, 1), (1914, 1), (1916, 1), (1919, 1), (1920, 1), (1921, 1), (1924, 1), (1925, 1), (1930, 1), (1931, 1), (1932, 1), (1933, 1), (1936, 1), (1937, 1), (1938, 2), (1955, 1)]","1913, 1, 1914, 1, 1916, 1, 1919, 1, 1920, 1, 1921, 1, 1924, 1, 1925, 1, 1930, 1, 1931, 1, 1932, 1, 1933, 1, 1936, 1, 1937, 1, 1938, 2, 1955, 1",4,-2.940,EXACT_LIKELIHOOD,64
"[('bank director', 1), ('brown', 1), ('carpenter kristiansen', 1), ('handelsgartner johansen', 1), ('horse trainer', 1), ('jensen', 1), ('jeppe', 1), ('knut hammerdal', 1), ('lille klaus', 1), ('mayor', 1), ('morten borgen', 1), ('pastor nicolaj jacobsen', 1), ('pommel', 1), ('præsten søren quist', 1), ('shoemaker', 1), ('thomas ward', 1), ('uncle jokum', 1)]","bank director, 1, brown, 1, carpenter kristiansen, 1, handelsgartner johansen, 1, horse trainer, 1, jensen, 1, jeppe, 1, knut hammerdal, 1, lille klaus, 1, mayor, 1, morten borgen, 1, pastor nicolaj jacobsen, 1, pommel, 1, præsten søren quist, 1, shoemaker, 1, thomas ward, 1, uncle jokum, 1",15,-2.232,EXACT_LIKELIHOOD,114
"[('1910', 1), ('1913', 1), ('1914', 2), ('1916', 1), ('1919', 1), ('1920', 1), ('1921', 1), ('1924', 1), ('1925', 1), ('1929', 1), ('1930', 1), ('1931', 1), ('1932', 1), ('1933', 1), ('1936', 1), ('1937', 1), ('1938', 2), ('1942', 1), ('1955', 1)]","1910, 1, 1913, 1, 1914, 2, 1916, 1, 1919, 1, 1920, 1, 1921, 1, 1924, 1, 1925, 1, 1929, 1, 1930, 1, 1931, 1, 1932, 1, 1933, 1, 1936, 1, 1937, 1, 1938, 2, 1942, 1, 1955, 1",21,-3.381,EXACT_LIKELIHOOD,76
"[('tamil', 7), ('telugu', 2)]","tamil, 7, telugu, 2",6,-4.950,EXACT_LIKELIHOOD,10
"[('anthony grant', 0.0), ('bilel mohsni', 0.0), ('blair sturrock', 0.0), ('chris barker', 0.0), ('dave martin', 0.0), ('elliot benyon', 0.0), ('freddy eastwood', 0.0), ('jean-paul kalala', 0.0), ('kane ferdinand', 0.0), ('liam dickinson', 1.0), ('luke prosser', 0.0), ('mark phillips', 0.0), ('michael timlin', 0.0), ('neil harris', 0.0), ('own goals', 0.0), ('peter gilbert', 0.0), ('ryan hall', 1.0), ('ryan leonard', 0.0), ('totals', 2.0)]","anthony grant, 0.0, bilel mohsni, 0.0, blair sturrock, 0.0, chris barker, 0.0, dave martin, 0.0, elliot benyon, 0.0, freddy eastwood, 0.0, jean-paul kalala, 0.0, kane ferdinand, 0.0, liam dickinson, 1.0, luke prosser, 0.0, mark phillips, 0.0, michael timlin, 0.0, neil harris, 0.0, own goals, 0.0, peter gilbert, 0.0, ryan hall, 1.0, ryan leonard, 0.0, totals, 2.0",1,-2.501,EXACT_LIKELIHOOD,127
"[('anthony grant', 1.0, 0.0, 1.0), ('bilel mohsni', 13.0, 0.0, 13.0), ('blair sturrock', 0.0, 0.0, 1.0), ('chris barker', 1.0, 0.0, 1.0), ('dave martin', 3.0, 0.0, 3.0), ('elliot benyon', 2.0, 0.0, 2.0), ('freddy eastwood', 2.0, 0.0, 2.0), ('jean-paul kalala', 1.0, 0.0, 1.0), ('kane ferdinand', 7.0, 0.0, 7.0), ('liam dickinson', 10.0, 1.0, 12.0), ('luke prosser', 1.0, 0.0, 1.0), ('mark phillips', 7.0, 0.0, 8.0), ('michael timlin', 4.0, 0.0, 4.0), ('neil harris', 9.0, 0.0, 10.0), ('own goals', 4.0, 0.0, 4.0), ('peter gilbert', 3.0, 0.0, 3.0), ('ryan hall', 10.0, 1.0, 14.0), ('ryan leonard', 1.0, 0.0, 1.0), ('totals', 79.0, 2.0, 88.0)]","anthony grant, 1.0, 0.0, 1.0, bilel mohsni, 13.0, 0.0, 13.0, blair sturrock, 0.0, 0.0, 1.0, chris barker, 1.0, 0.0, 1.0, dave martin, 3.0, 0.0, 3.0, elliot benyon, 2.0, 0.0, 2.0, freddy eastwood, 2.0, 0.0, 2.0, jean-paul kalala, 1.0, 0.0, 1.0, kane ferdinand, 7.0, 0.0, 7.0, liam dickinson, 10.0, 1.0, 12.0, luke prosser, 1.0, 0.0, 1.0, mark phillips, 7.0, 0.0, 8.0, michael timlin, 4.0, 0.0, 4.0, neil harris, 9.0, 0.0, 10.0, own goals, 4.0, 0.0, 4.0, peter gilbert, 3.0, 0.0, 3.0, ryan hall, 10.0, 1.0, 14.0, ryan leonard, 1.0, 0.0, 1.0, totals, 79.0, 2.0, 88.0","league two, 1",-2.635,EXACT_LIKELIHOOD,127
"[('anthony grant', 1.0, 0.0, 1.0), ('bilel mohsni', 13.0, 0.0, 13.0), ('blair sturrock', 0.0, 0.0, 1.0), ('chris barker', 1.0, 0.0, 1.0), ('dave martin', 3.0, 0.0, 3.0), ('elliot benyon', 2.0, 0.0, 2.0), ('freddy eastwood', 2.0, 0.0, 2.0), ('jean-paul kalala', 1.0, 0.0, 1.0), ('kane ferdinand', 7.0, 0.0, 7.0), ('liam dickinson', 10.0, 1.0, 12.0), ('luke prosser', 1.0, 0.0, 1.0), ('mark phillips', 7.0, 0.0, 8.0), ('michael timlin', 4.0, 0.0, 4.0), ('neil harris', 9.0, 0.0, 10.0), ('own goals', 4.0, 0.0, 4.0), ('peter gilbert', 3.0, 0.0, 3.0), ('ryan hall', 10.0, 1.0, 14.0), ('ryan leonard', 1.0, 0.0, 1.0), ('totals', 79.0, 2.0, 88.0)]","anthony grant, 1.0, 0.0, 1.0, bilel mohsni, 13.0, 0.0, 13.0, blair sturrock, 0.0, 0.0, 1.0, chris barker, 1.0, 0.0, 1.0, dave martin, 3.0, 0.0, 3.0, elliot benyon, 2.0, 0.0, 2.0, freddy eastwood, 2.0, 0.0, 2.0, jean-paul kalala, 1.0, 0.0, 1.0, kane ferdinand, 7.0, 0.0, 7.0, liam dickinson, 10.0, 1.0, 12.0, luke prosser, 1.0, 0.0, 1.0, mark phillips, 7.0, 0.0, 8.0, michael timlin, 4.0, 0.0, 4.0, neil harris, 9.0, 0.0, 10.0, own goals, 4.0, 0.0, 4.0, peter gilbert, 3.0, 0.0, 3.0, ryan hall, 10.0, 1.0, 14.0, ryan leonard, 1.0, 0.0, 1.0, totals, 79.0, 2.0, 88.0","league two, 1",-2.635,EXACT_LIKELIHOOD,127
"[('anthony grant', 1.0), ('bilel mohsni', 13.0), ('blair sturrock', 1.0), ('chris barker', 1.0), ('dave martin', 3.0), ('elliot benyon', 2.0), ('freddy eastwood', 2.0), ('jean-paul kalala', 1.0), ('kane ferdinand', 7.0), ('liam dickinson', 12.0), ('luke prosser', 1.0), ('mark phillips', 8.0), ('michael timlin', 4.0), ('neil harris', 10.0), ('own goals', 4.0), ('peter gilbert', 3.0), ('ryan hall', 14.0), ('ryan leonard', 1.0), ('totals', 88.0)]","anthony grant, 1.0, bilel mohsni, 13.0, blair sturrock, 1.0, chris barker, 1.0, dave martin, 3.0, elliot benyon, 2.0, freddy eastwood, 2.0, jean-paul kalala, 1.0, kane ferdinand, 7.0, liam dickinson, 12.0, luke prosser, 1.0, mark phillips, 8.0, michael timlin, 4.0, neil harris, 10.0, own goals, 4.0, peter gilbert, 3.0, ryan hall, 14.0, ryan leonard, 1.0, totals, 88.0",1,-2.196,EXACT_LIKELIHOOD,127
"[('anthony grant', 1.0), ('bilel mohsni', 13.0), ('blair sturrock', 0.0), ('chris barker', 1.0), ('dave martin', 3.0), ('elliot benyon', 2.0), ('freddy eastwood', 2.0), ('jean-paul kalala', 1.0), ('kane ferdinand', 7.0), ('liam dickinson', 11.0), ('luke prosser', 1.0), ('mark phillips', 7.0), ('michael timlin', 4.0), ('neil harris', 9.0), ('own goals', 4.0), ('peter gilbert', 3.0), ('ryan hall', 11.0), ('ryan leonard', 1.0), ('totals', 81.0)]","anthony grant, 1.0, bilel mohsni, 13.0, blair sturrock, 0.0, chris barker, 1.0, dave martin, 3.0, elliot benyon, 2.0, freddy eastwood, 2.0, jean-paul kalala, 1.0, kane ferdinand, 7.0, liam dickinson, 11.0, luke prosser, 1.0, mark phillips, 7.0, michael timlin, 4.0, neil harris, 9.0, own goals, 4.0, peter gilbert, 3.0, ryan hall, 11.0, ryan leonard, 1.0, totals, 81.0",6,-2.372,EXACT_LIKELIHOOD,127
"[('anthony grant', 0.0), ('bilel mohsni', 0.0), ('blair sturrock', 0.0), ('chris barker', 0.0), ('dave martin', 0.0), ('elliot benyon', 0.0), ('freddy eastwood', 0.0), ('jean-paul kalala', 0.0), ('kane ferdinand', 0.0), ('liam dickinson', 1.0), ('luke prosser', 0.0), ('mark phillips', 0.0), ('michael timlin', 0.0), ('neil harris', 0.0), ('own goals', 0.0), ('peter gilbert', 0.0), ('ryan hall', 1.0), ('ryan leonard', 0.0), ('totals', 2.0)]","anthony grant, 0.0, bilel mohsni, 0.0, blair sturrock, 0.0, chris barker, 0.0, dave martin, 0.0, elliot benyon, 0.0, freddy eastwood, 0.0, jean-paul kalala, 0.0, kane ferdinand, 0.0, liam dickinson, 1.0, luke prosser, 0.0, mark phillips, 0.0, michael timlin, 0.0, neil harris, 0.0, own goals, 0.0, peter gilbert, 0.0, ryan hall, 1.0, ryan leonard, 0.0, totals, 2.0",1,-2.501,EXACT_LIKELIHOOD,127
"[('anthony grant', 1.0), ('bilel mohsni', 13.0), ('blair sturrock', 1.0), ('chris barker', 1.0), ('dave martin', 3.0), ('elliot benyon', 2.0), ('freddy eastwood', 2.0), ('jean-paul kalala', 1.0), ('kane ferdinand', 7.0), ('liam dickinson', 12.0), ('luke prosser', 1.0), ('mark phillips', 8.0), ('michael timlin', 4.0), ('neil harris', 10.0), ('own goals', 4.0), ('peter gilbert', 3.0), ('ryan hall', 14.0), ('ryan leonard', 1.0), ('totals', 88.0)]","anthony grant, 1.0, bilel mohsni, 13.0, blair sturrock, 1.0, chris barker, 1.0, dave martin, 3.0, elliot benyon, 2.0, freddy eastwood, 2.0, jean-paul kalala, 1.0, kane ferdinand, 7.0, liam dickinson, 12.0, luke prosser, 1.0, mark phillips, 8.0, michael timlin, 4.0, neil harris, 10.0, own goals, 4.0, peter gilbert, 3.0, ryan hall, 14.0, ryan leonard, 1.0, totals, 88.0",1,-2.196,EXACT_LIKELIHOOD,127
"[('anthony grant', 1.0, 0.0), ('bilel mohsni', 13.0, 0.0), ('blair sturrock', 0.0, 0.0), ('chris barker', 1.0, 0.0), ('dave martin', 3.0, 0.0), ('elliot benyon', 2.0, 0.0), ('freddy eastwood', 2.0, 0.0), ('jean-paul kalala', 1.0, 0.0), ('kane ferdinand', 7.0, 0.0), ('liam dickinson', 10.0, 1.0), ('luke prosser', 1.0, 0.0), ('mark phillips', 7.0, 0.0), ('michael timlin', 4.0, 0.0), ('neil harris', 9.0, 0.0), ('own goals', 4.0, 0.0), ('peter gilbert', 3.0, 0.0), ('ryan hall', 10.0, 1.0), ('ryan leonard', 1.0, 0.0), ('totals', 79.0, 2.0)]","anthony grant, 1.0, 0.0, bilel mohsni, 13.0, 0.0, blair sturrock, 0.0, 0.0, chris barker, 1.0, 0.0, dave martin, 3.0, 0.0, elliot benyon, 2.0, 0.0, freddy eastwood, 2.0, 0.0, jean-paul kalala, 1.0, 0.0, kane ferdinand, 7.0, 0.0, liam dickinson, 10.0, 1.0, luke prosser, 1.0, 0.0, mark phillips, 7.0, 0.0, michael timlin, 4.0, 0.0, neil harris, 9.0, 0.0, own goals, 4.0, 0.0, peter gilbert, 3.0, 0.0, ryan hall, 10.0, 1.0, ryan leonard, 1.0, 0.0, totals, 79.0, 2.0",1,-2.792,EXACT_LIKELIHOOD,127
"[('anthony grant', 1.0), ('bilel mohsni', 13.0), ('blair sturrock', 1.0), ('chris barker', 1.0), ('dave martin', 3.0), ('elliot benyon', 2.0), ('freddy eastwood', 2.0), ('jean-paul kalala', 1.0), ('kane ferdinand', 7.0), ('liam dickinson', 12.0), ('luke prosser', 1.0), ('mark phillips', 8.0), ('michael timlin', 4.0), ('neil harris', 10.0), ('own goals', 4.0), ('peter gilbert', 3.0), ('ryan hall', 14.0), ('ryan leonard', 1.0), ('totals', 88.0)]","anthony grant, 1.0, bilel mohsni, 13.0, blair sturrock, 1.0, chris barker, 1.0, dave martin, 3.0, elliot benyon, 2.0, freddy eastwood, 2.0, jean-paul kalala, 1.0, kane ferdinand, 7.0, liam dickinson, 12.0, luke prosser, 1.0, mark phillips, 8.0, michael timlin, 4.0, neil harris, 10.0, own goals, 4.0, peter gilbert, 3.0, ryan hall, 14.0, ryan leonard, 1.0, totals, 88.0",1,-2.196,EXACT_LIKELIHOOD,127
"[('anthony grant', 0.0), ('bilel mohsni', 0.0), ('blair sturrock', 0.0), ('chris barker', 0.0), ('dave martin', 0.0), ('elliot benyon', 0.0), ('freddy eastwood', 0.0), ('jean-paul kalala', 0.0), ('kane ferdinand', 0.0), ('liam dickinson', 1.0), ('luke prosser', 0.0), ('mark phillips', 0.0), ('michael timlin', 0.0), ('neil harris', 0.0), ('own goals', 0.0), ('peter gilbert', 0.0), ('ryan hall', 1.0), ('ryan leonard', 0.0), ('totals', 2.0)]","anthony grant, 0.0, bilel mohsni, 0.0, blair sturrock, 0.0, chris barker, 0.0, dave martin, 0.0, elliot benyon, 0.0, freddy eastwood, 0.0, jean-paul kalala, 0.0, kane ferdinand, 0.0, liam dickinson, 1.0, luke prosser, 0.0, mark phillips, 0.0, michael timlin, 0.0, neil harris, 0.0, own goals, 0.0, peter gilbert, 0.0, ryan hall, 1.0, ryan leonard, 0.0, totals, 2.0",1,-2.501,EXACT_LIKELIHOOD,127
"[('ryan hall', 28.0), ('bilel mohsni', 26.0), ('liam dickinson', 24.0), ('neil harris', 20.0), ('mark phillips', 16.0), ('kane ferdinand', 14.0), ('michael timlin', 8.0), ('dave martin', 6.0), ('peter gilbert', 6.0), ('elliot benyon', 4.0), ('freddy eastwood', 4.0), ('ryan leonard', 2.0), ('blair sturrock', 2.0), ('jean-paul kalala', 2.0), ('luke prosser', 2.0), ('anthony grant', 2.0), ('chris barker', 2.0), ('own goals', 8.0), ('totals', 176.0)]","ryan hall, 28.0, bilel mohsni, 26.0, liam dickinson, 24.0, neil harris, 20.0, mark phillips, 16.0, kane ferdinand, 14.0, michael timlin, 8.0, dave martin, 6.0, peter gilbert, 6.0, elliot benyon, 4.0, freddy eastwood, 4.0, ryan leonard, 2.0, blair sturrock, 2.0, jean-paul kalala, 2.0, luke prosser, 2.0, anthony grant, 2.0, chris barker, 2.0, own goals, 8.0, totals, 176.0",4,-2.079,EXACT_LIKELIHOOD,127
"[('1:51.29',)]",1:51.29,1:51.29,-0.957,EXACT_LIKELIHOOD,6
"[('united states',)]",united states,united states,-1.961,EXACT_LIKELIHOOD,3
"[('left post, apr 21, 1969',)]","left post, apr 21, 1969","left post, apr 21, 1969",-1.893,EXACT_LIKELIHOOD,8
"[(None,)]",none,udf,-8.236,EXACT_LIKELIHOOD,2
"[('vice president of the udf\nadvisor to the court of auditors',)]","vice president of the udf
advisor to the court of auditors",vice president of the udf,-1.761,EXACT_LIKELIHOOD,16
"[('nico and dani',)]",nico and dani,the train,-9.480,EXACT_LIKELIHOOD,6
"[(0,)]",0,2,-5.695,EXACT_LIKELIHOOD,2
"[(4,)]",4,4,-1.934,EXACT_LIKELIHOOD,2
"[(3,)]",3,4,-2.004,EXACT_LIKELIHOOD,2
"[(8117.0,)]",8117,"7,729",-5.774,EXACT_LIKELIHOOD,3
"[('a1 team france', 2.0), ('gd racing', 18.0), ('prost', None), ('renault', None)]","a1 team france, 2.0, gd racing, 18.0, prost, none, renault, none",8,-5.041,EXACT_LIKELIHOOD,27
"[(5,)]",5,4,-3.892,EXACT_LIKELIHOOD,2
"[('great britain', 6.0), ('south africa', 1.0), ('canada', 1.0), ('australia', 0.0), ('hong kong', 0.0), ('israel', 0.0), ('south korea', 0.0)]","great britain, 6.0, south africa, 1.0, canada, 1.0, australia, 0.0, hong kong, 0.0, israel, 0.0, south korea, 0.0","great britain (gbr), south africa (rsa), canada (can)",-1.919,EXACT_LIKELIHOOD,56
"[('1', '11'), ('6', '2')]","1, 11, 6, 2","1, 11",-3.393,EXACT_LIKELIHOOD,8
"[('uup', 'peter weir\nalan mcfarland\nroy bradford\njohn shields\nirene cree'), ('uk unionist', 'robert mccartney\nvalerie kinghan\npatricia watson'), ('dup', 'st clair mcalister\nruby cooling\ncecil noble'), ('alliance', 'oliver napier\nbrian wilson\neileen bell\nlarry thompson\njane copeland'), ('sdlp', 'owen adams\njohn burke'), ('pup', 'victor ash\nsamuel curry\nneil mehaffy\nkenneth sterrit'), ('ulster democratic', 'james mccullough\nthomas lindsay'), (""ni women's coalition"", 'emma mcguigan\nann marie foster\njane morrice'), ('conservative', 'ann thompson\nbruce mulligan'), ('independent chambers', 'alan chambers\njames arbuthnot\nrobert irvine'), ('green (ni)', 'paddy mcevoy\nmary ringland'), ('sinn fein', 'mairtin o mulleoir\njohn smith'), ('labour coalition', 'john magennis\nsean mcgouran')]","uup, peter weir
alan mcfarland
roy bradford
john shields
irene cree, uk unionist, robert mccartney
valerie kinghan
patricia watson, dup, st clair mcalister
ruby cooling
cecil noble, alliance, oliver napier
brian wilson
eileen bell
larry thompson
jane copeland, sdlp, owen adams
john burke, pup, victor ash
samuel curry
neil mehaffy
kenneth sterrit, ulster democratic, james mccullough
thomas lindsay, ni women's coalition, emma mcguigan
ann marie foster
jane morrice, conservative, ann thompson
bruce mulligan, independent chambers, alan chambers
james arbuthnot
robert irvine, green (ni), paddy mcevoy
mary ringland, sinn fein, mairtin o mulleoir
john smith, labour coalition, john magennis
sean mcgouran",peter weir alan mcfarland roy bradford john shields irene cree,-3.702,EXACT_LIKELIHOOD,127
"[('karsten johannessen', 2), ('kjell schou-andreassen', 2), ('nils arne eggen', 14), ('oddvar hansen', 2), ('ole gunnar solskjær', 2)]","karsten johannessen, 2, kjell schou-andreassen, 2, nils arne eggen, 14, oddvar hansen, 2, ole gunnar solskjær, 2","george curtis, einar larsen, nils arne eggen, sverre andersen, olav nilsen, karsten johanness, molde molde",-3.735,EXACT_LIKELIHOOD,50
"[(4,)]",4,5,-6.435,EXACT_LIKELIHOOD,2
"[(None,)]",none,"1,972",-7.631,EXACT_LIKELIHOOD,2
"[('air florida', 1), ('air wisconsin', 1), ('airtran airways', 1), ('allegiant air', 1), ('america west express', 1), ('american eagle airlines', 1), ('atlantic coast airlines', 1), ('atlantic southeast airlines', 1), ('beaver aviation / bas airlines', 1), ('capital airlines', 1), ('chicago and southern airlines', 0), ('chicago express airlines', 1), ('comair', 1), ('continental express', 1), ('delta air lines', 1), ('eastern airlines', 1), ('frontier airlines mk 1', 1), ('liberty airlines', 1), ('mesaba aviation', 1), ('midway connection', 1), ('piedmont airlines', 1), ('trans midwest airlines', 1), ('trans world airlines', 1), ('transmeridian airlines', 1), ('united airlines', 1), ('us airways (usair/allegheny)', 1), ('us airways express', 1), ('vision airlines', 1)]","air florida, 1, air wisconsin, 1, airtran airways, 1, allegiant air, 1, america west express, 1, american eagle airlines, 1, atlantic coast airlines, 1, atlantic southeast airlines, 1, beaver aviation / bas airlines, 1, capital airlines, 1, chicago and southern airlines, 0, chicago express airlines, 1, comair, 1, continental express, 1, delta air lines, 1, eastern airlines, 1, frontier airlines mk 1, 1, liberty airlines, 1, mesaba aviation, 1, midway connection, 1, piedmont airlines, 1, trans midwest airlines, 1, trans world airlines, 1, transmeridian airlines, 1, united airlines, 1, us airways (usair/allegheny), 1, us airways express, 1, vision airlines, 1",1,-1.624,EXACT_LIKELIHOOD,127
"[(1,)]",1,3,-4.672,EXACT_LIKELIHOOD,2
"[(1,)]",1,2,-3.863,EXACT_LIKELIHOOD,2
"[(5,)]",5,5,-1.312,EXACT_LIKELIHOOD,2
"[(3,)]",3,3,-0.349,EXACT_LIKELIHOOD,2
"[(0,)]",0,4,-7.332,EXACT_LIKELIHOOD,2
"[(10,)]",10,2,-4.628,EXACT_LIKELIHOOD,2
"[('rock hill',), ('south carolina',)]","rock hill, south carolina","rock hill, south carolina",-1.767,EXACT_LIKELIHOOD,7
"[(29,)]",29,8,-5.831,EXACT_LIKELIHOOD,2
"[(6,)]",6,5,-5.140,EXACT_LIKELIHOOD,2
"[(4,)]",4,4,-0.446,EXACT_LIKELIHOOD,2
"[('georgia tech',)]",georgia tech,georgia tech,-1.529,EXACT_LIKELIHOOD,5
"[('seon (선, 宣) or hyosun (효순, 孝順)',)]","seon (선, 宣) or hyosun (효순, 孝順)",lijiang,-5.293,EXACT_LIKELIHOOD,46
"[('2k games, 1c company', 1), ('eidos interactive', 2), ('electronic arts', 1), ('gathering of developers', 1), ('kalypso media', 1), ('rockstar games', 2), ('sierra entertainment', 1), ('studio 3 interactive', 1), ('thq', 3), ('ubisoft', 1), ('whiptail interactive', 1)]","2k games, 1c company, 1, eidos interactive, 2, electronic arts, 1, gathering of developers, 1, kalypso media, 1, rockstar games, 2, sierra entertainment, 1, studio 3 interactive, 1, thq, 3, ubisoft, 1, whiptail interactive, 1",1,-3.353,EXACT_LIKELIHOOD,71
"[(0,)]",0,75,-9.243,EXACT_LIKELIHOOD,2
"[('f', 9.0), ('g', 12.0), ('g', 11.0)]","f, 9.0, g, 12.0, g, 11.0","f, g",-4.220,EXACT_LIKELIHOOD,18
"[(None,)]",none,pitbull feat. ke$ha,-8.082,EXACT_LIKELIHOOD,2
"[(0,)]",0,4,-6.253,EXACT_LIKELIHOOD,2
"[(1,)]",1,"40,000",-6.360,EXACT_LIKELIHOOD,2
"[('conservative', 1), ('liberal', 8), ('progressive conservative', 4)]","conservative, 1, liberal, 8, progressive conservative, 4",6,-5.417,EXACT_LIKELIHOOD,13
"[('xxxx-10-19', 'chicago, illinois'), ('xxxx-10-19', 'chicago, illinois'), ('xxxx-11-27', 'pontiac, michigan'), ('xxxx-11-27', 'pontiac, michigan'), ('xxxx-11-21', 'chicago, illinois'), ('xxxx-11-21', 'chicago, illinois'), ('xxxx-11-18', 'chicago, illinois'), ('xxxx-11-18', 'chicago, illinois'), ('xxxx-12-16', 'pontiac, michigan'), ('xxxx-12-16', 'pontiac, michigan'), ('xxxx-11-10', 'chicago, illinois'), ('xxxx-11-10', 'chicago, illinois'), ('xxxx-12-22', 'pontiac, michigan'), ('xxxx-12-22', 'pontiac, michigan'), ('xxxx-10-26', 'chicago, illinois'), ('xxxx-10-26', 'chicago, illinois'), ('xxxx-12-15', 'pontiac, michigan'), ('xxxx-12-15', 'pontiac, michigan'), ('xxxx-11-22', 'chicago, illinois'), ('xxxx-11-22', 'chicago, illinois'), ('xxxx-10-09', 'pontiac, michigan'), ('xxxx-10-09', 'pontiac, michigan'), ('xxxx-12-11', 'chicago, illinois'), ('xxxx-12-11', 'chicago, illinois'), ('xxxx-09-24', 'pontiac, michigan'), ('xxxx-09-24', 'pontiac, michigan')]","xxxx-10-19, chicago, illinois, xxxx-10-19, chicago, illinois, xxxx-11-27, pontiac, michigan, xxxx-11-27, pontiac, michigan, xxxx-11-21, chicago, illinois, xxxx-11-21, chicago, illinois, xxxx-11-18, chicago, illinois, xxxx-11-18, chicago, illinois, xxxx-12-16, pontiac, michigan, xxxx-12-16, pontiac, michigan, xxxx-11-10, chicago, illinois, xxxx-11-10, chicago, illinois, xxxx-12-22, pontiac, michigan, xxxx-12-22, pontiac, michigan, xxxx-10-26, chicago, illinois, xxxx-10-26, chicago, illinois, xxxx-12-15, pontiac, michigan, xxxx-12-15, pontiac, michigan, xxxx-11-22, chicago, illinois, xxxx-11-22, chicago, illinois, xxxx-10-09, pontiac, michigan, xxxx-10-09, pontiac, michigan, xxxx-12-11, chicago, illinois, xxxx-12-11, chicago, illinois, xxxx-09-24, pontiac, michigan, xxxx-09-24, pontiac, michigan","december 9, 1988, pontiac, michigan",-2.552,EXACT_LIKELIHOOD,127
"[(None, 'chicago'), (None, 'illinois'), (58508.0, 'pontiac'), (58508.0, 'michigan'), (75397.0, 'pontiac'), (75397.0, 'michigan'), (71273.0, 'chicago'), (71273.0, 'illinois'), (50082.0, 'pontiac'), (50082.0, 'michigan'), (46783.0, 'chicago'), (46783.0, 'illinois'), (66709.0, 'pontiac'), (66709.0, 'michigan'), (58764.0, 'chicago'), (58764.0, 'illinois'), (54911.0, 'chicago'), (54911.0, 'illinois'), (53252.0, 'pontiac'), (53252.0, 'michigan'), (53467.0, 'chicago'), (53467.0, 'illinois'), (74042.0, 'pontiac'), (74042.0, 'michigan'), (62064.0, 'chicago'), (62064.0, 'illinois'), (75602.0, 'pontiac'), (75602.0, 'michigan'), (63357.0, 'chicago'), (63357.0, 'illinois'), (64526.0, 'pontiac'), (64526.0, 'michigan'), (55010.0, 'chicago'), (55010.0, 'illinois'), (71418.0, 'pontiac'), (71418.0, 'michigan'), (52650.0, 'chicago'), (52650.0, 'illinois')]","none, chicago, none, illinois, 58508.0, pontiac, 58508.0, michigan, 75397.0, pontiac, 75397.0, michigan, 71273.0, chicago, 71273.0, illinois, 50082.0, pontiac, 50082.0, michigan, 46783.0, chicago, 46783.0, illinois, 66709.0, pontiac, 66709.0, michigan, 58764.0, chicago, 58764.0, illinois, 54911.0, chicago, 54911.0, illinois, 53252.0, pontiac, 53252.0, michigan, 53467.0, chicago, 53467.0, illinois, 74042.0, pontiac, 74042.0, michigan, 62064.0, chicago, 62064.0, illinois, 75602.0, pontiac, 75602.0, michigan, 63357.0, chicago, 63357.0, illinois, 64526.0, pontiac, 64526.0, michigan, 55010.0, chicago, 55010.0, illinois, 71418.0, pontiac, 71418.0, michigan, 52650.0, chicago, 52650.0, illinois","pontiac, michigan, pontiac, michigan",-5.345,EXACT_LIKELIHOOD,127
"[('died in office\ndemocratic gain', 'james h. gildea (d) 50.1%'), ('died in office\ndemocratic gain', 'david w. bechtel (r) 45.7%'), ('died in office\ndemocratic gain', 'susan i. brumm (equal rights) 2.7%'), ('died in office\ndemocratic gain', 'leo sitko (s) 1.3%'), ('died in office\ndemocratic gain', 'edith l. reed (proh) 0.3%')]","died in office
democratic gain, james h. gildea (d) 50.1%, died in office
democratic gain, david w. bechtel (r) 45.7%, died in office
democratic gain, susan i. brumm (equal rights) 2.7%, died in office
democratic gain, leo sitko (s) 1.3%, died in office
democratic gain, edith l. reed (proh) 0.3%","re-election, james h. gildea (d) 50.1%",-4.480,EXACT_LIKELIHOOD,102
"[('tbc', 'tbc'), ('tbc', 'tbc')]","tbc, tbc, tbc, tbc","the human torch (jim hammond), warriors three",-6.505,EXACT_LIKELIHOOD,12
"[(None,), (None,), (6902.0,), (6902.0,), (3943.0,), (3943.0,), (6013.0,), (6013.0,), (3042.0,), (3042.0,), (4541.0,), (4541.0,), (3880.0,), (3880.0,), (None,), (None,), (6958.0,), (6958.0,), (6905.0,), (6905.0,), (None,), (None,), (6905.0,), (6905.0,), (None,), (None,), (None,), (None,)]","none, none, 6902.0, 6902.0, 3943.0, 3943.0, 6013.0, 6013.0, 3042.0, 3042.0, 4541.0, 4541.0, 3880.0, 3880.0, none, none, 6958.0, 6958.0, 6905.0, 6905.0, none, none, 6905.0, 6905.0, none, none, none, none","12,972",-5.807,EXACT_LIKELIHOOD,110
"[('ralf woods', 16.0, 54.0, 70.0, 178.0), ('clyde alwood', 15.0, 57.0, 0.0, 114.0)]","ralf woods, 16.0, 54.0, 70.0, 178.0, clyde alwood, 15.0, 57.0, 0.0, 114.0","ralf woods, clyde alwood",-3.894,EXACT_LIKELIHOOD,42
"[(1213.0,)]",1213,37,-7.878,EXACT_LIKELIHOOD,3
"[(12100.0,)]",12100,"12,100",-3.407,EXACT_LIKELIHOOD,3
"[('7.9 of 10',)]",7.9 of 10,7.9 of 10,-2.126,EXACT_LIKELIHOOD,6
"[(49.0,)]",49,19.91,-4.314,EXACT_LIKELIHOOD,2
"[('1965',)]",1965,1969,-5.028,EXACT_LIKELIHOOD,2
"[(258.5,)]",258.5,299,-5.344,EXACT_LIKELIHOOD,4
"[('3 december 1976',)]",3 december 1976,3 december 1976,-2.360,EXACT_LIKELIHOOD,5
"[('an-225 mriya',)]",an-225 mriya,airbus,-2.777,EXACT_LIKELIHOOD,7
"[(5.0,)]",5,5,-0.787,EXACT_LIKELIHOOD,2
"[(None,)]",none,5,-8.041,EXACT_LIKELIHOOD,2
"[(53.99, '8')]","53.99, 8","53.99, 8",-2.734,EXACT_LIKELIHOOD,6
"[('alabama', '8:0'), ('the citadel', '3:30'), ('nc state', '12:0'), ('sc state', '1:0'), ('maryland', '12:0'), ('georgia tech', '12:0'), ('florida state', '3:30'), ('duke', '12:0'), ('south carolina', '12:0')]","alabama, 8:0, the citadel, 3:30, nc state, 12:0, sc state, 1:0, maryland, 12:0, georgia tech, 12:0, florida state, 3:30, duke, 12:0, south carolina, 12:0","alabama*, 8:00 pm",-3.055,EXACT_LIKELIHOOD,71
"[('beni', 8.0, 4.0, 3.0, 1.0, 4.0), ('chuquisaca', 10.0, 5.0, 5.0, 0.0, 4.0), ('cochabamba', 19.0, 9.0, 9.0, 1.0, 4.0), ('la paz', 29.0, 14.0, 14.0, 1.0, 4.0), ('oruro', 9.0, 4.0, 4.0, 1.0, 4.0), ('pando', 5.0, 2.0, 2.0, 1.0, 4.0), ('potosi', 13.0, 7.0, 6.0, 0.0, 4.0), ('santa cruz', 28.0, 14.0, 13.0, 1.0, 4.0), ('tarija', 9.0, 4.0, 4.0, 1.0, 4.0), ('total', 130.0, 63.0, 60.0, 7.0, 36.0)]","beni, 8.0, 4.0, 3.0, 1.0, 4.0, chuquisaca, 10.0, 5.0, 5.0, 0.0, 4.0, cochabamba, 19.0, 9.0, 9.0, 1.0, 4.0, la paz, 29.0, 14.0, 14.0, 1.0, 4.0, oruro, 9.0, 4.0, 4.0, 1.0, 4.0, pando, 5.0, 2.0, 2.0, 1.0, 4.0, potosi, 13.0, 7.0, 6.0, 0.0, 4.0, santa cruz, 28.0, 14.0, 13.0, 1.0, 4.0, tarija, 9.0, 4.0, 4.0, 1.0, 4.0, total, 130.0, 63.0, 60.0, 7.0, 36.0",130,-3.964,EXACT_LIKELIHOOD,127
"[('1983-09-14', 'liberty', 'australia ii', '1-0', '1:10'), ('1983-09-15', 'liberty', 'australia ii', '2-0', '1:33'), ('1983-09-18', 'australia ii', 'liberty', '1-2', '3:14'), ('1983-09-20', 'liberty', 'australia ii', '3-1', '0:43'), ('1983-09-21', 'australia ii', 'liberty', '2-3', '1:47'), ('1983-09-22', 'australia ii', 'liberty', '3-3', '3:25'), ('1983-09-26', 'australia ii', 'liberty', '4-3', '0:41')]","1983-09-14, liberty, australia ii, 1-0, 1:10, 1983-09-15, liberty, australia ii, 2-0, 1:33, 1983-09-18, australia ii, liberty, 1-2, 3:14, 1983-09-20, liberty, australia ii, 3-1, 0:43, 1983-09-21, australia ii, liberty, 2-3, 1:47, 1983-09-22, australia ii, liberty, 3-3, 3:25, 1983-09-26, australia ii, liberty, 4-3, 0:41","september 14, 1983, liberty, us-40",-2.852,EXACT_LIKELIHOOD,127
"[('1983-09-20',)]",1983-09-20,"september 20, 1983",-6.369,EXACT_LIKELIHOOD,6
"[('iason abramashvili',)]",iason abramashvili,iason abramashvili,-1.147,EXACT_LIKELIHOOD,8
"[('subrahmanya road',)]",subrahmanya road,subrahmanya road,-1.428,EXACT_LIKELIHOOD,6
"[(1.0,)]",1,1,-0.355,EXACT_LIKELIHOOD,2
"[(22.0,)]",22,22,-0.789,EXACT_LIKELIHOOD,2
"[(1.0,)]",1,1,-0.384,EXACT_LIKELIHOOD,2
"[(21.0,)]",21,4,-7.346,EXACT_LIKELIHOOD,2
"[(3,)]",3,3,-0.526,EXACT_LIKELIHOOD,2
"[(1,)]",1,3,-4.034,EXACT_LIKELIHOOD,2
"[(2785006.0,)]",2785006,"2,643,475",-8.242,EXACT_LIKELIHOOD,4
"[(31,)]",31,18,-5.676,EXACT_LIKELIHOOD,2
"[('2009', 2400.0)]","2009, 2400.0","2009, sgd 500",-3.910,EXACT_LIKELIHOOD,6
"[('casetie lily dubois caravantes', 'copan', '1.74 m (5 ft 8 1⁄2 in)'), ('wendy karina albizures del cid', 'chimaltenango', '1.83 m (6 ft 0 in)'), ('rita elizabeth meda cojulun', 'ciudad guatemala', '1.77 m (5 ft 9 1⁄2 in)'), ('ana maribel arana ruiz', 'villa nueva', '1.79 m (5 ft 10 1⁄2 in)'), ('jessica jazmin donabo chavez', 'puerto barrios', '1.75 m (5 ft 9 in)'), ('luz yohana marroquin moran', 'jalapa', '1.76 m (5 ft 9 1⁄2 in)'), ('clara jennifer chiong estrada', 'quetzaltenango', '1.81 m (5 ft 11 1⁄2 in)')]","casetie lily dubois caravantes, copan, 1.74 m (5 ft 8 1⁄2 in), wendy karina albizures del cid, chimaltenango, 1.83 m (6 ft 0 in), rita elizabeth meda cojulun, ciudad guatemala, 1.77 m (5 ft 9 1⁄2 in), ana maribel arana ruiz, villa nueva, 1.79 m (5 ft 10 1⁄2 in), jessica jazmin donabo chavez, puerto barrios, 1.75 m (5 ft 9 in), luz yohana marroquin moran, jalapa, 1.76 m (5 ft 9 1⁄2 in), clara jennifer chiong estrada, quetzaltenango, 1.81 m (5 ft 11 1⁄2 in)","alta verapaz, casetie lily dubois caravantes, copán, wendy karina albizures del cid, ciudad capital, guatemala, izabal, luz yohana marroquín morán, quetzaltenango",-1.712,EXACT_LIKELIHOOD,127
"[('alta verapaz', '23'), ('chimaltenango', '19'), ('ciudad capital', '19'), ('guatemala', '22'), ('izabal', '18'), ('jalapa', '20'), ('quetzaltenango', '24')]","alta verapaz, 23, chimaltenango, 19, ciudad capital, 19, guatemala, 22, izabal, 18, jalapa, 20, quetzaltenango, 24","copán, 19",-2.768,EXACT_LIKELIHOOD,49
"[('casetie lily dubois caravantes', 'copan'), ('ana maribel arana ruiz', 'villa nueva'), ('clara jennifer chiong estrada', 'quetzaltenango')]","casetie lily dubois caravantes, copan, ana maribel arana ruiz, villa nueva, clara jennifer chiong estrada, quetzaltenango","alta verapaz, copán",-1.511,EXACT_LIKELIHOOD,46
"[('chimaltenango',)]",chimaltenango,chimaltenango,-2.050,EXACT_LIKELIHOOD,5
"[(0,)]",0,3,-6.692,EXACT_LIKELIHOOD,2
"[(None,)]",none,5,-8.337,EXACT_LIKELIHOOD,2
"[('kemp hannon',), ('jack m. martins',), ('dean skelos',)]","kemp hannon, jack m. martins, dean skelos","kemp hannon, jack m. martins, dean skelos",-0.566,EXACT_LIKELIHOOD,15
"[(7,)]",7,4,-4.418,EXACT_LIKELIHOOD,2
"[(3,)]",3,3,-1.388,EXACT_LIKELIHOOD,2
"[(2,)]",2,3,-5.094,EXACT_LIKELIHOOD,2
"[(1,)]",1,4,-5.133,EXACT_LIKELIHOOD,2
"[(720.0,)]",720,4395,-4.165,EXACT_LIKELIHOOD,2
"[(0,)]",0,6,-7.217,EXACT_LIKELIHOOD,2
"[(5,)]",5,7,-4.080,EXACT_LIKELIHOOD,2
"[('1442', 'braganca')]","1442, braganca","1442, afonso, count of barcelos",-3.477,EXACT_LIKELIHOOD,7
"[('37',)]",37,37,-0.660,EXACT_LIKELIHOOD,2
"[('2.3', '347')]","2.3, 347","2.3, 116",-2.399,EXACT_LIKELIHOOD,6
"[('3.52', 'us 522 south - berkeley springs, wv'), ('3.52', 'us 522 south - berkeley springs, wv'), ('3.67', 'limestone road north'), ('3.75', 'virginia avenue to us 522 north')]","3.52, us 522 south - berkeley springs, wv, 3.52, us 522 south - berkeley springs, wv, 3.67, limestone road north, 3.75, virginia avenue to us 522 north","us 522 south - berkeley springs, wv, limestone road north, virginia avenue to us 522 north",-2.269,EXACT_LIKELIHOOD,53
"[('woodmont', 0.25, 'former md 453')]","woodmont, 0.25, former md 453","woodmont road south, former md 453",-2.310,EXACT_LIKELIHOOD,12
"[('palisades park', 'new jersey', 'bergen county', 36.38), ('leonia', 'new jersey', 'bergen county', 17.24), ('fort lee', 'new jersey', 'bergen county', 17.18), ('ridgefield', 'new jersey', 'bergen county', 14.31), ('closter', 'new jersey', 'bergen county', 12.75), ('norwood', 'new jersey', 'bergen county', 12.69), ('edgewater', 'new jersey', 'bergen county', 11.83), ('englewood cliffs', 'new jersey', 'bergen county', 11.76)]","palisades park, new jersey, bergen county, 36.38, leonia, new jersey, bergen county, 17.24, fort lee, new jersey, bergen county, 17.18, ridgefield, new jersey, bergen county, 14.31, closter, new jersey, bergen county, 12.75, norwood, new jersey, bergen county, 12.69, edgewater, new jersey, bergen county, 11.83, englewood cliffs, new jersey, bergen county, 11.76","palisades park, leonia, fort lee, ridgefield, closter, norwood, edgewater, englewood cliffs",-3.690,EXACT_LIKELIHOOD,117
"[('prema raaga haadu gelati', 'shivrajkumar, nivedita jain, srinath')]","prema raaga haadu gelati, shivrajkumar, nivedita jain, srinath","prema raaga haadu gelati, nivedita jain, srin",-1.294,EXACT_LIKELIHOOD,27
"[('beladingala baale', 1), ('kshana kshana', 3), ('marma', 1), ('nammoora mandara hoove', 3), ('nishkarsha', 2), ('parva', 2), ('pratyartha', 3), ('prema raaga haadu gelati', 3), ('ramya chaitrakaala', 3), ('sangarsha', 2), ('sarigama', 2), ('sparsha', 2), ('tanana tandanana', 2), ('tarka', 2), ('utkarsha', 2)]","beladingala baale, 1, kshana kshana, 3, marma, 1, nammoora mandara hoove, 3, nishkarsha, 2, parva, 2, pratyartha, 3, prema raaga haadu gelati, 3, ramya chaitrakaala, 3, sangarsha, 2, sarigama, 2, sparsha, 2, tanana tandanana, 2, tarka, 2, utkarsha, 2",6,-2.761,EXACT_LIKELIHOOD,115
"[('beladingala baale',)]",beladingala baale,"beladingala baale, nammoora mandara hoove",-2.803,EXACT_LIKELIHOOD,6
"[('cuernavaca, morelos',), ('mexico city, mexico',), ('mexico city, mexico',), ('mexico city, mexico',), ('cuernavaca, morelos',)]","cuernavaca, morelos, mexico city, mexico, mexico city, mexico, mexico city, mexico, cuernavaca, morelos","mexico city, mexico",-1.889,EXACT_LIKELIHOOD,43
"[(1, 0, 'hair', 'mocho cota', 1, 'chamaco valaguez', 1, 'cuernavaca, morelos', None, None, None, None, None, None), (3, 0, 'hair', 'chamaco valaguez', 1, 'mocho cota', 1, 'cuernavaca, morelos', 'july 29, 1982', 29, '1982-07-29', 1982, 7, 29), (7, 0, 'hair', 'mocho cota', 1, 'chamaco valaguez', 1, 'mexico city, mexico', 'september 7, 1984', 7, '1984-09-07', 1984, 9, 7), (8, 0, 'hair', 'mocho cota', 1, 'el talisman', 1, 'mexico city, mexico', 'march 7, 1986', 7, '1986-03-07', 1986, 3, 7), (10, 0, 'hair', 'mocho cota', 1, 'kato kung lee', 1, 'mexico city, mexico', 'december 10, 1993', 10, '1993-12-10', 1993, 12, 10), (11, 0, 'hair', 'mocho cota', 1, 'chamaco valaguez', 1, 'cuernavaca, morelos', 'march 29, 1994', 29, '1994-03-29', 1994, 3, 29)]","1, 0, hair, mocho cota, 1, chamaco valaguez, 1, cuernavaca, morelos, none, none, none, none, none, none, 3, 0, hair, chamaco valaguez, 1, mocho cota, 1, cuernavaca, morelos, july 29, 1982, 29, 1982-07-29, 1982, 7, 29, 7, 0, hair, mocho cota, 1, chamaco valaguez, 1, mexico city, mexico, september 7, 1984, 7, 1984-09-07, 1984, 9, 7, 8, 0, hair, mocho cota, 1, el talisman, 1, mexico city, mexico, march 7, 1986, 7, 1986-03-07, 1986, 3, 7, 10, 0, hair, mocho cota, 1, kato kung lee, 1, mexico city, mexico, december 10, 1993, 10, 1993-12-10, 1993, 12, 10, 11, 0, hair, mocho cota, 1, chamaco valaguez, 1, cuernavaca, morelos, march 29, 1994, 29, 1994-03-29, 1994, 3, 29",hair,-3.305,EXACT_LIKELIHOOD,127
"[('5',), ('6',)]","5, 6","5, 5",-1.581,EXACT_LIKELIHOOD,4
"[('08-0bx',)]",08-0bx,08-0bx,-0.789,EXACT_LIKELIHOOD,6
"[(5.0,), (5.0,), (5.0,), (6.0,), (6.0,)]","5.0, 5.0, 5.0, 6.0, 6.0",5,-4.096,EXACT_LIKELIHOOD,20
"[(None,)]",none,11,-7.854,EXACT_LIKELIHOOD,2
"[('songwriter', 'songwriter'), ('producer, songwriter, arranger, engineer', 'producer'), ('producer, songwriter, arranger, engineer', 'songwriter'), ('producer, songwriter, arranger, engineer', 'arranger'), ('producer, songwriter, arranger, engineer', 'engineer'), ('producer, songwriter, lyricist, engineer', 'producer'), ('producer, songwriter, lyricist, engineer', 'songwriter'), ('producer, songwriter, lyricist, engineer', 'lyricist'), ('producer, songwriter, lyricist, engineer', 'engineer'), ('songwriter, lyricist', 'songwriter'), ('songwriter, lyricist', 'lyricist'), ('songwriter', 'songwriter'), ('producer, songwriter, lyricist', 'producer'), ('producer, songwriter, lyricist', 'songwriter'), ('producer, songwriter, lyricist', 'lyricist'), ('songwriter, lyricist', 'songwriter'), ('songwriter, lyricist', 'lyricist'), ('songwriter, lyricist', 'songwriter'), ('songwriter, lyricist', 'lyricist'), ('songwriter, producer, keyboard & programming', 'songwriter'), ('songwriter, producer, keyboard & programming', 'producer'), ('songwriter, producer, keyboard & programming', 'keyboard & programming'), ('songwriter', 'songwriter'), ('songwriter, producer, keyboard & programming', 'songwriter'), ('songwriter, producer, keyboard & programming', 'producer'), ('songwriter, producer, keyboard & programming', 'keyboard & programming'), ('producer, songwriter, composer, keyboards, programming', 'producer'), ('producer, songwriter, composer, keyboards, programming', 'songwriter'), ('producer, songwriter, composer, keyboards, programming', 'composer'), ('producer, songwriter, composer, keyboards, programming', 'keyboards'), ('producer, songwriter, composer, keyboards, programming', 'programming'), ('songwriter, producer, keyboards, programming', 'songwriter'), ('songwriter, producer, keyboards, programming', 'producer'), ('songwriter, producer, keyboards, programming', 'keyboards'), ('songwriter, producer, keyboards, programming', 'programming'), ('producer, songwriter, keyboards, programming', 'producer'), ('producer, songwriter, keyboards, programming', 'songwriter'), ('producer, songwriter, keyboards, programming', 'keyboards'), ('producer, songwriter, keyboards, programming', 'programming'), ('producer, songwriter, keyboards, programming', 'producer'), ('producer, songwriter, keyboards, programming', 'songwriter'), ('producer, songwriter, keyboards, programming', 'keyboards'), ('producer, songwriter, keyboards, programming', 'programming'), ('songwriter', 'songwriter')]","songwriter, songwriter, producer, songwriter, arranger, engineer, producer, producer, songwriter, arranger, engineer, songwriter, producer, songwriter, arranger, engineer, arranger, producer, songwriter, arranger, engineer, engineer, producer, songwriter, lyricist, engineer, producer, producer, songwriter, lyricist, engineer, songwriter, producer, songwriter, lyricist, engineer, lyricist, producer, songwriter, lyricist, engineer, engineer, songwriter, lyricist, songwriter, songwriter, lyricist, lyricist, songwriter, songwriter, producer, songwriter, lyricist, producer, producer, songwriter, lyricist, songwriter, producer, songwriter, lyricist, lyricist, songwriter, lyricist, songwriter, songwriter, lyricist, lyricist, songwriter, lyricist, songwriter, songwriter, lyricist, lyricist, songwriter, producer, keyboard & programming, songwriter, songwriter, producer, keyboard & programming, producer, songwriter, producer, keyboard & programming, keyboard & programming, songwriter, songwriter, songwriter, producer, keyboard & programming, songwriter, songwriter, producer, keyboard & programming, producer, songwriter, producer, keyboard & programming, keyboard & programming, producer, songwriter, composer, keyboards, programming, producer, producer, songwriter, composer, keyboards, programming, songwriter, producer, songwriter, composer, keyboards, programming, composer, producer, songwriter, composer, keyboards, programming, keyboards, producer, songwriter, composer, keyboards, programming, programming, songwriter, producer, keyboards, programming, songwriter, songwriter, producer, keyboards, programming, producer, songwriter, producer, keyboards, programming, keyboards, songwriter, producer, keyboards, programming, programming, producer, songwriter, keyboards, programming, producer, producer, songwriter, keyboards, programming, songwriter, producer, songwriter, keyboards, programming, keyboards, producer, songwriter, keyboards, programming, programming, producer, songwriter, keyboards, programming, producer, producer, songwriter, keyboards, programming, songwriter, producer, songwriter, keyboards, programming, keyboards, producer, songwriter, keyboards, programming, programming, songwriter, songwriter","songwriter, lyricist",-2.596,EXACT_LIKELIHOOD,127
"[('enomoto atsuko',), (""news, kat-tun & johnny's jr"",), ('kat-tun',), ('biyuden',), ('miss love tantei',), ('miss love tantei music dvd (single-v)',), ('high score dvd',), ('petit best6',), ('van tomiko',), ('v6 (coming century)',), ('coming century',), ('park yong ha',), (""johnny's jr"",), ('field of view yuya asaoka',), ('hey! say! 7',), ('kazuya kamenashi & koki tanaka',), ('hey! say! jump',), ('hideaki takizawa (tackey & tsubasa)',), ('aikawa nanase',), ('us5',), ('kis-my-ft2',), ('yabu kota (hey! say! jump)',), ('takizawa hideaki',), ('shinee',), ('kim hyun joong (김현중)',), ('シェイ・ハーニー',), ('イ・シュンキ',), ('sexy zone',), ('heo young saeng (허영생)',), ('b1a4',), ('a-jax',), ('kim hyun joong',), ('f.t.island',), ('namie amuro',), (""소녀시대, [girl's generation(少女時代)]"",), ('tree',), ('high five',), ('the united',)]","enomoto atsuko, news, kat-tun & johnny's jr, kat-tun, biyuden, miss love tantei, miss love tantei music dvd (single-v), high score dvd, petit best6, van tomiko, v6 (coming century), coming century, park yong ha, johnny's jr, field of view yuya asaoka, hey! say! 7, kazuya kamenashi & koki tanaka, hey! say! jump, hideaki takizawa (tackey & tsubasa), aikawa nanase, us5, kis-my-ft2, yabu kota (hey! say! jump), takizawa hideaki, shinee, kim hyun joong (김현중), シェイ・ハーニー, イ・シュンキ, sexy zone, heo young saeng (허영생), b1a4, a-jax, kim hyun joong, f.t.island, namie amuro, 소녀시대, [girl's generation(少女時代)], tree, high five, the united","johnny's entertainment, japan",-3.576,EXACT_LIKELIHOOD,127
"[('icebreaker',)]",icebreaker,icebreaker,-2.032,EXACT_LIKELIHOOD,3
"[('del norte county',)]",del norte county,del norte county,-2.738,EXACT_LIKELIHOOD,5
"[(None,)]",none,6,-8.340,EXACT_LIKELIHOOD,2
"[(12.0,)]",12,6,-4.876,EXACT_LIKELIHOOD,2
"[('havana',), ('cuba',)]","havana, cuba","havana, cuba",-1.850,EXACT_LIKELIHOOD,6
"[('havana',), ('cuba',)]","havana, cuba",79.12 m,-3.893,EXACT_LIKELIHOOD,6
"[('2000', 'bulldogs', None), ('2001', 'bulldogs', 21.0), ('2002', 'bulldogs', 17.0), ('2003', 'bulldogs', 19.0), ('2004', 'bulldogs', 25.0), ('2005', 'bulldogs', 23.0), ('2006', 'roosters', 16.0), ('2007', 'roosters', 19.0), ('2008', 'roosters', 25.0), ('2009', 'roosters', 14.0), ('2010', 'roosters', 27.0), ('2011', 'roosters', 24.0), ('2012', 'roosters', 22.0), ('2013', 'tigers', 16.0)]","2000, bulldogs, none, 2001, bulldogs, 21.0, 2002, bulldogs, 17.0, 2003, bulldogs, 19.0, 2004, bulldogs, 25.0, 2005, bulldogs, 23.0, 2006, roosters, 16.0, 2007, roosters, 19.0, 2008, roosters, 25.0, 2009, roosters, 14.0, 2010, roosters, 27.0, 2011, roosters, 24.0, 2012, roosters, 22.0, 2013, tigers, 16.0",22,-3.973,EXACT_LIKELIHOOD,127
"[('2004', '8'), ('2005', '6'), ('2006', '9'), ('2008', '8'), ('2010', '27'), ('2011', '7'), ('2012', '5'), ('2013', '12')]","2004, 8, 2005, 6, 2006, 9, 2008, 8, 2010, 27, 2011, 7, 2012, 5, 2013, 12",9,-3.789,EXACT_LIKELIHOOD,32
"[('2004', '7th')]","2004, 7th",7th,-3.981,EXACT_LIKELIHOOD,5
"[('1-0', '1:10'), ('2-0', '1:33'), ('3-1', '0:43')]","1-0, 1:10, 2-0, 1:33, 3-1, 0:43","1:33, 3:25",-2.126,EXACT_LIKELIHOOD,24
"[('1983-09-14',)]",1983-09-14,"september 14, 1983",-5.956,EXACT_LIKELIHOOD,6
"[('clay',)]",clay,clay,-2.099,EXACT_LIKELIHOOD,2
"[('4',)]",4,4,-0.879,EXACT_LIKELIHOOD,2
"[(51.31,)]",51.31,51.31,-2.249,EXACT_LIKELIHOOD,4
"[(10.0,)]",10,10,-0.639,EXACT_LIKELIHOOD,2
"[(19.0,)]",19,19,-1.829,EXACT_LIKELIHOOD,2
"[(7408000.0,)]",7408000,"7,408,000",-5.685,EXACT_LIKELIHOOD,4
"[(1,)]",1,5,-4.152,EXACT_LIKELIHOOD,2
"[(0.29,)]",0.29,0.29 kuwaiti dinars,-5.774,EXACT_LIKELIHOOD,4
"[('""cheat on you""',), ('""dance bailalo""',), ('""dancing tonight""',), ('""lucky day (song)""',), ('""positive""',), ('""lovelife (kate ryan song)""',), ('""broken (kate ryan song)""',), ('""give me more""',), ('""drop it low (kat deluna song)""',), ('""8 days a week""',), ('""can u feel it""',), ('""be there""',), ('""be there (ballad version)""',), ('""one foot out of the door""',), ('""muevete muevete (ola ola)""',), ('""hollywood""',), ('""riot""',), ('""papaoutai (nicolaz official remix)""',), ('""move (deekly & eightysix official remix)""',), ('""move (over xpsr official remix)""',)]","""cheat on you"", ""dance bailalo"", ""dancing tonight"", ""lucky day (song)"", ""positive"", ""lovelife (kate ryan song)"", ""broken (kate ryan song)"", ""give me more"", ""drop it low (kat deluna song)"", ""8 days a week"", ""can u feel it"", ""be there"", ""be there (ballad version)"", ""one foot out of the door"", ""muevete muevete (ola ola)"", ""hollywood"", ""riot"", ""papaoutai (nicolaz official remix)"", ""move (deekly & eightysix official remix)"", ""move (over xpsr official remix)""","""cheat on you"", ""dance bailalo"", ""dancing tonight"", ""positive""",-2.023,EXACT_LIKELIHOOD,127
"[(20,)]",20,11,-5.554,EXACT_LIKELIHOOD,2
"[('spa',), ('spa',), ('les rousses',), ('les rousses',)]","spa, spa, les rousses, les rousses",spa,-3.264,EXACT_LIKELIHOOD,14
"[('france',)]",france,colombia,-1.369,EXACT_LIKELIHOOD,3
"[(244.0,)]",244,244 km (152 mi),-1.611,EXACT_LIKELIHOOD,2
"[(37,)]",37,2,-7.416,EXACT_LIKELIHOOD,2
"[(0,)]",0,2,-5.491,EXACT_LIKELIHOOD,2
"[(0,)]",0,1,-4.706,EXACT_LIKELIHOOD,2
"[(763.5644444444443,)]",763.5644444444443,27.41,-7.394,EXACT_LIKELIHOOD,11
"[('42',), ('46',), (None,)]","42, 46, none",42,-6.800,EXACT_LIKELIHOOD,6
"[(78973.0,), (78973.0,)]","78973.0, 78973.0","78,973",-6.762,EXACT_LIKELIHOOD,12
"[(None, 32), ('a. nageswara rao', 11), ('anoop kumar', 1), ('c. honnappa bhagavathar', 1), ('c. s. r. anjaneyulu', 1), ('chittor v. nagaiah', 2), ('dilip kumar', 1), ('gemini ganesan', 2), ('gemini ganesan & k. r. ramaswamy', 1), ('k. a. thangavelu', 1), ('k. jaggaiah', 1), ('kemparaj urs', 1), ('krishnan-panju', 1), ('m. g. ramachandran', 9), ('m. k. radha', 3), ('m. k. thyagaraja bhagavathar', 1), ('n. s. krishnan', 1), ('n. t. rama rao', 7), ('n. t. rama rao & a. nageswara rao', 1), ('n. t. rama rao & sivaji ganesan', 1), ('p. u. chinnappa bhagavathar', 1), ('prashanth, roja', 1), ('s. balachander', 1), ('s. v. ranga rao', 2), ('sivaji ganesan', 8), ('sivaji ganesan, vyjayanthimala', 1), ('sujatha, sarath babu', 1), ('t. r. mahalingam', 1)]","none, 32, a. nageswara rao, 11, anoop kumar, 1, c. honnappa bhagavathar, 1, c. s. r. anjaneyulu, 1, chittor v. nagaiah, 2, dilip kumar, 1, gemini ganesan, 2, gemini ganesan & k. r. ramaswamy, 1, k. a. thangavelu, 1, k. jaggaiah, 1, kemparaj urs, 1, krishnan-panju, 1, m. g. ramachandran, 9, m. k. radha, 3, m. k. thyagaraja bhagavathar, 1, n. s. krishnan, 1, n. t. rama rao, 7, n. t. rama rao & a. nageswara rao, 1, n. t. rama rao & sivaji ganesan, 1, p. u. chinnappa bhagavathar, 1, prashanth, roja, 1, s. balachander, 1, s. v. ranga rao, 2, sivaji ganesan, 8, sivaji ganesan, vyjayanthimala, 1, sujatha, sarath babu, 1, t. r. mahalingam, 1",12,-4.285,EXACT_LIKELIHOOD,127
"[(7071.0,), (6146.0,), (6662.0,), (7587.0,), (6834.0,), (8543.0,), (16121.0,), (8279.0,), (9357.0,)]","7071.0, 6146.0, 6662.0, 7587.0, 6834.0, 8543.0, 16121.0, 8279.0, 9357.0","7,071",-5.077,EXACT_LIKELIHOOD,46
"[(1989,)]",1989,1989,-2.766,EXACT_LIKELIHOOD,2
"[(1931,)]",1931,1931,-1.045,EXACT_LIKELIHOOD,2
"[(9036.790000000003,)]",9036.790000000003,21.91,-7.510,EXACT_LIKELIHOOD,8
"[(15, 0, 'replay', None, 'dagenham & redbridge', '3 - 0', 3, 3, 0, 'exeter city', None, None), (20, 0, 'replay', None, 'stoke city', '3 - 0', 3, 3, 0, 'halifax town', '4356', 4356.0)]","15, 0, replay, none, dagenham & redbridge, 3 - 0, 3, 3, 0, exeter city, none, none, 20, 0, replay, none, stoke city, 3 - 0, 3, 3, 0, halifax town, 4356, 4356.0",dagenham & redbridge,-4.579,EXACT_LIKELIHOOD,67
"[('kenny perry', -16, 268)]","kenny perry, -16, 268","kenny perry, −16 (65-67-67-69-268)",-2.717,EXACT_LIKELIHOOD,10
"[('real jaen',)]",real jaen,cd villarrobledo,-6.511,EXACT_LIKELIHOOD,4
"[('total', 72.0)]","total, 72.0",vietnam,-7.490,EXACT_LIKELIHOOD,6
"[(8,)]",8,8,-0.587,EXACT_LIKELIHOOD,2
"[(0,)]",0,4,-7.336,EXACT_LIKELIHOOD,2
"[('five years in prison, suspended. later violates probation and is sentenced to seven years',)]","five years in prison, suspended. later violates probation and is sentenced to seven years","five years in prison, suspended",-1.628,EXACT_LIKELIHOOD,17
"[(3934.0,)]",3934,"3,934",-5.867,EXACT_LIKELIHOOD,3
"[('krwk', '101.9 fm', 'fargo', 'midwest communications, inc', 'mainstream rock')]","krwk, 101.9 fm, fargo, midwest communications, inc, mainstream rock",kfgo,-5.085,EXACT_LIKELIHOOD,22
"[(80000.0,)]",80000,"80,000",-7.706,EXACT_LIKELIHOOD,3
"[(3710.0,)]",3710,1762,-7.136,EXACT_LIKELIHOOD,3
"[('singing contestant',), ('host',)]","singing contestant, host",singing contestant,-5.004,EXACT_LIKELIHOOD,5
"[(206,)]",206,206,-1.380,EXACT_LIKELIHOOD,2
"[('29164',), ('50748',), ('26943',), ('27812',), ('31922',), ('28652',), ('43848',)]","29164, 50748, 26943, 27812, 31922, 28652, 43848","63,132",-5.801,EXACT_LIKELIHOOD,22
"[('mf',)]",mf,mf,-2.939,EXACT_LIKELIHOOD,3
"[('101 rent boys',), ('eban and charley',), ('if these walls could talk 2',), ('paragraph 175',), ('the girl',), (""what's cooking?"",)]","101 rent boys, eban and charley, if these walls could talk 2, paragraph 175, the girl, what's cooking?","101 rent boys, and then came summer, before night falls, benjamin smoke, eban and charley, fleeing by night, forbidden fruit, drift, drôle de félix, faites comme si je n'étais pas là, hsu li kong, chi yin",-3.428,EXACT_LIKELIHOOD,28
"[(0,)]",0,10,-6.738,EXACT_LIKELIHOOD,2
"[(243.0,), (373.0,), (None,), (None,), (None,)]","243.0, 373.0, none, none, none",373,-5.704,EXACT_LIKELIHOOD,14
"[('$42,273,609',)]","$42,273,609","$201,965,915",-6.391,EXACT_LIKELIHOOD,7
"[(24004,)]",24004,43 days,-10.142,EXACT_LIKELIHOOD,3
"[(24004,)]",24004,43 days,-10.142,EXACT_LIKELIHOOD,3
"[(33796,)]",33796,43 days,-8.779,EXACT_LIKELIHOOD,3
"[(24004,)]",24004,43 days,-10.142,EXACT_LIKELIHOOD,3
"[('1,620 days',)]","1,620 days",195 days,-5.840,EXACT_LIKELIHOOD,5
"[('chinese odyssey 2002',), ('time 4 hope',)]","chinese odyssey 2002, time 4 hope",the voice of,-6.132,EXACT_LIKELIHOOD,10
"[(0,)]",0,2,-5.613,EXACT_LIKELIHOOD,2
"[('24.55 m', '9.68 m'), ('37.5 m', '10 m'), ('37.5 m', '10 m'), ('81.5 m', '11.3 m'), ('81.5 m', '11.3 m')]","24.55 m, 9.68 m, 37.5 m, 10 m, 37.5 m, 10 m, 81.5 m, 11.3 m, 81.5 m, 11.3 m","24.55 m (80.5 ft), 10 m (33 ft)",-2.511,EXACT_LIKELIHOOD,46
"[(7,)]",7,5,-2.222,EXACT_LIKELIHOOD,2
"[(0,)]",0,6,-6.353,EXACT_LIKELIHOOD,2
"[(0,)]",0,5,-6.236,EXACT_LIKELIHOOD,2
"[('1971', 1), ('1975', 1)]","1971, 1, 1975, 1",4,-7.115,EXACT_LIKELIHOOD,8
"[(7,)]",7,7,-0.706,EXACT_LIKELIHOOD,2
"[(130.0,)]",130,73,-7.334,EXACT_LIKELIHOOD,2
"[(8.9014,)]",8.9014,8.821,-4.746,EXACT_LIKELIHOOD,5
"[(19.0,)]",19,4,-5.551,EXACT_LIKELIHOOD,2
"[(298.0,)]",298,13,-8.342,EXACT_LIKELIHOOD,2
"[(47.0,)]",47,80,-6.843,EXACT_LIKELIHOOD,2
"[('jonas elofsson',)]",jonas elofsson,jonas elofsson,-1.969,EXACT_LIKELIHOOD,7
"[('daegu, korea',), ('daegu, korea',)]","daegu, korea, daegu, korea","daegu, korea",-2.770,EXACT_LIKELIHOOD,12
"[('1976-08-25',)]",1976-08-25,1976-08-25,-1.636,EXACT_LIKELIHOOD,6
"[('hampden park',), ('glasgow',)]","hampden park, glasgow","hampden park, glasgow",-1.523,EXACT_LIKELIHOOD,9
"[('1950-11-01', 'northern ireland'), ('1950-11-01', 'northern ireland'), ('1950-12-13', 'austria'), ('1950-12-13', 'austria'), ('1951-05-12', 'denmark'), ('1951-05-12', 'denmark'), ('1951-05-16', 'france'), ('1951-05-16', 'france')]","1950-11-01, northern ireland, 1950-11-01, northern ireland, 1950-12-13, austria, 1950-12-13, austria, 1951-05-12, denmark, 1951-05-12, denmark, 1951-05-16, france, 1951-05-16, france","1 november 1950, northern ireland",-3.825,EXACT_LIKELIHOOD,74
"[('2014',)]",2014,2014,-3.354,EXACT_LIKELIHOOD,2
"[('zabel-vmc',), ('zabel-vmc',), ('ktm-mefo',), ('ktm-vmc',), ('zabel-vmc',), ('ktm-ayr',), ('zabel-vmc',), ('ktm-ayr',), ('jawa-mefo',)]","zabel-vmc, zabel-vmc, ktm-mefo, ktm-vmc, zabel-vmc, ktm-ayr, zabel-vmc, ktm-ayr, jawa-mefo",zabel-vmc,-1.136,EXACT_LIKELIHOOD,56
"[(1.0,)]",1,3,-1.850,EXACT_LIKELIHOOD,2
"[('2005',)]",2005,2005,-0.684,EXACT_LIKELIHOOD,2
"[(1,)]",1,2,-3.944,EXACT_LIKELIHOOD,2
"[(0,)]",0,2,-5.483,EXACT_LIKELIHOOD,2
"[(1,)]",1,2,-1.846,EXACT_LIKELIHOOD,2
"[('283',)]",283,283,-1.085,EXACT_LIKELIHOOD,2
"[(9.0,)]",9,9,-1.045,EXACT_LIKELIHOOD,2
"[('almeria', '702819', 102.0), ('cadiz', '1243519', 44.0), ('cordoba', '805857', 75.0), ('granada', '924550', 169.0), ('huelva', '521968', 79.0), ('jaen', '670600', 97.0), ('malaga', '1625827', 101.0), ('seville', '1928962', 105.0)]","almeria, 702819, 102.0, cadiz, 1243519, 44.0, cordoba, 805857, 75.0, granada, 924550, 169.0, huelva, 521968, 79.0, jaen, 670600, 97.0, malaga, 1625827, 101.0, seville, 1928962, 105.0","almería, 102",-4.625,EXACT_LIKELIHOOD,89
"[('beijing, pr china', '15th')]","beijing, pr china, 15th","beijing, pr china, 15th",-1.162,EXACT_LIKELIHOOD,10
"[('central american and caribbean junior championships (u-17)', 'bridgetown'), ('central american and caribbean junior championships (u-17)', 'barbados'), ('central american and caribbean junior championships (u-20)', 'coatzacoalcos'), ('central american and caribbean junior championships (u-20)', 'mexico'), ('world junior championships', 'grosseto'), ('world junior championships', 'italy'), ('world championships', 'helsinki'), ('world championships', 'finland'), ('central american and caribbean games', 'cartagena'), ('central american and caribbean games', 'colombia'), ('world championships', 'osaka'), ('world championships', 'japan'), ('olympic games', 'beijing'), ('olympic games', 'pr china'), ('world championships', 'berlin'), ('world championships', 'germany'), ('central american and caribbean games', 'mayaguez'), ('central american and caribbean games', 'puerto rico'), ('world championships', 'daegu'), ('world championships', 'korea'), ('pan american games', 'guadalajara'), ('pan american games', 'mexico')]","central american and caribbean junior championships (u-17), bridgetown, central american and caribbean junior championships (u-17), barbados, central american and caribbean junior championships (u-20), coatzacoalcos, central american and caribbean junior championships (u-20), mexico, world junior championships, grosseto, world junior championships, italy, world championships, helsinki, world championships, finland, central american and caribbean games, cartagena, central american and caribbean games, colombia, world championships, osaka, world championships, japan, olympic games, beijing, olympic games, pr china, world championships, berlin, world championships, germany, central american and caribbean games, mayaguez, central american and caribbean games, puerto rico, world championships, daegu, world championships, korea, pan american games, guadalajara, pan american games, mexico","bridgetown, barbados",-2.885,EXACT_LIKELIHOOD,127
"[('helsinki, finland', 8.0), ('helsinki, finland', 8.0), ('osaka, japan', 4.0), ('osaka, japan', 4.0)]","helsinki, finland, 8.0, helsinki, finland, 8.0, osaka, japan, 4.0, osaka, japan, 4.0","helsinki, finland, 8th",-3.061,EXACT_LIKELIHOOD,42
"[('gold', 'paavo nurmi', 'athletics', ""men's individual cross country""), ('gold', 'heikki liimatainen, paavo nurmi, ville ritola', 'athletics', ""men's team cross country""), ('gold', 'heikki liimatainen, paavo nurmi, ville ritola', 'athletics', ""men's team cross country""), ('gold', 'heikki liimatainen, paavo nurmi, ville ritola', 'athletics', ""men's team cross country""), ('silver', 'ville ritola', 'athletics', ""men's individual cross country""), ('bronze', 'vilho tuulos', 'athletics', ""men's triple jump"")]","gold, paavo nurmi, athletics, men's individual cross country, gold, heikki liimatainen, paavo nurmi, ville ritola, athletics, men's team cross country, gold, heikki liimatainen, paavo nurmi, ville ritola, athletics, men's team cross country, gold, heikki liimatainen, paavo nurmi, ville ritola, athletics, men's team cross country, silver, ville ritola, athletics, men's individual cross country, bronze, vilho tuulos, athletics, men's triple jump","men's individual cross country, paavo nurmi, men's team cross country, ville ritola, men's individual cross country",-1.980,EXACT_LIKELIHOOD,127
"[('paavo nurmi',), ('heikki liimatainen, paavo nurmi, ville ritola',), ('heikki liimatainen, paavo nurmi, ville ritola',), ('heikki liimatainen, paavo nurmi, ville ritola',), ('ville ritola',), ('vilho tuulos',)]","paavo nurmi, heikki liimatainen, paavo nurmi, ville ritola, heikki liimatainen, paavo nurmi, ville ritola, heikki liimatainen, paavo nurmi, ville ritola, ville ritola, vilho tuulos","paavo nurmi, ville ritola",-1.275,EXACT_LIKELIHOOD,85
"[('ville ritola',), ('ville ritola',), ('erik wilen',), ('elias katz',), ('vilho niittymaa',)]","ville ritola, ville ritola, erik wilen, elias katz, vilho niittymaa","elias katz, ville ritola",-1.032,EXACT_LIKELIHOOD,29
"[('ville ritola',)]",ville ritola,ville ritola,-1.177,EXACT_LIKELIHOOD,6
"[(2808.0,)]",2808,"2,808",-7.345,EXACT_LIKELIHOOD,3
"[(425092.0,)]",425092,135523,-7.588,EXACT_LIKELIHOOD,4
"[(212,)]",212,780,-6.807,EXACT_LIKELIHOOD,2
"[('mediamobsters', 'whiptail interactive'), ('rockstar north', 'rockstar games')]","mediamobsters, whiptail interactive, rockstar north, rockstar games","mediamobsters, whiptail interactive",-2.395,EXACT_LIKELIHOOD,18
"[('1k', 'pdip-20', '0'), ('2k', 'pdip-20', '128'), ('2k', 'pdip-8', '128'), ('2k', 'pdip-8', '128'), ('4k', 'pdip-40', '256'), ('4k', 'pdip-40', '256'), ('8k', 'pdip-40', '512'), ('8k', 'pdip-40', '512')]","1k, pdip-20, 0, 2k, pdip-20, 128, 2k, pdip-8, 128, 2k, pdip-8, 128, 4k, pdip-40, 256, 4k, pdip-40, 256, 8k, pdip-40, 512, 8k, pdip-40, 512","64, 128, 128, 128, 128, 128, 128, 128, 128, 128",-2.682,EXACT_LIKELIHOOD,88
"[(0.0,), (128.0,), (256.0,), (512.0,)]","0.0, 128.0, 256.0, 512.0",3,-5.137,EXACT_LIKELIHOOD,16
"[(0,)]",0,1,-5.457,EXACT_LIKELIHOOD,2
"[(1,)]",1,3,-4.611,EXACT_LIKELIHOOD,2
"[(4,)]",4,5,-2.066,EXACT_LIKELIHOOD,2
"[(0,)]",0,3,-6.198,EXACT_LIKELIHOOD,2
"[('12 march 2005',), ('15 february 2005',), ('19 february 2005',), ('2 april 2005',)]","12 march 2005, 15 february 2005, 19 february 2005, 2 april 2005","15 february 2005, 19 february 2005, 26 february 2005, 12 march 2005, 2 april 2005, 9 april 2005",-2.235,EXACT_LIKELIHOOD,21
"[('2010', '130'), ('2009', '122'), ('2006', '166'), ('2005', '185'), ('2003', '199'), ('2002', '185'), ('2001', '200'), ('2000', '189'), ('1999', '211')]","2010, 130, 2009, 122, 2006, 166, 2005, 185, 2003, 199, 2002, 185, 2001, 200, 2000, 189, 1999, 211","2001, 200",-2.932,EXACT_LIKELIHOOD,36
"[(130.0,), (122.0,), (166.0,), (185.0,), (199.0,), (185.0,), (200.0,), (189.0,), (211.0,)]","130.0, 122.0, 166.0, 185.0, 199.0, 185.0, 200.0, 189.0, 211.0",200,-5.619,EXACT_LIKELIHOOD,36
"[('stop the bleeding',)]",stop the bleeding,stop the bleeding,-4.449,EXACT_LIKELIHOOD,4
"[('cartagena, colombia',), ('cartagena, colombia',)]","cartagena, colombia, cartagena, colombia","cartagena, colombia",-1.712,EXACT_LIKELIHOOD,16
"[('mayaguez, puerto rico', 'mayaguez'), ('mayaguez, puerto rico', 'puerto rico')]","mayaguez, puerto rico, mayaguez, mayaguez, puerto rico, puerto rico","mayagüez, puerto rico",-2.795,EXACT_LIKELIHOOD,27
"[(0,)]",0,4,-6.482,EXACT_LIKELIHOOD,2
"[('1976 winter paralympics', 12.0), ('1984 winter paralympics', 9.0), ('1988 winter paralympics', 37.0), ('1992 winter paralympics', 15.0), ('1994 winter paralympics', 16.0), ('1998 winter paralympics', 23.0), ('2002 winter paralympics', 12.0), ('2006 winter paralympics', 2.0), ('2010 winter paralympics', 3.0)]","1976 winter paralympics, 12.0, 1984 winter paralympics, 9.0, 1988 winter paralympics, 37.0, 1992 winter paralympics, 15.0, 1994 winter paralympics, 16.0, 1998 winter paralympics, 23.0, 2002 winter paralympics, 12.0, 2006 winter paralympics, 2.0, 2010 winter paralympics, 3.0",41,-2.441,EXACT_LIKELIHOOD,90
"[('1976 winter paralympics', 12.0), ('1984 winter paralympics', 9.0), ('1988 winter paralympics', 37.0), ('1992 winter paralympics', 15.0), ('1994 winter paralympics', 16.0), ('1998 winter paralympics', 23.0), ('2002 winter paralympics', 12.0), ('2006 winter paralympics', 2.0), ('2010 winter paralympics', 3.0)]","1976 winter paralympics, 12.0, 1984 winter paralympics, 9.0, 1988 winter paralympics, 37.0, 1992 winter paralympics, 15.0, 1994 winter paralympics, 16.0, 1998 winter paralympics, 23.0, 2002 winter paralympics, 12.0, 2006 winter paralympics, 2.0, 2010 winter paralympics, 3.0","winter paralympics, 37",-2.123,EXACT_LIKELIHOOD,90
"[(48.0,)]",48,37,-3.620,EXACT_LIKELIHOOD,2
"[('bill dial', 1), ('bob shane & ron friedman', 1), ('bob wilcox', 1), ('carol caldwell & marianne clarkson', 1), ('david rich', 1), ('george geiger', 1), ('john considine', 1), ('michael piller & bill dial', 2), ('peter allan fields', 1), ('steve stolier & frederick rappaport', 1), ('tim burns', 1)]","bill dial, 1, bob shane & ron friedman, 1, bob wilcox, 1, carol caldwell & marianne clarkson, 1, david rich, 1, george geiger, 1, john considine, 1, michael piller & bill dial, 2, peter allan fields, 1, steve stolier & frederick rappaport, 1, tim burns, 1",4,-1.686,EXACT_LIKELIHOOD,93
"[('""birth of a legend""',), ('""bone of contention""',), ('""clueless in san francisco""',)]","""birth of a legend"", ""bone of contention"", ""clueless in san francisco""","""birth of a legend""",-1.244,EXACT_LIKELIHOOD,20
"[(2,)]",2,3,-3.941,EXACT_LIKELIHOOD,2
"[(7,)]",7,10,-3.798,EXACT_LIKELIHOOD,2
"[('substantially intact',)]",substantially intact,substantially intact,-2.217,EXACT_LIKELIHOOD,3
"[(7.0,)]",7,3,-1.530,EXACT_LIKELIHOOD,2
"[('australia', 3), ('china', 3), ('czech republic', 3), ('france', 3), ('germany', 3), ('great britain', 3), ('greece', 3), ('japan', 3), ('malaysia', 3), ('netherlands', 3), ('poland', 3), ('russia', 3), ('united states', 3)]","australia, 3, china, 3, czech republic, 3, france, 3, germany, 3, great britain, 3, greece, 3, japan, 3, malaysia, 3, netherlands, 3, poland, 3, russia, 3, united states, 3",2,-3.675,EXACT_LIKELIHOOD,73
"[('australia', 5), ('england', 3), ('new zealand', 3), ('pakistan', 5), ('south africa', 1), ('sri lanka', 1), ('west indies', 2)]","australia, 5, england, 3, new zealand, 3, pakistan, 5, south africa, 1, sri lanka, 1, west indies, 2",10,-3.193,EXACT_LIKELIHOOD,42
"[(6, 66.67)]","6, 66.67",66.67%,-3.500,EXACT_LIKELIHOOD,6
"[('otto fritz meyerhof', '1922', 'physiology or medicine', '""for his discovery of the fixed relationship between the consumption of oxygen and the metabolism of lactic acid in the muscle""'), ('richard kuhn', '1938', 'physiology or medicine', '""for his work on carotenoids and vitamins""'), ('vincent du vigneaud', '1955', 'chemistry', '""for his work on sulphur compounds, especially the first synthesis of a polypeptide hormone""'), ('robert hofstadter', '1961', 'physics', '""for his pioneering studies of electron scattering in atomic nuclei and for his thereby achieved discoveries concerning the structure of the nucleons""'), ('martin luther king, jr', '1964', 'nobel peace prize', 'for being ""the first person in the western world to have shown us that a struggle can be waged without violence.""'), ('ragnar granit', '1967', 'physiology or medicine', '""for their discoveries concerning the primary physiological and chemical visual processes in the eye""'), ('haldan keffer hartline', '1967', 'physiology or medicine', '""for their discoveries concerning the primary physiological and chemical visual processes in the eye""')]","otto fritz meyerhof, 1922, physiology or medicine, ""for his discovery of the fixed relationship between the consumption of oxygen and the metabolism of lactic acid in the muscle"", richard kuhn, 1938, physiology or medicine, ""for his work on carotenoids and vitamins"", vincent du vigneaud, 1955, chemistry, ""for his work on sulphur compounds, especially the first synthesis of a polypeptide hormone"", robert hofstadter, 1961, physics, ""for his pioneering studies of electron scattering in atomic nuclei and for his thereby achieved discoveries concerning the structure of the nucleons"", martin luther king, jr, 1964, nobel peace prize, for being ""the first person in the western world to have shown us that a struggle can be waged without violence."", ragnar granit, 1967, physiology or medicine, ""for their discoveries concerning the primary physiological and chemical visual processes in the eye"", haldan keffer hartline, 1967, physiology or medicine, ""for their discoveries concerning the primary physiological and chemical visual processes in the eye""","physiology or medicine, physiology or medicine",-2.079,EXACT_LIKELIHOOD,127
"[('ragnar granit',), ('haldan keffer hartline',), ('simon kuznets',), ('christian b. anfinsen',), ('gerald edelman',), ('john robert schrieffer',), ('baruch samuel blumberg',), ('michael stuart brown',), ('ahmed zewail',)]","ragnar granit, haldan keffer hartline, simon kuznets, christian b. anfinsen, gerald edelman, john robert schrieffer, baruch samuel blumberg, michael stuart brown, ahmed zewail",m.d.,-1.094,EXACT_LIKELIHOOD,61
"[('ahmed zewail', 1999), ('alan j. heeger', 2000), ('alan macdiarmid', 2000), ('baruch samuel blumberg', 1976), ('christian b. anfinsen', 1972), ('edmund phelps', 2006), ('edward c. prescott', 2004), (""ei'ichi negishi"", 2010), ('george e. smith', 2009), ('gerald edelman', 1972), ('haldan keffer hartline', 1967), ('harald zur hausen', 2008), ('hideki shirakawa', 2000), ('irwin rose', 2004), ('john robert schrieffer', 1972), ('lawrence klein', 1980), ('martin luther king, jr', 1964), ('michael stuart brown', 1985), ('oliver e. williamson', 2009), ('otto fritz meyerhof', 1922), ('ragnar granit', 1967), ('raymond davis, jr', 2002), ('richard kuhn', 1938), ('robert hofstadter', 1961), ('simon kuznets', 1971), ('stanley b. prusiner', 1997), ('thomas j. sargent', 2011), ('vincent du vigneaud', 1955)]","ahmed zewail, 1999, alan j. heeger, 2000, alan macdiarmid, 2000, baruch samuel blumberg, 1976, christian b. anfinsen, 1972, edmund phelps, 2006, edward c. prescott, 2004, ei'ichi negishi, 2010, george e. smith, 2009, gerald edelman, 1972, haldan keffer hartline, 1967, harald zur hausen, 2008, hideki shirakawa, 2000, irwin rose, 2004, john robert schrieffer, 1972, lawrence klein, 1980, martin luther king, jr, 1964, michael stuart brown, 1985, oliver e. williamson, 2009, otto fritz meyerhof, 1922, ragnar granit, 1967, raymond davis, jr, 2002, richard kuhn, 1938, robert hofstadter, 1961, simon kuznets, 1971, stanley b. prusiner, 1997, thomas j. sargent, 2011, vincent du vigneaud, 1955",6,-4.455,EXACT_LIKELIHOOD,127
"[('lee hyung-taik', 14)]","lee hyung-taik, 14",lee hyung-taik,-2.826,EXACT_LIKELIHOOD,10
"[('historic', 'tensas / natchez', '1350 ce -\neuropean contact', 'jackson'), ('plaquemine mississippian culture\nlate plaquemine/mississippian\nmiddle plaquemine/mississippian\nearly plaquemine/mississippian', 'transylvania / emerald', '1350 ce -\neuropean contact', 'jackson'), ('plaquemine mississippian culture\nlate plaquemine/mississippian\nmiddle plaquemine/mississippian\nearly plaquemine/mississippian', 'fitzhugh / foster', '1275-1350 ce', 'medley phase'), ('plaquemine mississippian culture\nlate plaquemine/mississippian\nmiddle plaquemine/mississippian\nearly plaquemine/mississippian', 'routh / anna', '1200-1275 ce', 'dorena'), ('transitional coles creek', 'preston / gordon', '1050-1200 ce', 'dorena'), ('coles creek culture\nlate coles creek\nmiddle coles creek\nearly coles creek', 'balmoral', '900-1050 ce', 'james bayou'), ('coles creek culture\nlate coles creek\nmiddle coles creek\nearly coles creek', 'ballina', '900-1050 ce', 'james bayou'), ('jaketown', 'frasier', '700-200 bce', ""o'bryan ridge""), (None, None, '1000 - 200 bce', ""o'bryan ridge"")]","historic, tensas / natchez, 1350 ce -
european contact, jackson, plaquemine mississippian culture
late plaquemine/mississippian
middle plaquemine/mississippian
early plaquemine/mississippian, transylvania / emerald, 1350 ce -
european contact, jackson, plaquemine mississippian culture
late plaquemine/mississippian
middle plaquemine/mississippian
early plaquemine/mississippian, fitzhugh / foster, 1275-1350 ce, medley phase, plaquemine mississippian culture
late plaquemine/mississippian
middle plaquemine/mississippian
early plaquemine/mississippian, routh / anna, 1200-1275 ce, dorena, transitional coles creek, preston / gordon, 1050-1200 ce, dorena, coles creek culture
late coles creek
middle coles creek
early coles creek, balmoral, 900-1050 ce, james bayou, coles creek culture
late coles creek
middle coles creek
early coles creek, ballina, 900-1050 ce, james bayou, jaketown, frasier, 700-200 bce, o'bryan ridge, none, none, 1000 - 200 bce, o'bryan ridge","lower yazoo phases, cahokia phases, ohio/miss. river confluence phases",-3.825,EXACT_LIKELIHOOD,127
"[(1977,)]",1977,"1977, 1981, 1987",-1.174,EXACT_LIKELIHOOD,2
"[(6, 'ralph regula', 'r', 'oh-16', '1973-01-03', 1973, 1, 3, 'left the house in 2009'), (24, 'duncan hunter', 'r', 'ca-52', '1981-01-03', 1981, 1, 3, 'ranking member of the armed services committee\nleft the house in 2009'), (40, 'jim saxton', 'r', 'nj-03', '1984-11-06', 1984, 11, 6, 'left the house in 2009'), (56, 'chris shays', 'r', 'ct-4', '1987-08-18', 1987, 8, 18, 'left the house in 2009'), (57, 'jim mccrery', 'r', 'la-4', '1988-04-16', 1988, 4, 16, 'ranking member of the ways and means committee\nleft the house in 2009'), (65, 'mike mcnulty', 'd', 'ny-21', '1989-01-03', 1989, 1, 3, 'left the house in 2009'), (71, 'james walsh', 'r', 'ny-25', '1989-01-03', 1989, 1, 3, 'left the house in 2009'), (81, 'john t. doolittle', 'r', 'ca-04', '1991-01-03', 1991, 1, 3, 'left the house in 2009'), (83, 'wayne gilchrest', 'r', 'md-1', '1991-01-03', 1991, 1, 3, 'left the house in 2009'), (84, 'david hobson', 'r', 'oh-07', '1991-01-03', 1991, 1, 3, 'left the house in 2009'), (85, 'william jefferson', 'd', 'la-2', '1991-01-03', 1991, 1, 3, 'left the house in 2009'), (88, 'jim ramstad', 'r', 'mn-3', '1991-01-03', 1991, 1, 3, 'left the house in 2009'), (106, 'terry everett', 'r', 'al-2', '1993-01-03', 1993, 1, 3, 'left the house in 2009'), (118, 'joe knollenberg', 'r', 'mi-09', '1993-01-03', 1993, 1, 3, 'left the house in 2009'), (127, 'deborah pryce', 'r', 'oh-15', '1993-01-03', 1993, 1, 3, 'left the house in 2009'), (141, 'ron lewis', 'r', 'ky-2', '1994-05-24', 1994, 5, 24, 'left the house in 2009'), (142, 'steve chabot', 'r', 'oh-01', '1995-01-03', 1995, 1, 3, 'ranking member of the small business committee. left the house in 2009'), (143, 'barbara cubin', 'r', 'wy', '1995-01-03', 1995, 1, 3, 'left the house in 2009'), (144, 'thomas davis', 'r', 'va-11', '1995-01-03', 1995, 1, 3, 'ranking member of the oversight and government reform committee\nleft the house in 2009'), (147, 'phil english', 'r', 'pa-03', '1995-01-03', 1995, 1, 3, 'left the house in 2009'), (154, 'ray lahood', 'r', 'il-18', '1995-01-03', 1995, 1, 3, 'left the house in 2009'), (167, 'dave weldon', 'r', 'fl-15', '1995-01-03', 1995, 1, 3, 'left the house in 2009'), (168, 'jerry weller', 'r', 'il-11', '1995-01-03', 1995, 1, 3, 'left the house in 2009'), (179, 'tom allen', 'd', 'me-1', '1997-01-03', 1997, 1, 3, 'left the house in 2009'), (185, 'chris cannon', 'r', 'ut-3', '1997-01-03', 1997, 1, 3, 'left the house in 2009'), (191, 'virgil goode', 'r', 'va-05', '1997-01-03', 1997, 1, 3, 'left the house in 2009'), (194, 'darlene hooley', 'd', 'or-5', '1997-01-03', 1997, 1, 3, 'left the house in 2009'), (195, 'kenny hulshof', 'r', 'mo-9', '1997-01-03', 1997, 1, 3, 'left the house in 2009'), (204, 'john peterson', 'r', 'pa-05', '1997-01-03', 1997, 1, 3, 'left the house in 2009'), (205, 'chip pickering', 'r', 'ms-3', '1997-01-03', 1997, 1, 3, 'left the house in 2009'), (218, 'vito fossella', 'r', 'ny-13', '1997-11-04', 1997, 11, 4, 'left the house in 2009'), (224, 'heather wilson', 'r', 'nm-1', '1998-06-23', 1998, 6, 23, 'left the house in 2009'), (233, 'robin hayes', 'r', 'nc-08', '1999-01-03', 1999, 1, 3, 'left the house in 2009'), (240, 'tom reynolds', 'r', 'ny-26', '1999-01-03', 1999, 1, 3, 'left the house in 2009'), (244, 'tom tancredo', 'r', 'co-6', '1999-01-03', 1999, 1, 3, 'left the house in 2009'), (247, 'mark udall', 'd', 'co-2', '1999-01-03', 1999, 1, 3, 'left the house in 2009'), (248, 'tom udall', 'd', 'nm-3', '1999-01-03', 1999, 1, 3, 'left the house in 2009'), (263, 'mike ferguson', 'r', 'nj-07', '2001-01-03', 2001, 1, 3, 'left the house in 2009'), (270, 'ric keller', 'r', 'fl-08', '2001-01-03', 2001, 1, 3, 'left the house in 2009'), (309, 'tom feeney', 'r', 'fl-24', '2003-01-03', 2003, 1, 3, 'left the house in 2009'), (325, 'marilyn musgrave', 'r', 'co-4', '2003-01-03', 2003, 1, 3, 'left the house in 2009'), (327, 'steve pearce', 'r', 'nm-2', '2003-01-03', 2003, 1, 3, 'left the house in 2009'), (328, 'jon porter', 'r', 'nv-3', '2003-01-03', 2003, 1, 3, 'left the house in 2009'), (329, 'rick renzi', 'r', 'az-1', '2003-01-03', 2003, 1, 3, 'left the house in 2009'), (354, 'thelma drake', 'r', 'va-02', '2005-01-03', 2005, 1, 3, 'left the house in 2009'), (361, 'randy kuhl', 'r', 'ny-29', '2005-01-03', 2005, 1, 3, 'left the house in 2009'), (382, 'nick lampson', 'd', 'tx-22', '2007-01-04', 2007, 1, 4, 'previously served from 1997 to 2005. left the house in 2009'), (389, 'nancy boyda', 'd', 'ks-2', '2007-01-04', 2007, 1, 4, 'left the house in 2009'), (397, 'david davis', 'r', 'tn-1', '2007-01-04', 2007, 1, 4, 'left the house in 2009'), (415, 'tim mahoney', 'd', 'fl-16', '2007-01-04', 2007, 1, 4, 'left the house in 2009'), (423, 'bill sali', 'r', 'id-1', '2007-01-04', 2007, 1, 4, 'left the house in 2009'), (431, 'tim walberg', 'r', 'mi-07', '2007-01-04', 2007, 1, 4, 'left the house in 2009'), (444, 'don cazayoux', 'd', 'la-6', '2008-05-06', 2008, 5, 6, 'left the house in 2009')]","6, ralph regula, r, oh-16, 1973-01-03, 1973, 1, 3, left the house in 2009, 24, duncan hunter, r, ca-52, 1981-01-03, 1981, 1, 3, ranking member of the armed services committee
left the house in 2009, 40, jim saxton, r, nj-03, 1984-11-06, 1984, 11, 6, left the house in 2009, 56, chris shays, r, ct-4, 1987-08-18, 1987, 8, 18, left the house in 2009, 57, jim mccrery, r, la-4, 1988-04-16, 1988, 4, 16, ranking member of the ways and means committee
left the house in 2009, 65, mike mcnulty, d, ny-21, 1989-01-03, 1989, 1, 3, left the house in 2009, 71, james walsh, r, ny-25, 1989-01-03, 1989, 1, 3, left the house in 2009, 81, john t. doolittle, r, ca-04, 1991-01-03, 1991, 1, 3, left the house in 2009, 83, wayne gilchrest, r, md-1, 1991-01-03, 1991, 1, 3, left the house in 2009, 84, david hobson, r, oh-07, 1991-01-03, 1991, 1, 3, left the house in 2009, 85, william jefferson, d, la-2, 1991-01-03, 1991, 1, 3, left the house in 2009, 88, jim ramstad, r, mn-3, 1991-01-03, 1991, 1, 3, left the house in 2009, 106, terry everett, r, al-2, 1993-01-03, 1993, 1, 3, left the house in 2009, 118, joe knollenberg, r, mi-09, 1993-01-03, 1993, 1, 3, left the house in 2009, 127, deborah pryce, r, oh-15, 1993-01-03, 1993, 1, 3, left the house in 2009, 141, ron lewis, r, ky-2, 1994-05-24, 1994, 5, 24, left the house in 2009, 142, steve chabot, r, oh-01, 1995-01-03, 1995, 1, 3, ranking member of the small business committee. left the house in 2009, 143, barbara cubin, r, wy, 1995-01-03, 1995, 1, 3, left the house in 2009, 144, thomas davis, r, va-11, 1995-01-03, 1995, 1, 3, ranking member of the oversight and government reform committee
left the house in 2009, 147, phil english, r, pa-03, 1995-01-03, 1995, 1, 3, left the house in 2009, 154, ray lahood, r, il-18, 1995-01-03, 1995, 1, 3, left the house in 2009, 167, dave weldon, r, fl-15, 1995-01-03, 1995, 1, 3, left the house in 2009, 168, jerry weller, r, il-11, 1995-01-03, 1995, 1, 3, left the house in 2009, 179, tom allen, d, me-1, 1997-01-03, 1997, 1, 3, left the house in 2009, 185, chris cannon, r, ut-3, 1997-01-03, 1997, 1, 3, left the house in 2009, 191, virgil goode, r, va-05, 1997-01-03, 1997, 1, 3, left the house in 2009, 194, darlene hooley, d, or-5, 1997-01-03, 1997, 1, 3, left the house in 2009, 195, kenny hulshof, r, mo-9, 1997-01-03, 1997, 1, 3, left the house in 2009, 204, john peterson, r, pa-05, 1997-01-03, 1997, 1, 3, left the house in 2009, 205, chip pickering, r, ms-3, 1997-01-03, 1997, 1, 3, left the house in 2009, 218, vito fossella, r, ny-13, 1997-11-04, 1997, 11, 4, left the house in 2009, 224, heather wilson, r, nm-1, 1998-06-23, 1998, 6, 23, left the house in 2009, 233, robin hayes, r, nc-08, 1999-01-03, 1999, 1, 3, left the house in 2009, 240, tom reynolds, r, ny-26, 1999-01-03, 1999, 1, 3, left the house in 2009, 244, tom tancredo, r, co-6, 1999-01-03, 1999, 1, 3, left the house in 2009, 247, mark udall, d, co-2, 1999-01-03, 1999, 1, 3, left the house in 2009, 248, tom udall, d, nm-3, 1999-01-03, 1999, 1, 3, left the house in 2009, 263, mike ferguson, r, nj-07, 2001-01-03, 2001, 1, 3, left the house in 2009, 270, ric keller, r, fl-08, 2001-01-03, 2001, 1, 3, left the house in 2009, 309, tom feeney, r, fl-24, 2003-01-03, 2003, 1, 3, left the house in 2009, 325, marilyn musgrave, r, co-4, 2003-01-03, 2003, 1, 3, left the house in 2009, 327, steve pearce, r, nm-2, 2003-01-03, 2003, 1, 3, left the house in 2009, 328, jon porter, r, nv-3, 2003-01-03, 2003, 1, 3, left the house in 2009, 329, rick renzi, r, az-1, 2003-01-03, 2003, 1, 3, left the house in 2009, 354, thelma drake, r, va-02, 2005-01-03, 2005, 1, 3, left the house in 2009, 361, randy kuhl, r, ny-29, 2005-01-03, 2005, 1, 3, left the house in 2009, 382, nick lampson, d, tx-22, 2007-01-04, 2007, 1, 4, previously served from 1997 to 2005. left the house in 2009, 389, nancy boyda, d, ks-2, 2007-01-04, 2007, 1, 4, left the house in 2009, 397, david davis, r, tn-1, 2007-01-04, 2007, 1, 4, left the house in 2009, 415, tim mahoney, d, fl-16, 2007-01-04, 2007, 1, 4, left the house in 2009, 423, bill sali, r, id-1, 2007-01-04, 2007, 1, 4, left the house in 2009, 431, tim walberg, r, mi-07, 2007-01-04, 2007, 1, 4, left the house in 2009, 444, don cazayoux, d, la-6, 2008-05-06, 2008, 5, 6, left the house in 2009","ralph regula, duncan hunter, tom lantos",-4.824,EXACT_LIKELIHOOD,127
"[('columbia university',), ('cornell university',), ('harvard university',), ('university of pennsylvania',)]","columbia university, cornell university, harvard university, university of pennsylvania",cornell university,-1.630,EXACT_LIKELIHOOD,18
"[('8649', '$2.7 billion (30th)', 'providence,\nrhode island', 'in deo speramus\n(in god we hope)'), ('22920', '$8.2 billion (9th)', 'new york,\nnew york', 'in lumine tuo videbimus lumen\n(in thy light shall we see the light)'), ('20633', '$5.3 billion (18th)', 'ithaca,\nnew york', 'i would found an institution where any person can find instruction in any study'), ('6141', '$3.7 billion (22nd)', 'hanover,\nnew hampshire', 'vox clamantis in deserto\n(the voice of one crying in the wilderness)'), ('21225', '$32.3 billion (1st)', 'cambridge,\nmassachusetts', 'veritas\n(truth)'), ('7592', '$18.2 billion (5th)', 'princeton,\nnew jersey', ""dei sub numine viget\n(under god's power she flourishes)""), ('20643', '$7.7 billion (11th)', 'philadelphia,\npennsylvania', 'leges sine moribus vanae\n(laws without morals are useless)'), ('11666', '$20.8 billion (2nd)', 'new haven,\nconnecticut', 'אורים ותומים\nlux et veritas\n(light and truth)')]","8649, $2.7 billion (30th), providence,
rhode island, in deo speramus
(in god we hope), 22920, $8.2 billion (9th), new york,
new york, in lumine tuo videbimus lumen
(in thy light shall we see the light), 20633, $5.3 billion (18th), ithaca,
new york, i would found an institution where any person can find instruction in any study, 6141, $3.7 billion (22nd), hanover,
new hampshire, vox clamantis in deserto
(the voice of one crying in the wilderness), 21225, $32.3 billion (1st), cambridge,
massachusetts, veritas
(truth), 7592, $18.2 billion (5th), princeton,
new jersey, dei sub numine viget
(under god's power she flourishes), 20643, $7.7 billion (11th), philadelphia,
pennsylvania, leges sine moribus vanae
(laws without morals are useless), 11666, $20.8 billion (2nd), new haven,
connecticut, אורים ותומים
lux et veritas
(light and truth)","brown university, 8,649",-2.919,EXACT_LIKELIHOOD,127
"[('brown university', 8649.0), ('columbia university', 22920.0), ('cornell university', 20633.0), ('harvard university', 21225.0), ('princeton university', 7592.0), ('university of pennsylvania', 20643.0), ('yale university', 11666.0)]","brown university, 8649.0, columbia university, 22920.0, cornell university, 20633.0, harvard university, 21225.0, princeton university, 7592.0, university of pennsylvania, 20643.0, yale university, 11666.0","21,926",-3.830,EXACT_LIKELIHOOD,64
"[('36 of 40',), ('9.5 of 10',), ('8 of 10',), ('7 of 10',)]","36 of 40, 9.5 of 10, 8 of 10, 7 of 10",8-10,-1.920,EXACT_LIKELIHOOD,18
"[(15.125,)]",15.125,9.5 of 10,-7.261,EXACT_LIKELIHOOD,4
"[(145555.0,)]",145555,"145,555",-6.979,EXACT_LIKELIHOOD,4
"[('describes additional abilities/penalties applicable to native plane of existence',), ('describes additional abilities/penalties applicable to native plane of existence',), ('describes additional abilities/penalties applicable to native plane of existence',)]","describes additional abilities/penalties applicable to native plane of existence, describes additional abilities/penalties applicable to native plane of existence, describes additional abilities/penalties applicable to native plane of existence",describes additional abilities/penalties applicable to native plane of existence.,-1.354,EXACT_LIKELIHOOD,39
"[('aerial servant', 0), ('basilisk', 2), ('cockatrice', 2), ('djinni, lesser', 2), ('djinni, greater', 0), ('efreeti, lesser', 2), ('efreeti, greater', 0), ('elemental', 2), ('gorgon', 2), ('helion', 0), ('horde', 0), ('hydrax', 0), ('invisible stalker', 2), ('kryst', 0), ('medusa', 2), ('plasm', 0), ('salamander', 2), ('undine', 0)]","aerial servant, 0, basilisk, 2, cockatrice, 2, djinni, lesser, 2, djinni, greater, 0, efreeti, lesser, 2, efreeti, greater, 0, elemental, 2, gorgon, 2, helion, 0, horde, 0, hydrax, 0, invisible stalker, 2, kryst, 0, medusa, 2, plasm, 0, salamander, 2, undine, 0",6,-2.271,EXACT_LIKELIHOOD,107
"[('medusa',), ('medusa',)]","medusa, medusa",medusa,-2.156,EXACT_LIKELIHOOD,6
"[('joe gibbs racing',)]",joe gibbs racing,joe gibbs racing,-1.735,EXACT_LIKELIHOOD,6
"[(6222.0, 'prudential center')]","6222.0, prudential center","6,222, prudential center",-2.596,EXACT_LIKELIHOOD,9
"[('305',)]",305,6,-6.039,EXACT_LIKELIHOOD,2
"[('44.213',)]",44.213,q,-4.063,EXACT_LIKELIHOOD,4
"[('df',)]",df,df,-0.391,EXACT_LIKELIHOOD,2
"[(92.0,)]",92,6,-7.022,EXACT_LIKELIHOOD,2
"[('madera county',), ('mariposa county',), ('tuolumne county',), ('sutter county yuba county',), ('del norte county',), ('humboldt county',)]","madera county, mariposa county, tuolumne county, sutter county yuba county, del norte county, humboldt county","yosemite national park, tuolumne county",-2.111,EXACT_LIKELIHOOD,33
"[('yuba-sutter area',), ('yurok indian reservation',), ('yurok indian reservation',)]","yuba-sutter area, yurok indian reservation, yurok indian reservation","yuba-sutter area, yurok indian reservation",-1.084,EXACT_LIKELIHOOD,21
"[('yosemite national park',), ('yosemite national park',), ('yosemite national park',), ('yuba-sutter area',), ('yurok indian reservation',), ('yurok indian reservation',)]","yosemite national park, yosemite national park, yosemite national park, yuba-sutter area, yurok indian reservation, yurok indian reservation",yosemite national park,-1.565,EXACT_LIKELIHOOD,39
"[('sutter county yuba county',)]",sutter county yuba county,sutter county yuba county,-1.627,EXACT_LIKELIHOOD,7
"[(1, 'tauro f.c', 21.0, 18.0), (2, 'san francisco f.c', 19.0, 15.0), (3, 'chepo f.c', 19.0, 12.0), (4, 'sporting san miguelito', 18.0, 16.0), (5, 'arabe unido', 15.0, 14.0), (6, 'plaza amador', 13.0, 9.0), (7, 'chorrillo f.c', 14.0, 13.0)]","1, tauro f.c, 21.0, 18.0, 2, san francisco f.c, 19.0, 15.0, 3, chepo f.c, 19.0, 12.0, 4, sporting san miguelito, 18.0, 16.0, 5, arabe unido, 15.0, 14.0, 6, plaza amador, 13.0, 9.0, 7, chorrillo f.c, 14.0, 13.0",alianza,-3.352,EXACT_LIKELIHOOD,112
"[('1956-10-28',)]",1956-10-28,"october 28, 1956",-7.525,EXACT_LIKELIHOOD,6
"[('amelia victoria vega polanco',)]",amelia victoria vega polanco,amelia victoria vega polanco,-0.651,EXACT_LIKELIHOOD,9
"[('bonao',), ('villa mella',), ('santiago de los caballeros',)]","bonao, villa mella, santiago de los caballeros",bonao,-2.417,EXACT_LIKELIHOOD,17
"[('2.41',)]",2.41,srtio3,-6.562,EXACT_LIKELIHOOD,4
"[('chile',), ('ecuador',), ('guatemala',), ('peru',), ('total',), ('venezuela',)]","chile, ecuador, guatemala, peru, total, venezuela","venezuela, guatemala, peru",-3.676,EXACT_LIKELIHOOD,19
"[('george washington',), ('thomas jefferson',), ('james madison',), ('james monroe',), ('andrew jackson',), ('ulysses grant',), ('woodrow wilson',), ('dwight eisenhower',), ('richard nixon',), ('ronald reagan',), ('bill clinton',), ('george w. bush',), ('barack obama',)]","george washington, thomas jefferson, james madison, james monroe, andrew jackson, ulysses grant, woodrow wilson, dwight eisenhower, richard nixon, ronald reagan, bill clinton, george w. bush, barack obama",john adams,-3.734,EXACT_LIKELIHOOD,68
"[(6, 0, '6', 6.0, '""i\'ll buss \'em u punish \'em""', 'dj clue, duro', 2, 'rakim', 1, '4:07', 4, 4, 7)]","6, 0, 6, 6.0, ""i'll buss 'em u punish 'em"", dj clue, duro, 2, rakim, 1, 4:07, 4, 4, 7","""i'll buss 'em u punish 'em"", rakim",-3.816,EXACT_LIKELIHOOD,46
"[(7,)]",7,9,-2.684,EXACT_LIKELIHOOD,2
"[(0,)]",0,18,-6.229,EXACT_LIKELIHOOD,2
"[('alta verapaz', 23.0), ('chimaltenango', 19.0), ('ciudad capital', 19.0), ('guatemala', 22.0), ('izabal', 18.0), ('jalapa', 20.0), ('quetzaltenango', 24.0)]","alta verapaz, 23.0, chimaltenango, 19.0, ciudad capital, 19.0, guatemala, 22.0, izabal, 18.0, jalapa, 20.0, quetzaltenango, 24.0",19,-2.670,EXACT_LIKELIHOOD,63
"[(20.714285714285715, 1.7785714285714285)]","20.714285714285715, 1.7785714285714285","19, 1.75 m",-5.701,EXACT_LIKELIHOOD,20
"[(10,)]",10,10,-0.941,EXACT_LIKELIHOOD,2
"[(18.609,)]",18.609,1.88,-7.482,EXACT_LIKELIHOOD,4
"[(5.888888888888889,)]",5.888888888888889,rebounds per game,-8.825,EXACT_LIKELIHOOD,10
"[('2003 eurobasket', 6.0, 6.8), ('2005 eurobasket', 7.0, 7.6), ('2006 fiba world championship', 9.0, 9.7), ('2007 eurobasket', 7.0, 8.9), ('2009 eurobasket', 8.0, 6.5), ('2010 fiba world championship', 4.0, 4.5), ('2011 eurobasket', 11.0, 2.6), ('2012 olympics', 6.0, 4.5), ('2013 eurobasket', 11.0, 1.9)]","2003 eurobasket, 6.0, 6.8, 2005 eurobasket, 7.0, 7.6, 2006 fiba world championship, 9.0, 9.7, 2007 eurobasket, 7.0, 8.9, 2009 eurobasket, 8.0, 6.5, 2010 fiba world championship, 4.0, 4.5, 2011 eurobasket, 11.0, 2.6, 2012 olympics, 6.0, 4.5, 2013 eurobasket, 11.0, 1.9",,-2.397,EXACT_LIKELIHOOD,119
"[(69.0,)]",69,69,-2.402,EXACT_LIKELIHOOD,2
"[(0,)]",0,7,-6.682,EXACT_LIKELIHOOD,2
"[(3,)]",3,6,-5.175,EXACT_LIKELIHOOD,2
"[('france', 'christophe capelle'), ('france', 'philippe ermenault'), ('france', 'jean-michel monin'), ('france', 'francis moreau'), ('italy', 'adler capelli'), ('italy', 'mauro trentini'), ('italy', 'andrea collinelli'), ('italy', 'cristiano citton'), ('ukraine', 'bohdan bondaryev'), ('ukraine', 'oleksandr fedenko'), ('ukraine', 'andriy yatsenko'), ('ukraine', 'alexander simonenko'), ('russia', 'eduard gritsun'), ('russia', 'nikolay kuznetsov'), ('russia', 'aleksey markov'), ('russia', 'anton chantyr'), ('united states', 'dirk copeland'), ('united states', 'mariano friedick'), ('united states', 'adam laurent'), ('united states', 'michael mccarthy'), ('spain', 'juan martinez'), ('spain', 'juan llaneras'), ('spain', 'santos gonzalez'), ('spain', 'adolfo alperi'), ('new zealand', 'gregory henderson'), ('new zealand', 'brendon cameron'), ('new zealand', 'timothy carswell'), ('new zealand', 'julian dean'), ('germany', 'robert bartko'), ('germany', 'guido fulst'), ('germany', 'danilo hondo'), ('germany', 'heiko szonn'), ('great britain', 'robert hayes'), ('great britain', 'matthew illingsworth'), ('great britain', 'bryan steel'), ('great britain', 'chris newton'), ('lithuania', 'arturas kasputis'), ('lithuania', 'remigijus lupeikis'), ('lithuania', 'mindaugus umaris'), ('lithuania', 'arturas trumpauskas'), ('netherlands', 'jarich bakker'), ('netherlands', 'robertus michie slippens'), ('netherlands', 'richard rozendaal'), ('netherlands', 'peter schep'), ('denmark', 'frederik bertelsen'), ('denmark', 'jimmi madsen'), ('denmark', 'michael nielsen'), ('denmark', 'jacob piil'), ('argentina', 'walter perez'), ('argentina', 'edgardo simon'), ('argentina', 'gonzalo garcia'), ('argentina', 'gabriel curuchet'), ('south korea', 'dae-hong chun'), ('south korea', 'young chung'), ('south korea', 'jong-mo kim'), ('south korea', 'younk-sik noh'), ('chile', 'jose medina'), ('chile', 'luis sepulveda'), ('chile', 'marco arriagada'), ('chile', 'marcelo arriagada'), ('colombia', 'john garcia'), ('colombia', 'marlon perez'), ('colombia', 'yovani lopez'), ('colombia', 'jos velasquez de la cuesta')]","france, christophe capelle, france, philippe ermenault, france, jean-michel monin, france, francis moreau, italy, adler capelli, italy, mauro trentini, italy, andrea collinelli, italy, cristiano citton, ukraine, bohdan bondaryev, ukraine, oleksandr fedenko, ukraine, andriy yatsenko, ukraine, alexander simonenko, russia, eduard gritsun, russia, nikolay kuznetsov, russia, aleksey markov, russia, anton chantyr, united states, dirk copeland, united states, mariano friedick, united states, adam laurent, united states, michael mccarthy, spain, juan martinez, spain, juan llaneras, spain, santos gonzalez, spain, adolfo alperi, new zealand, gregory henderson, new zealand, brendon cameron, new zealand, timothy carswell, new zealand, julian dean, germany, robert bartko, germany, guido fulst, germany, danilo hondo, germany, heiko szonn, great britain, robert hayes, great britain, matthew illingsworth, great britain, bryan steel, great britain, chris newton, lithuania, arturas kasputis, lithuania, remigijus lupeikis, lithuania, mindaugus umaris, lithuania, arturas trumpauskas, netherlands, jarich bakker, netherlands, robertus michie slippens, netherlands, richard rozendaal, netherlands, peter schep, denmark, frederik bertelsen, denmark, jimmi madsen, denmark, michael nielsen, denmark, jacob piil, argentina, walter perez, argentina, edgardo simon, argentina, gonzalo garcia, argentina, gabriel curuchet, south korea, dae-hong chun, south korea, young chung, south korea, jong-mo kim, south korea, younk-sik noh, chile, jose medina, chile, luis sepulveda, chile, marco arriagada, chile, marcelo arriagada, colombia, john garcia, colombia, marlon perez, colombia, yovani lopez, colombia, jos velasquez de la cuesta",colombia,-3.952,EXACT_LIKELIHOOD,127
"[('6',), ('7',), ('ccc4',), ('8',), ('9',), ('10',), ('11',), ('12',), ('13 (a)',), ('14',), ('15',), ('16',), ('17',), ('18',), ('19',), ('20',), ('21',), ('22',), ('23',), ('24',), ('25',), ('26',), ('27',), ('esl po1',), ('esl po2',), ('esl po3',), ('esl gf',)]","6, 7, ccc4, 8, 9, 10, 11, 12, 13 (a), 14, 15, 16, 17, 18, 19, 20, 21, 22, 23, 24, 25, 26, 27, esl po1, esl po2, esl po3, esl gf",13,-0.837,EXACT_LIKELIHOOD,70
"[('1',), ('2',), ('3',), ('4',), ('5',), ('6',), ('7',), ('ccc4',), ('8',), ('9',), ('10',), ('11',), ('12',), ('13 (a)',), ('14',), ('15',), ('16',), ('17',), ('18',), ('19',), ('20',), ('21',), ('22',), ('23',), ('24',), ('25',), ('26',), ('27',), ('esl po1',), ('esl po2',), ('esl po3',), ('esl gf',)]","1, 2, 3, 4, 5, 6, 7, ccc4, 8, 9, 10, 11, 12, 13 (a), 14, 15, 16, 17, 18, 19, 20, 21, 22, 23, 24, 25, 26, 27, esl po1, esl po2, esl po3, esl gf","9, 10, 11, 12, 13, 14, 15, 16, 17, 18, 19, 20, 21, 22, 23, 24, 25, 26",-0.796,EXACT_LIKELIHOOD,80
"[('1',), ('2',), ('3',), ('4',), ('5',), ('6',), ('7',), ('ccc4',), ('8',), ('9',), ('10',), ('11',), ('12',), ('13 (a)',), ('14',), ('15',), ('16',), ('17',), ('18',), ('19',), ('20',), ('21',), ('22',), ('23',), ('24',), ('25',), ('26',), ('27',), ('esl po1',), ('esl po2',), ('esl po3',), ('esl gf',)]","1, 2, 3, 4, 5, 6, 7, ccc4, 8, 9, 10, 11, 12, 13 (a), 14, 15, 16, 17, 18, 19, 20, 21, 22, 23, 24, 25, 26, 27, esl po1, esl po2, esl po3, esl gf","wigan warriors, hull, wakefield trinity wildcats, castleford tigers, huddersfield giants",-1.975,EXACT_LIKELIHOOD,80
"[('1', 1), ('10', 1), ('11', 1), ('12', 1), ('13 (a)', 1), ('14', 1), ('15', 1), ('16', 1), ('17', 1), ('18', 1), ('19', 1), ('2', 1), ('20', 1), ('21', 1), ('22', 1), ('23', 1), ('24', 1), ('25', 1), ('26', 1), ('27', 1), ('3', 1), ('4', 1), ('5', 1), ('6', 1), ('7', 1), ('8', 1), ('9', 1), ('ccc4', 1), ('esl gf', 1), ('esl po1', 1), ('esl po2', 1), ('esl po3', 1)]","1, 1, 10, 1, 11, 1, 12, 1, 13 (a), 1, 14, 1, 15, 1, 16, 1, 17, 1, 18, 1, 19, 1, 2, 1, 20, 1, 21, 1, 22, 1, 23, 1, 24, 1, 25, 1, 26, 1, 27, 1, 3, 1, 4, 1, 5, 1, 6, 1, 7, 1, 8, 1, 9, 1, ccc4, 1, esl gf, 1, esl po1, 1, esl po2, 1, esl po3, 1","13,313, 3,176, 6,268, 3,284, esl po2, esl po3, esl gf",-2.279,EXACT_LIKELIHOOD,127
"[(32,)]",32,7,-5.993,EXACT_LIKELIHOOD,2
"[('china', 12.0), ('chinese taipei', 2.0), ('hong kong', 10.0), ('iran', 6.0), ('japan', 9.0), ('kazakhstan', 1.0), ('kyrgyzstan', 1.0), ('malaysia', 7.0), ('south korea', 14.0), ('thailand', 6.0), ('total', 69.0), ('uzbekistan', 1.0)]","china, 12.0, chinese taipei, 2.0, hong kong, 10.0, iran, 6.0, japan, 9.0, kazakhstan, 1.0, kyrgyzstan, 1.0, malaysia, 7.0, south korea, 14.0, thailand, 6.0, total, 69.0, uzbekistan, 1.0",bronze,-3.705,EXACT_LIKELIHOOD,96
"[('united states', 48.0)]","united states, 48.0",united states (usa),-6.357,EXACT_LIKELIHOOD,7
"[('australian labor party', None)]","australian labor party, none","australian labor party, 166,106",-2.571,EXACT_LIKELIHOOD,8
"[('manhattan', 526765.0)]","manhattan, 526765.0",bronx,-10.055,EXACT_LIKELIHOOD,9
"[(None,)]",none,200,-9.543,EXACT_LIKELIHOOD,2
"[(17, '01/16/2014', '7:00 pm', 'new mexico state', 'pan american center • las cruces, nm', None, 'l', 'l 61-82', 942.0)]","17, 01/16/2014, 7:00 pm, new mexico state, pan american center • las cruces, nm, none, l, l 61-82, 942.0",12/20/2013*,-5.973,EXACT_LIKELIHOOD,44
"[('73',)]",73,73,-0.140,EXACT_LIKELIHOOD,2
"[('malaga cf', 22.0)]","malaga cf, 22.0",málaga cf,-6.448,EXACT_LIKELIHOOD,8
"[('michael caffey',), ('james l. conway',), ('michael vejar',), ('charles correll',), ('bob balaban',), ('michael vejar',), ('charles correll',), ('steve shaw',)]","michael caffey, james l. conway, michael vejar, charles correll, bob balaban, michael vejar, charles correll, steve shaw","michael caffey, james l. conway",-1.671,EXACT_LIKELIHOOD,42
"[('bob balaban', 1), ('charles correll', 3), ('james l. conway', 1), ('michael caffey', 1), ('michael vejar', 3), ('steve shaw', 1), ('william gereghty', 2)]","bob balaban, 1, charles correll, 3, james l. conway, 1, michael caffey, 1, michael vejar, 3, steve shaw, 1, william gereghty, 2",6,-2.631,EXACT_LIKELIHOOD,53
"[(0,)]",0,2,-5.585,EXACT_LIKELIHOOD,2
"[('""sleepin\' on my couch""', 1991), ('""dr. bombay..""', 1992), ('""catch a bad one""', 1993), ('""workin\' it""', 2008), ('""one out of a million""', 2011)]","""sleepin' on my couch"", 1991, ""dr. bombay.."", 1992, ""catch a bad one"", 1993, ""workin' it"", 2008, ""one out of a million"", 2011","""mistadobalina"", 1991",-1.788,EXACT_LIKELIHOOD,44
"[(1,)]",1,6,-5.039,EXACT_LIKELIHOOD,2
"[(253.42857142857142,)]",253.42857142857142,"65,656",-7.748,EXACT_LIKELIHOOD,9
"[('aversley wood',), ('balsham wood',), ('bedford purlieus nnr',), ('brampton wood',), ('buff wood',), ('gamlingay wood',), ('hardwick wood',), ('hayley wood',), ('kingston wood and outliers',), ('langley wood',), ('little paxton wood',), ('madingley wood',), ('monks wood nnr',), ('out and plunder woods',), ('over and lawn woods',), ('perry woods',), ('ten wood',), ('thorpe wood',), (""warboy's and wistow woods"",), ('waresley wood',), ('weaveley and sand woods',), (""west abbot's and lound woods"",)]","aversley wood, balsham wood, bedford purlieus nnr, brampton wood, buff wood, gamlingay wood, hardwick wood, hayley wood, kingston wood and outliers, langley wood, little paxton wood, madingley wood, monks wood nnr, out and plunder woods, over and lawn woods, perry woods, ten wood, thorpe wood, warboy's and wistow woods, waresley wood, weaveley and sand woods, west abbot's and lound woods","bedford purlieus nnr, brampton wood, gamlingay wood, kingston wood and outliers, langley wood, out and plunder woods, over and lawn woods, perry woods, waresley wood, weaveley and sand woods",-1.361,EXACT_LIKELIHOOD,115
"[('aversley wood',), ('bedford purlieus nnr',), ('brampton wood',), ('hayley wood',), ('monks wood nnr',), ('perry woods',), ('waresley wood',), ('weaveley and sand woods',), (""west abbot's and lound woods"",)]","aversley wood, bedford purlieus nnr, brampton wood, hayley wood, monks wood nnr, perry woods, waresley wood, weaveley and sand woods, west abbot's and lound woods","aversley wood, brampton wood, bedford purlieus nnr, monks wood nnr, perry woods",-1.967,EXACT_LIKELIHOOD,51
"[(5,)]",5,5,-2.039,EXACT_LIKELIHOOD,2
"[(None,)]",none,1876,-8.164,EXACT_LIKELIHOOD,2
"[(0,)]",0,2,-4.876,EXACT_LIKELIHOOD,2
"[('1982', 'fukuoka, japan')]","1982, fukuoka, japan","1982, fukuoka, japan",-0.503,EXACT_LIKELIHOOD,9
"[('seoul, south korea', 1975, '1st')]","seoul, south korea, 1975, 1st","seoul, south korea, 1st",-2.064,EXACT_LIKELIHOOD,12
"[('fk austria wien', 1990, 1986), ('fk austria wien', 1990, 1994), ('fk austria wien', 1990, 1986), ('fk austria wien', 1990, 1994), ('fk austria wien', 1991, 1986), ('fk austria wien', 1991, 1994), ('fk austria wien', 1991, 1986), ('fk austria wien', 1991, 1994), ('fk austria wien', 1992, 1986), ('fk austria wien', 1992, 1994), ('fk austria wien', 1992, 1986), ('fk austria wien', 1992, 1994), ('fk austria wien', 1994, 1986), ('fk austria wien', 1994, 1994), ('fk austria wien', 1994, 1986), ('fk austria wien', 1994, 1994), ('fk austria wien', 2003, 1986), ('fk austria wien', 2003, 1994), ('fk austria wien', 2003, 1986), ('fk austria wien', 2003, 1994), ('fk austria wien', 2004, 1986), ('fk austria wien', 2004, 1994), ('fk austria wien', 2004, 1986), ('fk austria wien', 2004, 1994), ('fk austria wien', 1990, 1986), ('fk austria wien', 1990, 1994), ('fk austria wien', 1990, 1986), ('fk austria wien', 1990, 1994), ('fk austria wien', 1991, 1986), ('fk austria wien', 1991, 1994), ('fk austria wien', 1991, 1986), ('fk austria wien', 1991, 1994), ('fk austria wien', 1992, 1986), ('fk austria wien', 1992, 1994), ('fk austria wien', 1992, 1986), ('fk austria wien', 1992, 1994), ('fk austria wien', 1994, 1986), ('fk austria wien', 1994, 1994), ('fk austria wien', 1994, 1986), ('fk austria wien', 1994, 1994), ('fk austria wien', 2003, 1986), ('fk austria wien', 2003, 1994), ('fk austria wien', 2003, 1986), ('fk austria wien', 2003, 1994), ('fk austria wien', 2004, 1986), ('fk austria wien', 2004, 1994), ('fk austria wien', 2004, 1986), ('fk austria wien', 2004, 1994), ('fk austria wien', 1990, 1986), ('fk austria wien', 1990, 1994), ('fk austria wien', 1990, 1986), ('fk austria wien', 1990, 1994), ('fk austria wien', 1991, 1986), ('fk austria wien', 1991, 1994), ('fk austria wien', 1991, 1986), ('fk austria wien', 1991, 1994), ('fk austria wien', 1992, 1986), ('fk austria wien', 1992, 1994), ('fk austria wien', 1992, 1986), ('fk austria wien', 1992, 1994), ('fk austria wien', 1994, 1986), ('fk austria wien', 1994, 1994), ('fk austria wien', 1994, 1986), ('fk austria wien', 1994, 1994), ('fk austria wien', 2003, 1986), ('fk austria wien', 2003, 1994), ('fk austria wien', 2003, 1986), ('fk austria wien', 2003, 1994), ('fk austria wien', 2004, 1986), ('fk austria wien', 2004, 1994), ('fk austria wien', 2004, 1986), ('fk austria wien', 2004, 1994), ('fk austria wien', 1990, 1986), ('fk austria wien', 1990, 1994), ('fk austria wien', 1990, 1986), ('fk austria wien', 1990, 1994), ('fk austria wien', 1991, 1986), ('fk austria wien', 1991, 1994), ('fk austria wien', 1991, 1986), ('fk austria wien', 1991, 1994), ('fk austria wien', 1992, 1986), ('fk austria wien', 1992, 1994), ('fk austria wien', 1992, 1986), ('fk austria wien', 1992, 1994), ('fk austria wien', 1994, 1986), ('fk austria wien', 1994, 1994), ('fk austria wien', 1994, 1986), ('fk austria wien', 1994, 1994), ('fk austria wien', 2003, 1986), ('fk austria wien', 2003, 1994), ('fk austria wien', 2003, 1986), ('fk austria wien', 2003, 1994), ('fk austria wien', 2004, 1986), ('fk austria wien', 2004, 1994), ('fk austria wien', 2004, 1986), ('fk austria wien', 2004, 1994), ('fk austria wien', 1990, 1986), ('fk austria wien', 1990, 1994), ('fk austria wien', 1990, 1986), ('fk austria wien', 1990, 1994), ('fk austria wien', 1991, 1986), ('fk austria wien', 1991, 1994), ('fk austria wien', 1991, 1986), ('fk austria wien', 1991, 1994), ('fk austria wien', 1992, 1986), ('fk austria wien', 1992, 1994), ('fk austria wien', 1992, 1986), ('fk austria wien', 1992, 1994), ('fk austria wien', 1994, 1986), ('fk austria wien', 1994, 1994), ('fk austria wien', 1994, 1986), ('fk austria wien', 1994, 1994), ('fk austria wien', 2003, 1986), ('fk austria wien', 2003, 1994), ('fk austria wien', 2003, 1986), ('fk austria wien', 2003, 1994), ('fk austria wien', 2004, 1986), ('fk austria wien', 2004, 1994), ('fk austria wien', 2004, 1986), ('fk austria wien', 2004, 1994), ('fk austria wien', 1990, 1986), ('fk austria wien', 1990, 1994), ('fk austria wien', 1990, 1986), ('fk austria wien', 1990, 1994), ('fk austria wien', 1991, 1986), ('fk austria wien', 1991, 1994), ('fk austria wien', 1991, 1986), ('fk austria wien', 1991, 1994), ('fk austria wien', 1992, 1986), ('fk austria wien', 1992, 1994), ('fk austria wien', 1992, 1986), ('fk austria wien', 1992, 1994), ('fk austria wien', 1994, 1986), ('fk austria wien', 1994, 1994), ('fk austria wien', 1994, 1986), ('fk austria wien', 1994, 1994), ('fk austria wien', 2003, 1986), ('fk austria wien', 2003, 1994), ('fk austria wien', 2003, 1986), ('fk austria wien', 2003, 1994), ('fk austria wien', 2004, 1986), ('fk austria wien', 2004, 1994), ('fk austria wien', 2004, 1986), ('fk austria wien', 2004, 1994), ('sk rapid wien', 1986, 1995), ('sk rapid wien', 1986, 1996), ('sk rapid wien', 1986, 1995), ('sk rapid wien', 1986, 1996), ('sk rapid wien', 1987, 1995), ('sk rapid wien', 1987, 1996), ('sk rapid wien', 1987, 1995), ('sk rapid wien', 1987, 1996), ('sk rapid wien', 1988, 1995), ('sk rapid wien', 1988, 1996), ('sk rapid wien', 1988, 1995), ('sk rapid wien', 1988, 1996), ('sk rapid wien', 2008, 1995), ('sk rapid wien', 2008, 1996), ('sk rapid wien', 2008, 1995), ('sk rapid wien', 2008, 1996), ('sk rapid wien', 1986, 1995), ('sk rapid wien', 1986, 1996), ('sk rapid wien', 1986, 1995), ('sk rapid wien', 1986, 1996), ('sk rapid wien', 1987, 1995), ('sk rapid wien', 1987, 1996), ('sk rapid wien', 1987, 1995), ('sk rapid wien', 1987, 1996), ('sk rapid wien', 1988, 1995), ('sk rapid wien', 1988, 1996), ('sk rapid wien', 1988, 1995), ('sk rapid wien', 1988, 1996), ('sk rapid wien', 2008, 1995), ('sk rapid wien', 2008, 1996), ('sk rapid wien', 2008, 1995), ('sk rapid wien', 2008, 1996), ('sk rapid wien', 1986, 1995), ('sk rapid wien', 1986, 1996), ('sk rapid wien', 1986, 1995), ('sk rapid wien', 1986, 1996), ('sk rapid wien', 1987, 1995), ('sk rapid wien', 1987, 1996), ('sk rapid wien', 1987, 1995), ('sk rapid wien', 1987, 1996), ('sk rapid wien', 1988, 1995), ('sk rapid wien', 1988, 1996), ('sk rapid wien', 1988, 1995), ('sk rapid wien', 1988, 1996), ('sk rapid wien', 2008, 1995), ('sk rapid wien', 2008, 1996), ('sk rapid wien', 2008, 1995), ('sk rapid wien', 2008, 1996), ('sk rapid wien', 1986, 1995), ('sk rapid wien', 1986, 1996), ('sk rapid wien', 1986, 1995), ('sk rapid wien', 1986, 1996), ('sk rapid wien', 1987, 1995), ('sk rapid wien', 1987, 1996), ('sk rapid wien', 1987, 1995), ('sk rapid wien', 1987, 1996), ('sk rapid wien', 1988, 1995), ('sk rapid wien', 1988, 1996), ('sk rapid wien', 1988, 1995), ('sk rapid wien', 1988, 1996), ('sk rapid wien', 2008, 1995), ('sk rapid wien', 2008, 1996), ('sk rapid wien', 2008, 1995), ('sk rapid wien', 2008, 1996), ('sk sturm graz', 1996, 1997), ('sk sturm graz', 1996, 2002), ('sk sturm graz', 1996, 1997), ('sk sturm graz', 1996, 2002), ('sk sturm graz', 1998, 1997), ('sk sturm graz', 1998, 2002), ('sk sturm graz', 1998, 1997), ('sk sturm graz', 1998, 2002), ('sk sturm graz', 1999, 1997), ('sk sturm graz', 1999, 2002), ('sk sturm graz', 1999, 1997), ('sk sturm graz', 1999, 2002), ('sk sturm graz', 1996, 1997), ('sk sturm graz', 1996, 2002), ('sk sturm graz', 1996, 1997), ('sk sturm graz', 1996, 2002), ('sk sturm graz', 1998, 1997), ('sk sturm graz', 1998, 2002), ('sk sturm graz', 1998, 1997), ('sk sturm graz', 1998, 2002), ('sk sturm graz', 1999, 1997), ('sk sturm graz', 1999, 2002), ('sk sturm graz', 1999, 1997), ('sk sturm graz', 1999, 2002), ('sk sturm graz', 1996, 1997), ('sk sturm graz', 1996, 2002), ('sk sturm graz', 1996, 1997), ('sk sturm graz', 1996, 2002), ('sk sturm graz', 1998, 1997), ('sk sturm graz', 1998, 2002), ('sk sturm graz', 1998, 1997), ('sk sturm graz', 1998, 2002), ('sk sturm graz', 1999, 1997), ('sk sturm graz', 1999, 2002), ('sk sturm graz', 1999, 1997), ('sk sturm graz', 1999, 2002), ('sv austria salzburg', 1994, None), ('sv austria salzburg', 1995, None), ('sv austria salzburg', 1997, None), ('sv austria salzburg', 1994, None), ('sv austria salzburg', 1995, None), ('sv austria salzburg', 1997, None), ('sv austria salzburg', 1994, None), ('sv austria salzburg', 1995, None), ('sv austria salzburg', 1997, None), ('grazer ak', 2000, 2004), ('grazer ak', 2002, 2004), ('grazer ak', 2000, 2004), ('grazer ak', 2002, 2004), ('vfb admira wacker modling', 1989, 1992), ('fc karnten', 2001, 2003), ('fc swarovski tirol / fc tirol innsbruck', None, 1987), ('fc swarovski tirol / fc tirol innsbruck', None, 1989), ('fc swarovski tirol / fc tirol innsbruck', None, 1990), ('fc swarovski tirol / fc tirol innsbruck', None, 1993), ('fc swarovski tirol / fc tirol innsbruck', None, 2000), ('fc swarovski tirol / fc tirol innsbruck', None, 2001), ('fc swarovski tirol / fc tirol innsbruck', None, 1987), ('fc swarovski tirol / fc tirol innsbruck', None, 1989), ('fc swarovski tirol / fc tirol innsbruck', None, 1990), ('fc swarovski tirol / fc tirol innsbruck', None, 1993), ('fc swarovski tirol / fc tirol innsbruck', None, 2000), ('fc swarovski tirol / fc tirol innsbruck', None, 2001), ('fc swarovski tirol / fc tirol innsbruck', None, 1987), ('fc swarovski tirol / fc tirol innsbruck', None, 1989), ('fc swarovski tirol / fc tirol innsbruck', None, 1990), ('fc swarovski tirol / fc tirol innsbruck', None, 1993), ('fc swarovski tirol / fc tirol innsbruck', None, 2000), ('fc swarovski tirol / fc tirol innsbruck', None, 2001), ('fc swarovski tirol / fc tirol innsbruck', None, 1987), ('fc swarovski tirol / fc tirol innsbruck', None, 1989), ('fc swarovski tirol / fc tirol innsbruck', None, 1990), ('fc swarovski tirol / fc tirol innsbruck', None, 1993), ('fc swarovski tirol / fc tirol innsbruck', None, 2000), ('fc swarovski tirol / fc tirol innsbruck', None, 2001), ('fc swarovski tirol / fc tirol innsbruck', None, 1987), ('fc swarovski tirol / fc tirol innsbruck', None, 1989), ('fc swarovski tirol / fc tirol innsbruck', None, 1990), ('fc swarovski tirol / fc tirol innsbruck', None, 1993), ('fc swarovski tirol / fc tirol innsbruck', None, 2000), ('fc swarovski tirol / fc tirol innsbruck', None, 2001), ('fc swarovski tirol / fc tirol innsbruck', None, 1987), ('fc swarovski tirol / fc tirol innsbruck', None, 1989), ('fc swarovski tirol / fc tirol innsbruck', None, 1990), ('fc swarovski tirol / fc tirol innsbruck', None, 1993), ('fc swarovski tirol / fc tirol innsbruck', None, 2000), ('fc swarovski tirol / fc tirol innsbruck', None, 2001), ('kremser sc', None, 1988), ('sv stockerau', None, 1991), ('sv ried', None, 1998), ('lask linz', None, 1999), ('sv horn', None, 2008)]","fk austria wien, 1990, 1986, fk austria wien, 1990, 1994, fk austria wien, 1990, 1986, fk austria wien, 1990, 1994, fk austria wien, 1991, 1986, fk austria wien, 1991, 1994, fk austria wien, 1991, 1986, fk austria wien, 1991, 1994, fk austria wien, 1992, 1986, fk austria wien, 1992, 1994, fk austria wien, 1992, 1986, fk austria wien, 1992, 1994, fk austria wien, 1994, 1986, fk austria wien, 1994, 1994, fk austria wien, 1994, 1986, fk austria wien, 1994, 1994, fk austria wien, 2003, 1986, fk austria wien, 2003, 1994, fk austria wien, 2003, 1986, fk austria wien, 2003, 1994, fk austria wien, 2004, 1986, fk austria wien, 2004, 1994, fk austria wien, 2004, 1986, fk austria wien, 2004, 1994, fk austria wien, 1990, 1986, fk austria wien, 1990, 1994, fk austria wien, 1990, 1986, fk austria wien, 1990, 1994, fk austria wien, 1991, 1986, fk austria wien, 1991, 1994, fk austria wien, 1991, 1986, fk austria wien, 1991, 1994, fk austria wien, 1992, 1986, fk austria wien, 1992, 1994, fk austria wien, 1992, 1986, fk austria wien, 1992, 1994, fk austria wien, 1994, 1986, fk austria wien, 1994, 1994, fk austria wien, 1994, 1986, fk austria wien, 1994, 1994, fk austria wien, 2003, 1986, fk austria wien, 2003, 1994, fk austria wien, 2003, 1986, fk austria wien, 2003, 1994, fk austria wien, 2004, 1986, fk austria wien, 2004, 1994, fk austria wien, 2004, 1986, fk austria wien, 2004, 1994, fk austria wien, 1990, 1986, fk austria wien, 1990, 1994, fk austria wien, 1990, 1986, fk austria wien, 1990, 1994, fk austria wien, 1991, 1986, fk austria wien, 1991, 1994, fk austria wien, 1991, 1986, fk austria wien, 1991, 1994, fk austria wien, 1992, 1986, fk austria wien, 1992, 1994, fk austria wien, 1992, 1986, fk austria wien, 1992, 1994, fk austria wien, 1994, 1986, fk austria wien, 1994, 1994, fk austria wien, 1994, 1986, fk austria wien, 1994, 1994, fk austria wien, 2003, 1986, fk austria wien, 2003, 1994, fk austria wien, 2003, 1986, fk austria wien, 2003, 1994, fk austria wien, 2004, 1986, fk austria wien, 2004, 1994, fk austria wien, 2004, 1986, fk austria wien, 2004, 1994, fk austria wien, 1990, 1986, fk austria wien, 1990, 1994, fk austria wien, 1990, 1986, fk austria wien, 1990, 1994, fk austria wien, 1991, 1986, fk austria wien, 1991, 1994, fk austria wien, 1991, 1986, fk austria wien, 1991, 1994, fk austria wien, 1992, 1986, fk austria wien, 1992, 1994, fk austria wien, 1992, 1986, fk austria wien, 1992, 1994, fk austria wien, 1994, 1986, fk austria wien, 1994, 1994, fk austria wien, 1994, 1986, fk austria wien, 1994, 1994, fk austria wien, 2003, 1986, fk austria wien, 2003, 1994, fk austria wien, 2003, 1986, fk austria wien, 2003, 1994, fk austria wien, 2004, 1986, fk austria wien, 2004, 1994, fk austria wien, 2004, 1986, fk austria wien, 2004, 1994, fk austria wien, 1990, 1986, fk austria wien, 1990, 1994, fk austria wien, 1990, 1986, fk austria wien, 1990, 1994, fk austria wien, 1991, 1986, fk austria wien, 1991, 1994, fk austria wien, 1991, 1986, fk austria wien, 1991, 1994, fk austria wien, 1992, 1986, fk austria wien, 1992, 1994, fk austria wien, 1992, 1986, fk austria wien, 1992, 1994, fk austria wien, 1994, 1986, fk austria wien, 1994, 1994, fk austria wien, 1994, 1986, fk austria wien, 1994, 1994, fk austria wien, 2003, 1986, fk austria wien, 2003, 1994, fk austria wien, 2003, 1986, fk austria wien, 2003, 1994, fk austria wien, 2004, 1986, fk austria wien, 2004, 1994, fk austria wien, 2004, 1986, fk austria wien, 2004, 1994, fk austria wien, 1990, 1986, fk austria wien, 1990, 1994, fk austria wien, 1990, 1986, fk austria wien, 1990, 1994, fk austria wien, 1991, 1986, fk austria wien, 1991, 1994, fk austria wien, 1991, 1986, fk austria wien, 1991, 1994, fk austria wien, 1992, 1986, fk austria wien, 1992, 1994, fk austria wien, 1992, 1986, fk austria wien, 1992, 1994, fk austria wien, 1994, 1986, fk austria wien, 1994, 1994, fk austria wien, 1994, 1986, fk austria wien, 1994, 1994, fk austria wien, 2003, 1986, fk austria wien, 2003, 1994, fk austria wien, 2003, 1986, fk austria wien, 2003, 1994, fk austria wien, 2004, 1986, fk austria wien, 2004, 1994, fk austria wien, 2004, 1986, fk austria wien, 2004, 1994, sk rapid wien, 1986, 1995, sk rapid wien, 1986, 1996, sk rapid wien, 1986, 1995, sk rapid wien, 1986, 1996, sk rapid wien, 1987, 1995, sk rapid wien, 1987, 1996, sk rapid wien, 1987, 1995, sk rapid wien, 1987, 1996, sk rapid wien, 1988, 1995, sk rapid wien, 1988, 1996, sk rapid wien, 1988, 1995, sk rapid wien, 1988, 1996, sk rapid wien, 2008, 1995, sk rapid wien, 2008, 1996, sk rapid wien, 2008, 1995, sk rapid wien, 2008, 1996, sk rapid wien, 1986, 1995, sk rapid wien, 1986, 1996, sk rapid wien, 1986, 1995, sk rapid wien, 1986, 1996, sk rapid wien, 1987, 1995, sk rapid wien, 1987, 1996, sk rapid wien, 1987, 1995, sk rapid wien, 1987, 1996, sk rapid wien, 1988, 1995, sk rapid wien, 1988, 1996, sk rapid wien, 1988, 1995, sk rapid wien, 1988, 1996, sk rapid wien, 2008, 1995, sk rapid wien, 2008, 1996, sk rapid wien, 2008, 1995, sk rapid wien, 2008, 1996, sk rapid wien, 1986, 1995, sk rapid wien, 1986, 1996, sk rapid wien, 1986, 1995, sk rapid wien, 1986, 1996, sk rapid wien, 1987, 1995, sk rapid wien, 1987, 1996, sk rapid wien, 1987, 1995, sk rapid wien, 1987, 1996, sk rapid wien, 1988, 1995, sk rapid wien, 1988, 1996, sk rapid wien, 1988, 1995, sk rapid wien, 1988, 1996, sk rapid wien, 2008, 1995, sk rapid wien, 2008, 1996, sk rapid wien, 2008, 1995, sk rapid wien, 2008, 1996, sk rapid wien, 1986, 1995, sk rapid wien, 1986, 1996, sk rapid wien, 1986, 1995, sk rapid wien, 1986, 1996, sk rapid wien, 1987, 1995, sk rapid wien, 1987, 1996, sk rapid wien, 1987, 1995, sk rapid wien, 1987, 1996, sk rapid wien, 1988, 1995, sk rapid wien, 1988, 1996, sk rapid wien, 1988, 1995, sk rapid wien, 1988, 1996, sk rapid wien, 2008, 1995, sk rapid wien, 2008, 1996, sk rapid wien, 2008, 1995, sk rapid wien, 2008, 1996, sk sturm graz, 1996, 1997, sk sturm graz, 1996, 2002, sk sturm graz, 1996, 1997, sk sturm graz, 1996, 2002, sk sturm graz, 1998, 1997, sk sturm graz, 1998, 2002, sk sturm graz, 1998, 1997, sk sturm graz, 1998, 2002, sk sturm graz, 1999, 1997, sk sturm graz, 1999, 2002, sk sturm graz, 1999, 1997, sk sturm graz, 1999, 2002, sk sturm graz, 1996, 1997, sk sturm graz, 1996, 2002, sk sturm graz, 1996, 1997, sk sturm graz, 1996, 2002, sk sturm graz, 1998, 1997, sk sturm graz, 1998, 2002, sk sturm graz, 1998, 1997, sk sturm graz, 1998, 2002, sk sturm graz, 1999, 1997, sk sturm graz, 1999, 2002, sk sturm graz, 1999, 1997, sk sturm graz, 1999, 2002, sk sturm graz, 1996, 1997, sk sturm graz, 1996, 2002, sk sturm graz, 1996, 1997, sk sturm graz, 1996, 2002, sk sturm graz, 1998, 1997, sk sturm graz, 1998, 2002, sk sturm graz, 1998, 1997, sk sturm graz, 1998, 2002, sk sturm graz, 1999, 1997, sk sturm graz, 1999, 2002, sk sturm graz, 1999, 1997, sk sturm graz, 1999, 2002, sv austria salzburg, 1994, none, sv austria salzburg, 1995, none, sv austria salzburg, 1997, none, sv austria salzburg, 1994, none, sv austria salzburg, 1995, none, sv austria salzburg, 1997, none, sv austria salzburg, 1994, none, sv austria salzburg, 1995, none, sv austria salzburg, 1997, none, grazer ak, 2000, 2004, grazer ak, 2002, 2004, grazer ak, 2000, 2004, grazer ak, 2002, 2004, vfb admira wacker modling, 1989, 1992, fc karnten, 2001, 2003, fc swarovski tirol / fc tirol innsbruck, none, 1987, fc swarovski tirol / fc tirol innsbruck, none, 1989, fc swarovski tirol / fc tirol innsbruck, none, 1990, fc swarovski tirol / fc tirol innsbruck, none, 1993, fc swarovski tirol / fc tirol innsbruck, none, 2000, fc swarovski tirol / fc tirol innsbruck, none, 2001, fc swarovski tirol / fc tirol innsbruck, none, 1987, fc swarovski tirol / fc tirol innsbruck, none, 1989, fc swarovski tirol / fc tirol innsbruck, none, 1990, fc swarovski tirol / fc tirol innsbruck, none, 1993, fc swarovski tirol / fc tirol innsbruck, none, 2000, fc swarovski tirol / fc tirol innsbruck, none, 2001, fc swarovski tirol / fc tirol innsbruck, none, 1987, fc swarovski tirol / fc tirol innsbruck, none, 1989, fc swarovski tirol / fc tirol innsbruck, none, 1990, fc swarovski tirol / fc tirol innsbruck, none, 1993, fc swarovski tirol / fc tirol innsbruck, none, 2000, fc swarovski tirol / fc tirol innsbruck, none, 2001, fc swarovski tirol / fc tirol innsbruck, none, 1987, fc swarovski tirol / fc tirol innsbruck, none, 1989, fc swarovski tirol / fc tirol innsbruck, none, 1990, fc swarovski tirol / fc tirol innsbruck, none, 1993, fc swarovski tirol / fc tirol innsbruck, none, 2000, fc swarovski tirol / fc tirol innsbruck, none, 2001, fc swarovski tirol / fc tirol innsbruck, none, 1987, fc swarovski tirol / fc tirol innsbruck, none, 1989, fc swarovski tirol / fc tirol innsbruck, none, 1990, fc swarovski tirol / fc tirol innsbruck, none, 1993, fc swarovski tirol / fc tirol innsbruck, none, 2000, fc swarovski tirol / fc tirol innsbruck, none, 2001, fc swarovski tirol / fc tirol innsbruck, none, 1987, fc swarovski tirol / fc tirol innsbruck, none, 1989, fc swarovski tirol / fc tirol innsbruck, none, 1990, fc swarovski tirol / fc tirol innsbruck, none, 1993, fc swarovski tirol / fc tirol innsbruck, none, 2000, fc swarovski tirol / fc tirol innsbruck, none, 2001, kremser sc, none, 1988, sv stockerau, none, 1991, sv ried, none, 1998, lask linz, none, 1999, sv horn, none, 2008","fk austria wien, sk rapid wien, sk sturm graz, grazer ak, vfb admira wacker mödling, fc kärnten, fc swarovski tirol / fc tirol innsbruck, kremser sc, sv stockerau, sv ried, lask linz, sv horn",-4.728,EXACT_LIKELIHOOD,127
"[('13:10', '-4.21'), ('22:17', '3.64'), ('9:7', '-1.75'), ('14:11', '-0.84'), ('5:4', '-2.98'), ('16:13', '7.19'), ('11:9', '2.59'), ('17:14', '-2.8'), ('6:5', '1.03'), ('13:11', '-5.88'), ('7:6', '-0.2'), ('28:27', '3.71')]","13:10, -4.21, 22:17, 3.64, 9:7, -1.75, 14:11, -0.84, 5:4, -2.98, 16:13, 7.19, 11:9, 2.59, 17:14, -2.8, 6:5, 1.03, 13:11, -5.88, 7:6, -0.2, 28:27, 3.71","midi, just (cents)",-2.982,EXACT_LIKELIHOOD,103
"[('42', '3:2', '-1.96'), ('36', '17:12', '-3'), ('35', '7:5', '0.82'), ('34', '18:13', '3.28'), ('33', '11:8', '-1.32'), ('32', '15:11', '-3.62'), ('30', '4:3', '1.96'), ('28', '21:16', '-4.11'), ('28', '17:13', '2.24'), ('27', '13:10', '-4.21'), ('27', '22:17', '3.64'), ('26', '9:7', '-1.75'), ('25', '14:11', '-0.84'), ('23', '5:4', '-2.98'), ('22', '16:13', '7.19'), ('21', '11:9', '2.59'), ('20', '17:14', '-2.8'), ('19', '6:5', '1.03'), ('17', '13:11', '-5.88'), ('16', '7:6', '-0.2'), ('15', '15:13', '2.26'), ('14', '8:7', '2.16'), ('13', '17:15', '-0.02'), ('12', '9:8', '-3.91'), ('11', '10:9', '0.93'), ('10', '11:10', '1.66'), ('9', '12:11', '-0.64'), ('8', '13:12', '-5.24'), ('8', '27:25', '0.09'), ('8', '14:13', '5.04'), ('7', '15:14', '-2.78'), ('7', '16:15', '4.94'), ('6', '17:16', '-4.95'), ('6', '18:17', '1.05'), ('5', '21:20', '-1.13'), ('4', '25:24', '-4.01'), ('4', '28:27', '3.71'), ('3', '36:35', '1.23'), ('2', '49:48', '-2.36'), ('1', '100:99', '-0.73')]","42, 3:2, -1.96, 36, 17:12, -3, 35, 7:5, 0.82, 34, 18:13, 3.28, 33, 11:8, -1.32, 32, 15:11, -3.62, 30, 4:3, 1.96, 28, 21:16, -4.11, 28, 17:13, 2.24, 27, 13:10, -4.21, 27, 22:17, 3.64, 26, 9:7, -1.75, 25, 14:11, -0.84, 23, 5:4, -2.98, 22, 16:13, 7.19, 21, 11:9, 2.59, 20, 17:14, -2.8, 19, 6:5, 1.03, 17, 13:11, -5.88, 16, 7:6, -0.2, 15, 15:13, 2.26, 14, 8:7, 2.16, 13, 17:15, -0.02, 12, 9:8, -3.91, 11, 10:9, 0.93, 10, 11:10, 1.66, 9, 12:11, -0.64, 8, 13:12, -5.24, 8, 27:25, 0.09, 8, 14:13, 5.04, 7, 15:14, -2.78, 7, 16:15, 4.94, 6, 17:16, -4.95, 6, 18:17, 1.05, 5, 21:20, -1.13, 4, 25:24, -4.01, 4, 28:27, 3.71, 3, 36:35, 1.23, 2, 49:48, -2.36, 1, 100:99, -0.73","700, 701.96",-3.533,EXACT_LIKELIHOOD,127
"[('nfl blitz',)]",nfl blitz,"nfl blitz 20-02, nfl blitz 20-03",-5.151,EXACT_LIKELIHOOD,4
"[('simran', 2)]","simran, 2","simran, suman, anwita chauhan",-4.177,EXACT_LIKELIHOOD,5
"[('peter little',)]",peter little,peter little,-2.049,EXACT_LIKELIHOOD,4
"[('celebrity contestant',)]",celebrity contestant,celebrity contestant,-0.373,EXACT_LIKELIHOOD,3
"[('saregamapa challenge',)]",saregamapa challenge,saregamapa challenge,-1.860,EXACT_LIKELIHOOD,6
"[('kics-1303', '18')]","kics-1303, 18","kics-475, 8",-6.507,EXACT_LIKELIHOOD,8
"[('12615/2616', 'new delhi'), ('12621/2622', 'new delhi'), ('12433/2434', 'h.nizamudin'), ('12611/2612', 'h.nizamudin'), ('11028/11027', 'mumbai'), ('11042/11041', 'mumbai'), ('12842/12841', 'howrah'), ('12840/12839', 'howrah'), ('12679/12680', 'coimbatore'), ('12673/12674', 'coimbatore'), ('12675/12676', 'coimbatore'), ('12243/12244', 'coimbatore'), ('12681/12682', 'coimbatore'), ('12671/12672', 'mettupalayam (coimbatore)'), ('16627/16628', 'mangalore central'), ('12601/12602', 'mangalore central'), ('12685/12686', 'mangalore central'), ('12656/12655', 'ahmedabad'), ('12669/12670', 'chhapra'), ('16057/16058', 'tirupati'), ('16053/16054', 'tirupati'), ('16203/16204', 'tirupati'), ('12759/12760', 'hyderabad'), ('12603/12604', 'hyderabad'), ('16669/16670', 'erode'), ('12639/12640', 'bangalore'), ('12607/12608', 'bangalore'), ('12657/12658', 'bangalore'), ('12027/12028', 'bangalore'), ('12609/12610', 'bangalore'), ('12691/12692', 'satya sai prasanthi nilayam'), ('12007/12008', 'mysore'), ('16222/16221', 'mysore'), ('16041/16042', 'alapuzha'), ('12623/12624', 'trivandrum'), ('12695/12696', 'trivandrum'), ('12697/12698', 'trivandrum'), ('16089/16090', 'jolarpet junction'), ('16031/16032', 'jammutawi'), ('12687/12688', 'dehradun'), ('12712/12711', 'vijayawada'), ('12077/12078', 'vijayawada'), ('12829/12830', 'bhubaneswar'), ('12967/12968', 'jaipur'), ('16093/16094', 'lucknow'), ('17311/17312', 'vasco da gama, goa'), ('17313/7314', 'hubli'), ('12689/12690', 'nagercoil'), ('12291/12292', 'yeswantpur'), ('12755/12756', 'haldia'), ('12852/12851', 'bilaspur')]","12615/2616, new delhi, 12621/2622, new delhi, 12433/2434, h.nizamudin, 12611/2612, h.nizamudin, 11028/11027, mumbai, 11042/11041, mumbai, 12842/12841, howrah, 12840/12839, howrah, 12679/12680, coimbatore, 12673/12674, coimbatore, 12675/12676, coimbatore, 12243/12244, coimbatore, 12681/12682, coimbatore, 12671/12672, mettupalayam (coimbatore), 16627/16628, mangalore central, 12601/12602, mangalore central, 12685/12686, mangalore central, 12656/12655, ahmedabad, 12669/12670, chhapra, 16057/16058, tirupati, 16053/16054, tirupati, 16203/16204, tirupati, 12759/12760, hyderabad, 12603/12604, hyderabad, 16669/16670, erode, 12639/12640, bangalore, 12607/12608, bangalore, 12657/12658, bangalore, 12027/12028, bangalore, 12609/12610, bangalore, 12691/12692, satya sai prasanthi nilayam, 12007/12008, mysore, 16222/16221, mysore, 16041/16042, alapuzha, 12623/12624, trivandrum, 12695/12696, trivandrum, 12697/12698, trivandrum, 16089/16090, jolarpet junction, 16031/16032, jammutawi, 12687/12688, dehradun, 12712/12711, vijayawada, 12077/12078, vijayawada, 12829/12830, bhubaneswar, 12967/12968, jaipur, 16093/16094, lucknow, 17311/17312, vasco da gama, goa, 17313/7314, hubli, 12689/12690, nagercoil, 12291/12292, yeswantpur, 12755/12756, haldia, 12852/12851, bilaspur","12615/2616, the grand trunk express, tamil nadu express",-2.249,EXACT_LIKELIHOOD,127
"[('trivandrum mail',), ('superfast express',), ('trivandum express',)]","trivandrum mail, superfast express, trivandum express",bilaspur express,-6.560,EXACT_LIKELIHOOD,13
"[('devonport, devon',)]","devonport, devon","devonport, devon",-1.937,EXACT_LIKELIHOOD,7
"[('austria',), ('switzerland',), ('switzerland',), ('italy',), ('france',), ('italy',), ('switzerland',), ('france',), ('france',), ('france',)]","austria, switzerland, switzerland, italy, france, italy, switzerland, france, france, france",lake kubenskoye,-3.781,EXACT_LIKELIHOOD,30
"[(None,)]",none,"52,606",-7.593,EXACT_LIKELIHOOD,2
"[('january 13',)]",january 13,december 27,-2.832,EXACT_LIKELIHOOD,4
"[('common, will.i.am',), ('will.i.am',), ('will.i.am',), ('mark isham, miri ben-ari, will.i.am',)]","common, will.i.am, will.i.am, will.i.am, mark isham, miri ben-ari, will.i.am",will.i.am,-1.986,EXACT_LIKELIHOOD,36
"[('""a dream""',), ('""colors""',), ('""bus ride""',), ('""riots""',)]","""a dream"", ""colors"", ""bus ride"", ""riots""","""colors"", ""bus ride""",-1.678,EXACT_LIKELIHOOD,16
"[('talib kweli',), ('talib kweli',), ('talib kweli',)]","talib kweli, talib kweli, talib kweli",talib kweli,-2.256,EXACT_LIKELIHOOD,18
"[('v. venkatasubha reddiar',)]",v. venkatasubha reddiar,v. venkatasubha reddiar,-1.653,EXACT_LIKELIHOOD,10
"[('2-3',)]",2-3,2-3,-1.149,EXACT_LIKELIHOOD,4
"[('defensive tackle',)]",defensive tackle,defensive tackle,-3.597,EXACT_LIKELIHOOD,3
"[('""mic-nificent""',)]","""mic-nificent""","""mic-nificent""",-3.322,EXACT_LIKELIHOOD,7
"[('australia', 8), ('bahamas', 14), ('botswana', 14), ('germany', 8), ('great britain', 14), ('greece', 6), ('japan', 8), ('nigeria', 14), ('spain', 6), ('united states', 8)]","australia, 8, bahamas, 14, botswana, 14, germany, 8, great britain, 14, greece, 6, japan, 8, nigeria, 14, spain, 6, united states, 8",7,-4.162,EXACT_LIKELIHOOD,56
"[(220.0,)]",220,1344,-6.813,EXACT_LIKELIHOOD,2
"[('istanbul, turkey', 'istanbul'), ('istanbul, turkey', 'turkey'), ('mersin, turkey', 'mersin'), ('mersin, turkey', 'turkey'), ('mersin, turkey', 'mersin'), ('mersin, turkey', 'turkey')]","istanbul, turkey, istanbul, istanbul, turkey, turkey, mersin, turkey, mersin, mersin, turkey, turkey, mersin, turkey, mersin, mersin, turkey, turkey","mersin, turkey, istanbul, turkey",-3.158,EXACT_LIKELIHOOD,54
"[('1st', 'sherbrooke, canada'), ('1st', 'sherbrooke, canada'), ('3rd', 'grosseto, italy'), ('3rd', 'grosseto, italy')]","1st, sherbrooke, canada, 1st, sherbrooke, canada, 3rd, grosseto, italy, 3rd, grosseto, italy","sherbrooke, canada, grosseto, italy",-2.829,EXACT_LIKELIHOOD,38
"[('mersin, turkey',), ('mersin, turkey',), ('mersin, turkey',), ('mersin, turkey',)]","mersin, turkey, mersin, turkey, mersin, turkey, mersin, turkey","mersin, turkey",-3.693,EXACT_LIKELIHOOD,24
"[(4,)]",4,8,-3.422,EXACT_LIKELIHOOD,2
"[('joe calzaghe', 3995)]","joe calzaghe, 3995",joe calzaghe,-4.988,EXACT_LIKELIHOOD,9
"[(6,)]",6,4,-3.594,EXACT_LIKELIHOOD,2
"[(None,)]",none,26,-8.673,EXACT_LIKELIHOOD,2
"[(0,)]",0,1,-5.194,EXACT_LIKELIHOOD,2
"[(2,)]",2,5,-4.456,EXACT_LIKELIHOOD,2
"[(24582.0,)]",24582,"24,582",-3.900,EXACT_LIKELIHOOD,3
"[('1956',), ('1981',)]","1956, 1981",1956,-1.598,EXACT_LIKELIHOOD,4
"[('ewan maccoll',)]",ewan maccoll,ewan maccoll,-1.519,EXACT_LIKELIHOOD,6
"[('frank kimmel',)]",frank kimmel,frank kimmel,-1.930,EXACT_LIKELIHOOD,5
"[('keyuo craver',)]",keyuo craver,donté stallworth,-7.591,EXACT_LIKELIHOOD,5
"[('nominated',)]",nominated,nominated,-1.908,EXACT_LIKELIHOOD,2
"[('2005',)]",2005,2005,-2.350,EXACT_LIKELIHOOD,2
"[('devakanya', '16.01.1943')]","devakanya, 16.01.1943","devakanya, 16.01.1943",-0.533,EXACT_LIKELIHOOD,11
"[('kubera kuchela',)]",kubera kuchela,kubera kuchela,-1.588,EXACT_LIKELIHOOD,8
"[('kubera kuchela',)]",kubera kuchela,kumara kulothungan & asattupillai,-1.830,EXACT_LIKELIHOOD,8
"[(24.0,)]",24,4,-4.955,EXACT_LIKELIHOOD,2
"[('amsterdam', 1), ('arlington, texas', 1), ('astana', 1), ('bucharest', 1), ('cardiff', 1), ('copenhagen', 1), ('dusseldorf', 1), ('frankfurt', 1), ('fukuoka', 1), ('houston, texas', 2), ('indianapolis, indiana', 1), ('istanbul', 1), ('lille', 1), ('melbourne', 1), ('miami, florida', 1), ('milwaukee, wisconsin', 1), ('nantong', 1), ('oita', 1), ('ordos', 1), ('phoenix, arizona', 1), ('seattle, washington', 1), ('solna, stockholm', 1), ('stockholm', 1), ('tokorozawa', 1), ('toronto, ontario', 1), ('toyota', 1), ('vancouver, british columbia', 1), ('warszawa', 1)]","amsterdam, 1, arlington, texas, 1, astana, 1, bucharest, 1, cardiff, 1, copenhagen, 1, dusseldorf, 1, frankfurt, 1, fukuoka, 1, houston, texas, 2, indianapolis, indiana, 1, istanbul, 1, lille, 1, melbourne, 1, miami, florida, 1, milwaukee, wisconsin, 1, nantong, 1, oita, 1, ordos, 1, phoenix, arizona, 1, seattle, washington, 1, solna, stockholm, 1, stockholm, 1, tokorozawa, 1, toronto, ontario, 1, toyota, 1, vancouver, british columbia, 1, warszawa, 1",2,-3.282,EXACT_LIKELIHOOD,127
"[('brookings, sd',), ('ann arbor, mi',)]","brookings, sd, ann arbor, mi","williamsport, pa",-2.571,EXACT_LIKELIHOOD,12
"[('rules cyclopedia (1991)',), ('rules cyclopedia (1991)',), ('d&d expert rules (1981)',), ('d&d expert rules (1983)',), ('rules cyclopedia (1991)',), ('rules cyclopedia (1991)',), ('d&d basic rules (1981)',), ('d&d basic rules (1983)',), ('rules cyclopedia (1991)',), ('rules cyclopedia (1991)',), ('d&d expert rules (1981)',), ('d&d expert rules (1983)',), ('rules cyclopedia (1991)',), ('rules cyclopedia (1991)',)]","rules cyclopedia (1991), rules cyclopedia (1991), d&d expert rules (1981), d&d expert rules (1983), rules cyclopedia (1991), rules cyclopedia (1991), d&d basic rules (1981), d&d basic rules (1983), rules cyclopedia (1991), rules cyclopedia (1991), d&d expert rules (1981), d&d expert rules (1983), rules cyclopedia (1991), rules cyclopedia (1991)","normal and giant, salamander, undine",-2.323,EXACT_LIKELIHOOD,105
"[('basilisk', 'd&d expert rules (1981)'), ('basilisk', 'd&d expert rules (1983)'), ('basilisk', 'rules cyclopedia (1991)'), ('cockatrice', 'd&d expert rules (1981)'), ('cockatrice', 'd&d expert rules (1983)'), ('cockatrice', 'rules cyclopedia (1991)'), ('djinni, lesser', 'd&d expert rules (1981)'), ('djinni, lesser', 'd&d expert rules (1983)'), ('djinni, lesser', 'rules cyclopedia (1991)'), ('efreeti, lesser', 'd&d expert rules (1981)'), ('efreeti, lesser', 'd&d expert rules (1983)'), ('efreeti, lesser', 'rules cyclopedia (1991)'), ('elemental', 'd&d expert rules (1981)'), ('elemental', 'd&d expert rules (1983)'), ('elemental', 'rules cyclopedia (1991)'), ('gorgon', 'd&d expert rules (1981)'), ('gorgon', 'd&d expert rules (1983)'), ('gorgon', 'rules cyclopedia (1991)'), ('invisible stalker', 'd&d expert rules (1981)'), ('invisible stalker', 'd&d expert rules (1983)'), ('invisible stalker', 'rules cyclopedia (1991)'), ('salamander', 'd&d expert rules (1981)'), ('salamander', 'd&d expert rules (1983)'), ('salamander', 'rules cyclopedia (1991)')]","basilisk, d&d expert rules (1981), basilisk, d&d expert rules (1983), basilisk, rules cyclopedia (1991), cockatrice, d&d expert rules (1981), cockatrice, d&d expert rules (1983), cockatrice, rules cyclopedia (1991), djinni, lesser, d&d expert rules (1981), djinni, lesser, d&d expert rules (1983), djinni, lesser, rules cyclopedia (1991), efreeti, lesser, d&d expert rules (1981), efreeti, lesser, d&d expert rules (1983), efreeti, lesser, rules cyclopedia (1991), elemental, d&d expert rules (1981), elemental, d&d expert rules (1983), elemental, rules cyclopedia (1991), gorgon, d&d expert rules (1981), gorgon, d&d expert rules (1983), gorgon, rules cyclopedia (1991), invisible stalker, d&d expert rules (1981), invisible stalker, d&d expert rules (1983), invisible stalker, rules cyclopedia (1991), salamander, d&d expert rules (1981), salamander, d&d expert rules (1983), salamander, rules cyclopedia (1991)","basilisk, cockatrice, invisible stalker, salamander",-3.191,EXACT_LIKELIHOOD,127
"[('patrick campbell',), ('josh crolley',), ('daniel donnelly',), ('ross campbell',), ('steven leven',), ('thomas pearson',), ('ikemefuna attah',), ('simon flockhart',)]","patrick campbell, josh crolley, daniel donnelly, ross campbell, steven leven, thomas pearson, ikemefuna attah, simon flockhart","garreth lodge, patrick campbell, ross campbell, steven leven, thomas pearson, ikemefuna attah",-0.623,EXACT_LIKELIHOOD,44
"[(1.8466666666666667,)]",1.8466666666666667,1.75,-5.888,EXACT_LIKELIHOOD,7
"[('1968',)]",1968,1968,-1.476,EXACT_LIKELIHOOD,2
"[(35163.3,)]",35163.3,212.5,-5.681,EXACT_LIKELIHOOD,5
"[(2484840.0,)]",2484840,4922324,-7.970,EXACT_LIKELIHOOD,4
"[(0,)]",0,7,-7.073,EXACT_LIKELIHOOD,2
"[(0,)]",0,34,-6.034,EXACT_LIKELIHOOD,2
"[('labour', 22475.0)]","labour, 22475.0",labour,-6.688,EXACT_LIKELIHOOD,7
"[('hell below/stars above', 1), ('no deliverance', 2), ('non-album single', 1), ('play.rock.music', 1), ('rubberneck', 5), ('velvet', 1)]","hell below/stars above, 1, no deliverance, 2, non-album single, 1, play.rock.music, 1, rubberneck, 5, velvet, 1",5,-3.923,EXACT_LIKELIHOOD,38
"[('china', 24.0), ('chinese taipei', 4.0), ('hong kong', 20.0), ('iran', 12.0), ('japan', 18.0), ('kazakhstan', 2.0), ('kyrgyzstan', 2.0), ('malaysia', 14.0), ('south korea', 28.0), ('thailand', 12.0), ('total', 138.0), ('uzbekistan', 2.0)]","china, 24.0, chinese taipei, 4.0, hong kong, 20.0, iran, 12.0, japan, 18.0, kazakhstan, 2.0, kyrgyzstan, 2.0, malaysia, 14.0, south korea, 28.0, thailand, 12.0, total, 138.0, uzbekistan, 2.0",69,-3.736,EXACT_LIKELIHOOD,96
"[('43', '1855'), ('46', '1855'), (None, '1870'), (None, '1930'), (None, None)]","43, 1855, 46, 1855, none, 1870, none, 1930, none, none","14, 17, 1836",-5.706,EXACT_LIKELIHOOD,22
"[(2010, 25.0), (2011, 12.0), (2012, 12.0), (2013, 7.0)]","2010, 25.0, 2011, 12.0, 2012, 12.0, 2013, 7.0",109,-4.764,EXACT_LIKELIHOOD,24
"[('united states', 4)]","united states, 4","san juan, puerto rico",-8.187,EXACT_LIKELIHOOD,5
"[('soviet union',)]",soviet union,soviet union,-1.412,EXACT_LIKELIHOOD,5
"[(1, 5), (2, 4), (3, 4)]","1, 5, 2, 4, 3, 4",13,-4.715,EXACT_LIKELIHOOD,12
"[(0,)]",0,7,-6.596,EXACT_LIKELIHOOD,2
"[(1,)]",1,4,-4.487,EXACT_LIKELIHOOD,2
"[(0,)]",0,9,-5.882,EXACT_LIKELIHOOD,2
"[(174560,)]",174560,"41,040",-6.676,EXACT_LIKELIHOOD,4
"[(12,)]",12,6,-4.820,EXACT_LIKELIHOOD,2
"[(4,)]",4,4,-0.980,EXACT_LIKELIHOOD,2
"[(5,)]",5,1,-4.029,EXACT_LIKELIHOOD,2
"[(3,)]",3,3,-0.830,EXACT_LIKELIHOOD,2
"[(3,)]",3,3,-0.825,EXACT_LIKELIHOOD,2
"[('frank gifford',), ('frank gifford',), ('warren lahr',), ('warren lahr',)]","frank gifford, frank gifford, warren lahr, warren lahr",frank gifford,-2.487,EXACT_LIKELIHOOD,22
"[('august 16',)]",august 16,august 16,-0.763,EXACT_LIKELIHOOD,4
"[('9.72',)]",9.72,9.72,-1.772,EXACT_LIKELIHOOD,4
"[(None, 1), ('gb', 4), ('ind', 1), ('pit', 3)]","none, 1, gb, 4, ind, 1, pit, 3",73,-4.784,EXACT_LIKELIHOOD,17
"[('1885', 'bombay'), ('1886', 'calcutta'), ('1887', 'madras'), ('1888', 'allahabad'), ('1889', 'bombay'), ('1890', 'calcutta'), ('1891', 'nagpur'), ('1892', 'allahabad'), ('1893', 'lahore'), ('1894', 'madras'), ('1895', 'poona'), ('1896', 'calcutta'), ('1897', 'amraoti'), ('1898', 'madras'), ('1899', 'lucknow'), ('1900', 'lahore'), ('1901', 'calcutta'), ('1902', 'ahmedabad'), ('1903', 'madras'), ('1904', 'bombay'), ('1905', 'benares'), ('1906', 'calcutta'), ('1907', 'surat'), ('1908', 'madras'), ('1909', 'lahore'), ('1910', 'allahabad'), ('1911', 'calcutta'), ('1912', 'bankipur'), ('1913', 'karachi'), ('1914', 'madras'), ('1915', 'bombay'), ('1916', 'lucknow'), ('1917', 'calcutta'), ('1918', 'delhi'), ('1918', 'bombay (special session)'), ('1919', 'amritsar'), ('1920', 'calcutta (special session)'), ('1920', 'nagpur'), ('1921', 'ahmedabad'), ('1922', 'gaya'), ('1923', 'kakinada'), ('1923', 'delhi (special session)'), ('1924', 'belgaum'), ('1925', 'kanpur'), ('1926', 'gauhati'), ('1927', 'madras'), ('1928', 'calcutta'), ('1929 & 30', 'lahore'), ('1931', 'karachi'), ('1932', 'delhi'), ('1933', 'calcutta'), ('1934 & 35', 'bombay'), ('1936', 'lucknow'), ('1936& 37', 'faizpur'), ('1938', 'haripura'), ('1939', 'tripuri'), ('1940-46', 'ramgarh'), ('1947', 'meerut'), ('1948 & 49', 'jaipur'), ('1950', 'nasik'), ('1951 & 52', 'delhi'), ('1953', 'hyderabad'), ('1954', 'calcutta'), ('1955', 'avadi'), ('1956', 'amritsar'), ('1957', 'indore'), ('1958', 'gauhati'), ('1959', 'nagpur'), ('1959', 'delhi'), ('1960', 'bangalore'), ('1961', 'bhavnagar'), ('1962 & 63', 'patna'), ('1964', 'bhubaneswar'), ('1965', 'durgapur'), ('1966 & 67', 'jaipur'), ('1968', 'hyderabad'), ('1968', 'gujarat'), ('1969', 'faridabad'), ('1970 & 71', 'bombay'), ('1972- 74', 'calcutta'), ('1975- 77', 'chandigarh'), ('1978 - 83', 'delhi'), ('1983-84', 'calcutta'), ('1985-91', 'bombay'), ('1992-96', 'tirupati'), ('1997-98', 'calcutta'), ('1998-present', 'calcutta')]","1885, bombay, 1886, calcutta, 1887, madras, 1888, allahabad, 1889, bombay, 1890, calcutta, 1891, nagpur, 1892, allahabad, 1893, lahore, 1894, madras, 1895, poona, 1896, calcutta, 1897, amraoti, 1898, madras, 1899, lucknow, 1900, lahore, 1901, calcutta, 1902, ahmedabad, 1903, madras, 1904, bombay, 1905, benares, 1906, calcutta, 1907, surat, 1908, madras, 1909, lahore, 1910, allahabad, 1911, calcutta, 1912, bankipur, 1913, karachi, 1914, madras, 1915, bombay, 1916, lucknow, 1917, calcutta, 1918, delhi, 1918, bombay (special session), 1919, amritsar, 1920, calcutta (special session), 1920, nagpur, 1921, ahmedabad, 1922, gaya, 1923, kakinada, 1923, delhi (special session), 1924, belgaum, 1925, kanpur, 1926, gauhati, 1927, madras, 1928, calcutta, 1929 & 30, lahore, 1931, karachi, 1932, delhi, 1933, calcutta, 1934 & 35, bombay, 1936, lucknow, 1936& 37, faizpur, 1938, haripura, 1939, tripuri, 1940-46, ramgarh, 1947, meerut, 1948 & 49, jaipur, 1950, nasik, 1951 & 52, delhi, 1953, hyderabad, 1954, calcutta, 1955, avadi, 1956, amritsar, 1957, indore, 1958, gauhati, 1959, nagpur, 1959, delhi, 1960, bangalore, 1961, bhavnagar, 1962 & 63, patna, 1964, bhubaneswar, 1965, durgapur, 1966 & 67, jaipur, 1968, hyderabad, 1968, gujarat, 1969, faridabad, 1970 & 71, bombay, 1972- 74, calcutta, 1975- 77, chandigarh, 1978 - 83, delhi, 1983-84, calcutta, 1985-91, bombay, 1992-96, tirupati, 1997-98, calcutta, 1998-present, calcutta","1885, calcutta",-2.815,EXACT_LIKELIHOOD,127
"[(1,)]",1,2,-3.856,EXACT_LIKELIHOOD,2
"[('exeter street, salisbury. sp1 2eg',), (""st martin's church st., salisbury. sp1 2hy"",)]","exeter street, salisbury. sp1 2eg, st martin's church st., salisbury. sp1 2hy",north gate,-5.176,EXACT_LIKELIHOOD,27
"[('estadio panamericano, san cristobal',)]","estadio panamericano, san cristobal","estadio panamericano, san cristobal",-0.843,EXACT_LIKELIHOOD,13
"[('lionel roberts park, charlotte amalie',), ('kensington oval, bridgetown',), (""antigua recreation ground, st.john's"",)]","lionel roberts park, charlotte amalie, kensington oval, bridgetown, antigua recreation ground, st.john's","kensington oval, bridgetown",-1.762,EXACT_LIKELIHOOD,34
"[('kensington oval, bridgetown',), ('kensington oval, bridgetown',)]","kensington oval, bridgetown, kensington oval, bridgetown","kensington oval, bridgetown",-1.350,EXACT_LIKELIHOOD,18
"[('lionel roberts park, charlotte amalie',), ('lionel roberts park, charlotte amalie',), ('lionel roberts park, charlotte amalie',), ('lionel roberts park, charlotte amalie',)]","lionel roberts park, charlotte amalie, lionel roberts park, charlotte amalie, lionel roberts park, charlotte amalie, lionel roberts park, charlotte amalie","lionel roberts park, charlotte amalie, kensington oval, bridgetown, lionel roberts park, charlotte amalie, estadio panamericano, san cristóbal, suriname, antigua recreation ground, st.john's",-0.625,EXACT_LIKELIHOOD,56
"[('estadio panamericano, san cristobal',), ('andre kamperveen stadion, paramaribo',)]","estadio panamericano, san cristobal, andre kamperveen stadion, paramaribo","estadio panamericano, san cristóbal, andré kamperveen stadion, paramaribo",-0.755,EXACT_LIKELIHOOD,28
"[('kensington oval, bridgetown',), ('kensington oval, bridgetown',)]","kensington oval, bridgetown, kensington oval, bridgetown","kensington oval, bridgetown",-1.291,EXACT_LIKELIHOOD,18
"[('estadio panamericano',), ('san cristobal',)]","estadio panamericano, san cristobal","estadio panamericano, san cristobal",-0.852,EXACT_LIKELIHOOD,13
"[('estadio panamericano, san cristobal',)]","estadio panamericano, san cristobal","estadio panamericano, san cristobal",-0.852,EXACT_LIKELIHOOD,13
"[(None,)]",none,62,-8.209,EXACT_LIKELIHOOD,2
"[('all voters',), ('white',), ('black',), ('midwest',)]","all voters, white, black, midwest",48,-6.524,EXACT_LIKELIHOOD,10
"[(0,)]",0,2,-5.715,EXACT_LIKELIHOOD,2
"[('recording engineer',)]",recording engineer,roberta flack & donny hathaway,-5.991,EXACT_LIKELIHOOD,3
"[('nassau, bahamas',), ('nassau, bahamas',)]","nassau, bahamas, nassau, bahamas","nassau, bahamas",-1.999,EXACT_LIKELIHOOD,16
"[('sydney, australia', 'sydney'), ('sydney, australia', 'australia')]","sydney, australia, sydney, sydney, australia, australia","sydney, australia",-2.796,EXACT_LIKELIHOOD,24
"[('johannesburg, south africa', 'johannesburg'), ('johannesburg, south africa', 'south africa')]","johannesburg, south africa, johannesburg, johannesburg, south africa, south africa","10,000 m",-2.225,EXACT_LIKELIHOOD,30
"[('1863',)]",1863,1863,-2.203,EXACT_LIKELIHOOD,2
"[('smile!',), ('blessed guru',), ('wax figures',), (""someone's melancholy is crying"",), ('fantastic dreams',), ('good-bye',), ('happiness',), ('rain in tbilisi',), ('blind painter',), ('lovely music',), ('see you later (do svidaniya)',)]","smile!, blessed guru, wax figures, someone's melancholy is crying, fantastic dreams, good-bye, happiness, rain in tbilisi, blind painter, lovely music, see you later (do svidaniya)","smile!, blessed guru, wax figures, someone's melancholy is crying, blind painter, lovely music, see you later (do svidaniya)",-0.834,EXACT_LIKELIHOOD,46
"[('2',), ('9',), ('10',), ('14',), ('16',)]","2, 9, 10, 14, 16",16,-4.162,EXACT_LIKELIHOOD,10
"[(None,)]",none,744,-9.952,EXACT_LIKELIHOOD,2
"[(None,)]",none,748,-9.861,EXACT_LIKELIHOOD,2
"[(33.0,)]",33,744,-6.278,EXACT_LIKELIHOOD,2
"[(None,)]",none,780,-9.085,EXACT_LIKELIHOOD,2
"[(None,)]",none,780,-9.473,EXACT_LIKELIHOOD,2
"[(None,)]",none,700,-7.830,EXACT_LIKELIHOOD,2
"[('3-0',)]",3-0,3-0,-2.053,EXACT_LIKELIHOOD,4
"[('1977-80',)]",1977-80,1977-80,-1.428,EXACT_LIKELIHOOD,4
"[('1:39.98',)]",1:39.98,+17.32,-1.705,EXACT_LIKELIHOOD,6
"[(0,)]",0,14,-6.151,EXACT_LIKELIHOOD,2
"[(0,)]",0,8,-7.148,EXACT_LIKELIHOOD,2
"[(1,)]",1,3,-4.089,EXACT_LIKELIHOOD,2
"[('1978-11-10',)]",1978-11-10,"11-10-1978, 11-10-1978",-6.205,EXACT_LIKELIHOOD,6
"[('http://www.nintendopower.com',)]",http://www.nintendopower.com,http://www.crashonline.org.uk/,-3.280,EXACT_LIKELIHOOD,11
"[('100.00%',)]",100.00%,100.00%,-2.794,EXACT_LIKELIHOOD,5
"[('04:33',)]",04:33,04:33,-2.495,EXACT_LIKELIHOOD,4
"[('voi',)]",voi,voi,-3.425,EXACT_LIKELIHOOD,3
"[(3, 'huangwu\n黃武 (222-229)\nhuanglong\n黃龍 (229-231)\njiahe\n嘉禾 (232-238)\nchiwu\n赤烏 (238-251)\ntaiyuan\n太元 (251-252)\nshenfeng\n神鳳 (252)')]","3, huangwu
黃武 (222-229)
huanglong
黃龍 (229-231)
jiahe
嘉禾 (232-238)
chiwu
赤烏 (238-251)
taiyuan
太元 (251-252)
shenfeng
神鳳 (252)",huangwu,-5.724,EXACT_LIKELIHOOD,90
"[('st. louis city',)]",st. louis city,worth,-6.200,EXACT_LIKELIHOOD,6
"[('canada',)]",canada,canada,-3.071,EXACT_LIKELIHOOD,3
"[(27770.0,)]",27770,"17,035",-8.732,EXACT_LIKELIHOOD,3
"[('16466', '4 - 2')]","16466, 4 - 2","16,466, 9 - 2",-4.623,EXACT_LIKELIHOOD,7
"[(""fess parker's doubletree resort hotel"", 'santa barbara')]","fess parker's doubletree resort hotel, santa barbara","fess parker's doubletree resort hotel, santa barbara",-0.861,EXACT_LIKELIHOOD,15
"[(""fess parker's doubletree resort hotel"", 'xxxx-10-23 - xxxx-10-27')]","fess parker's doubletree resort hotel, xxxx-10-23 - xxxx-10-27","fess parker's doubletree resort hotel, oct 23-27",-2.992,EXACT_LIKELIHOOD,24
"[('archery', 5.0), ('athletics', 32.0), ('badminton', 9.0), ('beach volleyball', 3.0), ('boxing', 11.0), ('bridge', 5.0), ('canoeing', 10.0), ('cycling', 14.0), ('fencing', 13.0), ('fin swimming', 12.0), ('gymnastic - artistic', 8.0), ('judo', 14.0), ('karate-do', 6.0), ('paragliding', 6.0), ('pencak silat', 7.0), ('petanque', 6.0), ('roller sport', 4.0), ('rowing', 9.0), ('shooting', 12.0), ('soft tennis', 9.0), ('swimming', 20.0), ('table tennis', 3.0), ('taekwondo', 12.0), ('tennis', 9.0), ('total', 329.0), ('traditional boat race', 7.0), ('wrestling', 12.0), ('wushu', 4.0)]","archery, 5.0, athletics, 32.0, badminton, 9.0, beach volleyball, 3.0, boxing, 11.0, bridge, 5.0, canoeing, 10.0, cycling, 14.0, fencing, 13.0, fin swimming, 12.0, gymnastic - artistic, 8.0, judo, 14.0, karate-do, 6.0, paragliding, 6.0, pencak silat, 7.0, petanque, 6.0, roller sport, 4.0, rowing, 9.0, shooting, 12.0, soft tennis, 9.0, swimming, 20.0, table tennis, 3.0, taekwondo, 12.0, tennis, 9.0, total, 329.0, traditional boat race, 7.0, wrestling, 12.0, wushu, 4.0",37,-3.896,EXACT_LIKELIHOOD,127
"[('itt automotive grand prix of detroit', 'detroit, michigan'), ('texaco/havoline 200', 'elkhart lake, wisconsin'), ('new england 200', 'loudon, new hampshire')]","itt automotive grand prix of detroit, detroit, michigan, texaco/havoline 200, elkhart lake, wisconsin, new england 200, loudon, new hampshire","marlboro grand prix of miami presented by toyota, miami, florida, surfers paradise, australia, phoenix, arizona, long beach, california, nazareth, pennsylvania, indianapolis motor speedway, indiana, itt automotive grand prix of detroit, detroit, michigan, budweiser/g. i. joe's 200, portland, oregon, lexington, ohio, cleveland burke lakefront airport, brooklyn, michigan, loudon, hampshire,",-1.772,EXACT_LIKELIHOOD,46
"[(1, 'brooklyn, michigan'), (1, 'cleveland, ohio'), (1, 'detroit, michigan'), (1, 'elkhart lake, wisconsin'), (1, 'lexington, ohio'), (1, 'long beach, california'), (1, 'loudon, new hampshire'), (1, 'miami, florida'), (1, 'monterey, california'), (1, 'nazareth, pennsylvania'), (1, 'phoenix, arizona'), (1, 'portland, oregon'), (1, 'speedway, indiana'), (1, 'surfers paradise, australia'), (1, 'toronto, ontario'), (1, 'vancouver, british columbia'), (1, 'west allis, wisconsin')]","1, brooklyn, michigan, 1, cleveland, ohio, 1, detroit, michigan, 1, elkhart lake, wisconsin, 1, lexington, ohio, 1, long beach, california, 1, loudon, new hampshire, 1, miami, florida, 1, monterey, california, 1, nazareth, pennsylvania, 1, phoenix, arizona, 1, portland, oregon, 1, speedway, indiana, 1, surfers paradise, australia, 1, toronto, ontario, 1, vancouver, british columbia, 1, west allis, wisconsin",4,-2.246,EXACT_LIKELIHOOD,127
"[('miami, florida',), ('speedway, indiana',), ('portland, oregon',), ('elkhart lake, wisconsin',), ('toronto, ontario',), ('cleveland, ohio',), ('lexington, ohio',), ('vancouver, british columbia',), ('monterey, california',)]","miami, florida, speedway, indiana, portland, oregon, elkhart lake, wisconsin, toronto, ontario, cleveland, ohio, lexington, ohio, vancouver, british columbia, monterey, california","miami, florida, indianapolis, indiana, lexington, ohio, elkhart lake, wisconsin, toronto, ontario, cleveland, ohio",-2.007,EXACT_LIKELIHOOD,62
"[(""budweiser/g. i. joe's 200"", 'portland international raceway', 'portland, oregon', 'jacques villeneuve', 'al unser, jr'), ('texaco/havoline 200', 'road america', 'elkhart lake, wisconsin', 'jacques villeneuve', 'jacques villeneuve'), ('molson indy toronto', 'exhibition place', 'toronto, ontario', 'jacques villeneuve', 'bobby rahal'), ('budweiser grand prix of cleveland', 'cleveland burke lakefront airport', 'cleveland, ohio', 'gil de ferran', 'jacques villeneuve'), ('miller genuine draft 200', 'mid-ohio sports car course', 'lexington, ohio', 'jacques villeneuve', 'al unser, jr'), ('molson indy vancouver', 'streets of vancouver', 'vancouver, british columbia', 'jacques villeneuve', 'bobby rahal'), ('toyota grand prix of monterey', 'laguna seca raceway', 'monterey, california', 'jacques villeneuve', 'gil de ferran')]","budweiser/g. i. joe's 200, portland international raceway, portland, oregon, jacques villeneuve, al unser, jr, texaco/havoline 200, road america, elkhart lake, wisconsin, jacques villeneuve, jacques villeneuve, molson indy toronto, exhibition place, toronto, ontario, jacques villeneuve, bobby rahal, budweiser grand prix of cleveland, cleveland burke lakefront airport, cleveland, ohio, gil de ferran, jacques villeneuve, miller genuine draft 200, mid-ohio sports car course, lexington, ohio, jacques villeneuve, al unser, jr, molson indy vancouver, streets of vancouver, vancouver, british columbia, jacques villeneuve, bobby rahal, toyota grand prix of monterey, laguna seca raceway, monterey, california, jacques villeneuve, gil de ferran","marlboro grand prix of miami presented by toyota, city,location, fastest lap",-1.980,EXACT_LIKELIHOOD,127
"[('team green',)]",team green,team green,-2.773,EXACT_LIKELIHOOD,3
"[('i-68 / us 40 (national freeway) - cumberland, hancock',)]","i-68 / us 40 (national freeway) - cumberland, hancock",i‑68 / us 40 (national freeway),-2.733,EXACT_LIKELIHOOD,18
"[('g',)]",g,g/f,-2.911,EXACT_LIKELIHOOD,2
"[(28.9,)]",28.9,28.9 kg (64 lb),-5.523,EXACT_LIKELIHOOD,4
"[(None,)]",none,5,-7.222,EXACT_LIKELIHOOD,2
"[('2005-06-05',), ('2005-06-05',)]","2005-06-05, 2005-06-05",5 june 2005,-5.146,EXACT_LIKELIHOOD,12
"[(9,)]",9,3,-4.474,EXACT_LIKELIHOOD,2
"[('7-5, 7-5',)]","7-5, 7-5","7-5, 7-5",-2.122,EXACT_LIKELIHOOD,8
"[(224.0,)]",224,224,-1.316,EXACT_LIKELIHOOD,2
"[(11,)]",11,6,-5.150,EXACT_LIKELIHOOD,2
"[(1,)]",1,2,-3.807,EXACT_LIKELIHOOD,2
"[(8,)]",8,12,-5.404,EXACT_LIKELIHOOD,2
"[('regal entertainment group', 'knoxville,tn', '7318'), ('amc entertainment inc', 'kansas city, mo', '4988'), ('cinemark theatres', 'plano, tx', '4434'), ('carmike cinemas, inc', 'columbus, ga', '2476'), ('cineplex entertainment', 'toronto, on', '1672'), ('marcus theatres', 'milwaukee, wi', '687'), ('harkins theatres', 'phoenix, az', '440'), ('national amusements', 'dedham, ma', '423'), ('bow tie cinemas', 'ridgefield, ct', '388'), ('georgia theatre company', ""st. simon's island, ga"", '326')]","regal entertainment group, knoxville,tn, 7318, amc entertainment inc, kansas city, mo, 4988, cinemark theatres, plano, tx, 4434, carmike cinemas, inc, columbus, ga, 2476, cineplex entertainment, toronto, on, 1672, marcus theatres, milwaukee, wi, 687, harkins theatres, phoenix, az, 440, national amusements, dedham, ma, 423, bow tie cinemas, ridgefield, ct, 388, georgia theatre company, st. simon's island, ga, 326","knoxville,tn, kansas city, mo, plano, tx",-2.635,EXACT_LIKELIHOOD,127
"[('columbus, ga', 4952.0, 498.0, 'columbus'), ('dedham, ma', 846.0, 64.0, 'dedham'), ('kansas city, mo', 9976.0, 688.0, 'kansas city'), ('knoxville,tn', 14636.0, 1148.0, 'knoxville'), ('milwaukee, wi', 1374.0, 110.0, 'milwaukee'), ('phoenix, az', 880.0, 62.0, 'phoenix'), ('plano, tx', 8868.0, 664.0, 'plano'), ('ridgefield, ct', 776.0, 126.0, 'ridgefield'), (""st. simon's island, ga"", 652.0, 64.0, ""st. simon's island""), ('toronto, on', 3344.0, 272.0, 'toronto')]","columbus, ga, 4952.0, 498.0, columbus, dedham, ma, 846.0, 64.0, dedham, kansas city, mo, 9976.0, 688.0, kansas city, knoxville,tn, 14636.0, 1148.0, knoxville, milwaukee, wi, 1374.0, 110.0, milwaukee, phoenix, az, 880.0, 62.0, phoenix, plano, tx, 8868.0, 664.0, plano, ridgefield, ct, 776.0, 126.0, ridgefield, st. simon's island, ga, 652.0, 64.0, st. simon's island, toronto, on, 3344.0, 272.0, toronto",8296,-4.281,EXACT_LIKELIHOOD,127
"[('2012-02-11', ""sint-job-in-'t-goor, belgium""), ('2011-09-24', 'brussels, belgium'), ('2011-04-09', 'liege, belgium'), ('2011-03-19', 'turnhout, belgium'), ('2009-09-24', 'lommel, belgium'), ('2009-03-14', 'belgium'), ('2009-02-21', 'turnhout, belgium'), ('2009-01-31', 'tielrode, belgium'), ('2008-03-08', 'lommel, belgium'), ('2008-02-23', 'st. job, belgium'), ('2008-01-26', 'tielrode, belgium'), ('2007-11-28', 'lint, belgium'), ('2007-10-27', 'antwerp, belgium')]","2012-02-11, sint-job-in-'t-goor, belgium, 2011-09-24, brussels, belgium, 2011-04-09, liege, belgium, 2011-03-19, turnhout, belgium, 2009-09-24, lommel, belgium, 2009-03-14, belgium, 2009-02-21, turnhout, belgium, 2009-01-31, tielrode, belgium, 2008-03-08, lommel, belgium, 2008-02-23, st. job, belgium, 2008-01-26, tielrode, belgium, 2007-11-28, lint, belgium, 2007-10-27, antwerp, belgium","2009-09-24, lommel, belgium, turnhout, belgium",-1.642,EXACT_LIKELIHOOD,127
"[(13,)]",13,13,-1.291,EXACT_LIKELIHOOD,2
"[(1,)]",1,10 years,-5.914,EXACT_LIKELIHOOD,2
"[('kenya',), ('ethiopia',), ('rwanda',), ('eritrea',), ('zimbabwe',)]","kenya, ethiopia, rwanda, eritrea, zimbabwe",kenya,-1.109,EXACT_LIKELIHOOD,19
"[('kenya',)]",kenya,kenya,-1.407,EXACT_LIKELIHOOD,4
"[('pencet sana pencet sini',)]",pencet sana pencet sini,arisan,-2.420,EXACT_LIKELIHOOD,11
"[(0, None)]","0, none",477,-6.968,EXACT_LIKELIHOOD,4
"[(None,)]",none,26,-8.491,EXACT_LIKELIHOOD,2
"[(None,)]",none,9,-8.104,EXACT_LIKELIHOOD,2
"[(80.0,)]",80,80,-0.241,EXACT_LIKELIHOOD,2
"[('jim clark', 'lotus-ford'), ('denny hulme', 'brabham-repco'), ('chris amon', 'ferrari'), ('jack brabham', 'brabham-repco')]","jim clark, lotus-ford, denny hulme, brabham-repco, chris amon, ferrari, jack brabham, brabham-repco","lotus-ford, brabham-repco",-1.641,EXACT_LIKELIHOOD,44
"[(13.0,)]",13,6,-5.602,EXACT_LIKELIHOOD,2
"[('5', '1968-10-13', 72083.0)]","5, 1968-10-13, 72083.0",5,-5.945,EXACT_LIKELIHOOD,13
"[('espoo',), ('finland',)]","espoo, finland","espoo, finland",-1.676,EXACT_LIKELIHOOD,6
"[('mikkeli',), ('finland',)]","mikkeli, finland","turku, finland",-2.422,EXACT_LIKELIHOOD,8
"[('henry schulte',), ('henry schulte',), ('henry schulte',), ('henry schulte',), ('henry schulte',), ('henry schulte',), ('henry schulte',), ('henry schulte',)]","henry schulte, henry schulte, henry schulte, henry schulte, henry schulte, henry schulte, henry schulte, henry schulte",ed weir,-3.791,EXACT_LIKELIHOOD,48
"[('key tower',)]",key tower,key tower,-1.227,EXACT_LIKELIHOOD,3
"[('helsinki, finland',)]","helsinki, finland","helsinki, finland",-1.365,EXACT_LIKELIHOOD,7
"[('ret',)]",ret,ret,-0.976,EXACT_LIKELIHOOD,2
"[('retirement',)]",retirement,retirement,-0.899,EXACT_LIKELIHOOD,2
"[('retirement',)]",retirement,retirement,-0.943,EXACT_LIKELIHOOD,2
"[('+1:26.837',)]",+1:26.837,+1:26.837,-0.896,EXACT_LIKELIHOOD,8
"[('retirement',)]",retirement,retirement,-0.943,EXACT_LIKELIHOOD,2
"[('tomomi manako',), ('johann stigefelt',), ('olivier jacque',)]","tomomi manako, johann stigefelt, olivier jacque",shinya nakano,-1.432,EXACT_LIKELIHOOD,20
"[('masaki tokudome', 2.0)]","masaki tokudome, 2.0",masaki tokudome,-3.465,EXACT_LIKELIHOOD,11
"[('83-1010',)]",83-1010,83-1010,-0.812,EXACT_LIKELIHOOD,5
"[(1,)]",1,2,-3.580,EXACT_LIKELIHOOD,2
"[(""it'sali'lknownfact"",)]",it'sali'lknownfact,gilded time,-3.770,EXACT_LIKELIHOOD,8
"[('tyencastle park, edinburgh', 'tyencastle park'), ('tyencastle park, edinburgh', 'edinburgh'), ('tyencastle park, edinburgh', 'tyencastle park'), ('tyencastle park, edinburgh', 'edinburgh')]","tyencastle park, edinburgh, tyencastle park, tyencastle park, edinburgh, edinburgh, tyencastle park, edinburgh, tyencastle park, tyencastle park, edinburgh, edinburgh","tyencastle park, edinburgh",-3.211,EXACT_LIKELIHOOD,48
"[('2011',), ('2007',), ('2005',)]","2011, 2007, 2005",2007,-2.838,EXACT_LIKELIHOOD,6
"[(37,)]",37,6,-6.308,EXACT_LIKELIHOOD,2
"[(3,)]",3,2,-3.649,EXACT_LIKELIHOOD,2
"[(18,)]",18,18,-3.012,EXACT_LIKELIHOOD,2
"[(8,)]",8,9,-5.505,EXACT_LIKELIHOOD,2
"[(0,)]",0,6,-7.314,EXACT_LIKELIHOOD,2
"[(1,)]",1,6,-4.763,EXACT_LIKELIHOOD,2
"[('beijing, china', 7.0), ('beijing, china', 7.0)]","beijing, china, 7.0, beijing, china, 7.0","beijing, china",-3.823,EXACT_LIKELIHOOD,20
"[('biyu', 'Unknown')]","biyu, unknown",onjo,-8.110,EXACT_LIKELIHOOD,5
"[('the rider',)]",the rider,"the rider, salesman",-2.586,EXACT_LIKELIHOOD,3
"[(6, 1.93, 329.0, 149.0)]","6, 1.93, 329.0, 149.0","6 ft 4 in (1.93 m), 329 lb (149 kg)",-6.057,EXACT_LIKELIHOOD,14
"[('coatzacoalcos, mexico', '10 km')]","coatzacoalcos, mexico, 10 km","coatzacoalcos, méxico, 10 km",-1.634,EXACT_LIKELIHOOD,13
"[('mayaguez',), ('puerto rico',)]","mayaguez, puerto rico","mayagüez, puerto rico",-1.066,EXACT_LIKELIHOOD,9
"[('bridgetown, barbados', '5 km', '2002')]","bridgetown, barbados, 5 km, 2002","bridgetown, barbados, 2002",-3.518,EXACT_LIKELIHOOD,13
"[(None,)]",none,4,-7.448,EXACT_LIKELIHOOD,2
"[(13,)]",13,4,-4.866,EXACT_LIKELIHOOD,2
"[(475506.0,)]",475506,,-8.097,EXACT_LIKELIHOOD,3
"[(2615060.0,), (883391.0,), (519949.0,), (366151.0,), (160274.0,), (123363.0,), (108359.0,), (103671.0,), (84548.0,), (84362.0,), (73214.0,), (63175.0,), (59460.0,), (53651.0,)]","2615060.0, 883391.0, 519949.0, 366151.0, 160274.0, 123363.0, 108359.0, 103671.0, 84548.0, 84362.0, 73214.0, 63175.0, 59460.0, 53651.0",4922324,-6.780,EXACT_LIKELIHOOD,79
"[(-18.350191838158352,)]",-18.350191838158352,"21,239",-9.583,EXACT_LIKELIHOOD,10
"[(21.0, 2.4, -88.57142857142858)]","21.0, 2.4, -88.57142857142858","30,319",-6.229,EXACT_LIKELIHOOD,19
"[(None,)]",none,2550,-8.039,EXACT_LIKELIHOOD,2
"[(4503.0,)]",4503,2550,-7.187,EXACT_LIKELIHOOD,3
"[(60.81818181818182,)]",60.81818181818182,92.4%,-9.218,EXACT_LIKELIHOOD,10
"[(52.125,)]",52.125,94.4%,-7.077,EXACT_LIKELIHOOD,4
"[('indiana', '1981 nba draft: 1st rnd, 18th overall by the new jersey nets')]","indiana, 1981 nba draft: 1st rnd, 18th overall by the new jersey nets","indiana, indiana",-3.996,EXACT_LIKELIHOOD,22
"[('4minute', 1), ('a-jax', 19), ('aikawa nanase', 2), ('b1a4', 4), ('biyuden', 4), ('chocolat', 2), ('coming century', 1), ('enomoto atsuko', 1), ('exo', 2), ('f(x)', 1), ('f.t.island', 10), ('field of view yuya asaoka', 1), ('heo young saeng (허영생)', 23), ('hey! say! 7', 2), ('hey! say! jump', 38), ('hideaki takizawa (tackey & tsubasa)', 2), ('high five', 1), ('high score dvd', 1), ('ian thomas', 1), (""johnny's jr"", 5), ('kat-tun', 27), ('kazuya kamenashi & koki tanaka', 2), ('kim hyun joong', 10), ('kim hyun joong (김현중)', 26), ('kis-my-ft2', 32), ('lee hyori', 1), ('miss love tantei', 1), ('miss love tantei music dvd (single-v)', 1), ('namie amuro', 13), (""news, kat-tun & johnny's jr"", 2), ('park jung ah', 1), ('park yong ha', 3), ('petit best6', 1), ('rain', 2), ('rainbow', 3), ('rising sun album', 1), ('sexy zone', 4), ('shinee', 27), ('ss501', 5), ('super junior', 1), ('takizawa hideaki', 5), ('the united', 5), ('tree', 2), ('tvxq', 1), ('us5', 1), ('v6 (coming century)', 1), ('van tomiko', 2), ('wheesung', 4), ('yabu kota (hey! say! jump)', 1), (""소녀시대, [girl's generation(少女時代)]"", 3), ('イ・シュンキ', 14), ('シェイ・ハーニー', 2)]","4minute, 1, a-jax, 19, aikawa nanase, 2, b1a4, 4, biyuden, 4, chocolat, 2, coming century, 1, enomoto atsuko, 1, exo, 2, f(x), 1, f.t.island, 10, field of view yuya asaoka, 1, heo young saeng (허영생), 23, hey! say! 7, 2, hey! say! jump, 38, hideaki takizawa (tackey & tsubasa), 2, high five, 1, high score dvd, 1, ian thomas, 1, johnny's jr, 5, kat-tun, 27, kazuya kamenashi & koki tanaka, 2, kim hyun joong, 10, kim hyun joong (김현중), 26, kis-my-ft2, 32, lee hyori, 1, miss love tantei, 1, miss love tantei music dvd (single-v), 1, namie amuro, 13, news, kat-tun & johnny's jr, 2, park jung ah, 1, park yong ha, 3, petit best6, 1, rain, 2, rainbow, 3, rising sun album, 1, sexy zone, 4, shinee, 27, ss501, 5, super junior, 1, takizawa hideaki, 5, the united, 5, tree, 2, tvxq, 1, us5, 1, v6 (coming century), 1, van tomiko, 2, wheesung, 4, yabu kota (hey! say! jump), 1, 소녀시대, [girl's generation(少女時代)], 3, イ・シュンキ, 14, シェイ・ハーニー, 2",6,-5.706,EXACT_LIKELIHOOD,127
"[('manila, philippines',), ('manila, philippines',)]","manila, philippines, manila, philippines","manila, philippines",-2.065,EXACT_LIKELIHOOD,14
"[('15th',)]",15th,15th,-2.296,EXACT_LIKELIHOOD,3
"[(None,)]",none,1,-6.774,EXACT_LIKELIHOOD,2
"[('republican',), ('republican',), ('republican',)]","republican, republican, republican",republican,-3.025,EXACT_LIKELIHOOD,6
"[(0,)]",0,9,-7.101,EXACT_LIKELIHOOD,2
"[(7,)]",7,3,-5.644,EXACT_LIKELIHOOD,2
"[(0,)]",0,5,-5.648,EXACT_LIKELIHOOD,2
"[(6,)]",6,6,-0.717,EXACT_LIKELIHOOD,2
"[('ele opeloge',)]",ele opeloge,ele opeloge,-2.136,EXACT_LIKELIHOOD,5
"[('edison international field, anaheim, united states',), ('commonwealth stadium, edmonton, canada',)]","edison international field, anaheim, united states, commonwealth stadium, edmonton, canada","edison international field, anaheim, united states, commonwealth stadium, edmonton, canada",-0.378,EXACT_LIKELIHOOD,21
"[('1996-08-30',), ('1996-08-30',), ('1996-08-30',), ('1996-08-30',), ('1996-08-30',), ('1997-10-12',), ('1997-10-12',), ('1997-10-12',), ('1997-10-12',), ('1997-10-12',)]","1996-08-30, 1996-08-30, 1996-08-30, 1996-08-30, 1996-08-30, 1997-10-12, 1997-10-12, 1997-10-12, 1997-10-12, 1997-10-12",30 august 1996,-4.826,EXACT_LIKELIHOOD,60
"[('23 delivered to afp on november 2011, pmc received 4 units',)]","23 delivered to afp on november 2011, pmc received 4 units",23,-3.036,EXACT_LIKELIHOOD,17
"[('bushey heath',)]",bushey heath,bushey heath,-1.416,EXACT_LIKELIHOOD,5
"[('estonia',)]",estonia,estonia,-0.166,EXACT_LIKELIHOOD,3
"[(None,)]",none,dnf,-7.366,EXACT_LIKELIHOOD,2
"[('dutchmen',)]",dutchmen,dutchmen,-2.632,EXACT_LIKELIHOOD,4
"[('""ima boss"" (remix)\n(featuring dj khaled, t.i., rick ross, lil wayne, birdman and swizz beatz)',)]","""ima boss"" (remix)
(featuring dj khaled, t.i., rick ross, lil wayne, birdman and swizz beatz)","""ima boss"" (remix)[27] (featuring dj khaled)",-3.563,EXACT_LIKELIHOOD,38
"[('5,200 w/kg @ 2,547a',)]","5,200 w/kg @ 2,547a","5,200 w/kg @ 2,547a",-1.790,EXACT_LIKELIHOOD,13
"[(1823109.0,)]",1823109,"1,823,109",-4.707,EXACT_LIKELIHOOD,4
"[(79686.1,)]",79686.1,"35,375.8",-4.234,EXACT_LIKELIHOOD,5
"[('2-0',)]",2-0,2-1,-3.619,EXACT_LIKELIHOOD,4
"[('19.3',)]",19.3,19.30,-3.012,EXACT_LIKELIHOOD,4
"[('kida-161',), ('kida-163',)]","kida-161, kida-163",3,-4.258,EXACT_LIKELIHOOD,10
"[(175000.0,)]",175000,"5,000",-7.218,EXACT_LIKELIHOOD,3
"[(1,)]",1,1,-0.442,EXACT_LIKELIHOOD,2
"[('akron, ohio', 1), ('baltimore, maryland', 1), ('brockton, massachusetts', 1), ('camden, new jersey', 1), ('charlotte, north carolina', 1), ('dallas, texas', 1), ('denver, colorado', 1), ('depew, new york', 1), ('edison, new jersey', 1), ('encino, california', 1), ('fort smith, arkansas', 1), ('fort worth, texas', 1), ('fresno, california', 2), ('garden city, new york', 1), ('grand haven, michigan', 1), ('hialeah, florida', 1), ('las vegas, nevada', 1), ('milwaukee, wisconsin', 1), ('mobile, alabama', 1), ('new orleans, louisiana', 1), ('portland, oregon', 1), ('reading, pennsylvania', 1), ('san jose, california', 1), ('seattle, washington', 1), ('st. paul, minnesota', 1), ('toledo, ohio', 1), ('tucson, arizona', 1), ('waukegan, illinois', 1)]","akron, ohio, 1, baltimore, maryland, 1, brockton, massachusetts, 1, camden, new jersey, 1, charlotte, north carolina, 1, dallas, texas, 1, denver, colorado, 1, depew, new york, 1, edison, new jersey, 1, encino, california, 1, fort smith, arkansas, 1, fort worth, texas, 1, fresno, california, 2, garden city, new york, 1, grand haven, michigan, 1, hialeah, florida, 1, las vegas, nevada, 1, milwaukee, wisconsin, 1, mobile, alabama, 1, new orleans, louisiana, 1, portland, oregon, 1, reading, pennsylvania, 1, san jose, california, 1, seattle, washington, 1, st. paul, minnesota, 1, toledo, ohio, 1, tucson, arizona, 1, waukegan, illinois, 1",8,-2.502,EXACT_LIKELIHOOD,127
"[('mar 1-5',), ('mar 1-5',)]","mar 1-5, mar 1-5",mar 1-5,-1.668,EXACT_LIKELIHOOD,10
"[(1,)]",1,1,-0.469,EXACT_LIKELIHOOD,2
"[('milwaukee, wisconsin',)]","milwaukee, wisconsin","milwaukee, wisconsin",-0.929,EXACT_LIKELIHOOD,6
"[(5,)]",5,4,-3.747,EXACT_LIKELIHOOD,2
"[(9,)]",9,6,-4.659,EXACT_LIKELIHOOD,2
"[(835.0,)]",835,"6,785",-2.277,EXACT_LIKELIHOOD,3
"[('september 12, 2011\njuly 3, 2013',), ('september 12, 2011\njuly 3, 2013',), ('september 12, 2011\njuly 3, 2013',), ('september 12, 2011\njuly 3, 2013',)]","september 12, 2011
july 3, 2013, september 12, 2011
july 3, 2013, september 12, 2011
july 3, 2013, september 12, 2011
july 3, 2013","september 12, 2011 to july 3, 2013",-3.257,EXACT_LIKELIHOOD,52
"[(7436.0,)]",7436,2367,-6.754,EXACT_LIKELIHOOD,3
"[('""tyler""',), ('""backslider""',)]","""tyler"", ""backslider""","tyler, backslider",-3.174,EXACT_LIKELIHOOD,10
"[('green',)]",green,green,-0.263,EXACT_LIKELIHOOD,2
