	Continent								Region																								Country																																																																																																																																																																																																																														FAO																		TEXTE de distribution spatiale
SciName	Africa	Antarctica	Asia	Europe	North America	Oceania	South America	Subantarctica	Antarctica	Australia/New Zealand	Caribbean	Central Africa	Central America	Eastern Africa	Eastern Asia	Eastern Europe	Melanesia	Micronesia	Northern Africa	Northern America	Northern Europe	Polynesia	South America	Southeastern Asia	Southern Africa	Southern Asia	Southern Atlantic	Southern Europe	Southern Indian Ocean	Western Africa	Western Asia	Western Europe	Admiralty Is.	Alaska	Albania	Algeria	American Samoa	Andaman Is.	Angola	Anguilla	Antarctica	Antigua Barbuda	Argentina	Aruba	Ascension I.	Australia	Azores Is.	Bahamas	Bahrain	Bangladesh	Barbados	Belgium	Belize	Benin	Bermuda	Bosnia Herzegov.	Brazil	Brunei Darsm	Bulgaria	Cambodia	Cameroon	Canada	Canary Is.	Cape Verde	Cargados Carajos	Caroline I.	Cayman Is.	Chagos Is.	Channel Is.	Chile	China	Christmas I.	Clipperton I.	Cocos I. (C.R.)	Cocos Is. (Keel)	Colombia	Comoros	Congo	Congo Dem Rp	Cook Is.	Costa Rica	Cote d'Ivoire	Croatia	Crozet Is.	Cuba	Curaçao I.	Cyprus	Denmark	Desventuradas Is	Djibouti	Dominica	Dominican Rp	Easter I.	Ecuador	Egypt	El Salvador	Eq Guinea	Eritrea	Estonia	Faeroe Is.	Falkland Is.	Fiji	Finland	France	French Guiana	French Polynesia	Gabon	Galapagos Is.	Gambia	Georgia	Germany	Ghana	Gibraltar	Greece	Greenland	Grenada	Guadeloupe	Guam	Guatemala	Guinea	Guinea-Bissau	Guyana	Haiti	Hawaii	Heard McDon Is.	Honduras	Hong Kong	Iceland	India	Indonesia	Iran	Iraq	Ireland	Isle of Man	Israel	Italy	Jamaica	Japan	Jordan	Juan Fernández	Kenya	Kerguelen Is.	Kermadec Is.	Kiribati	Korea (North)	Korea (South)	Kuril Is.	Kuwait	Latvia	Lebanon	Liberia	Libya	Lithuania	Lord Howe I.	Madagascar	Madeira Is.	Malaysia	Maldives	Malta	Marshall Is.	Martinique	Mauritania	Mauritius	Mexico	Micronesia	Midway Is.	Monaco	Montenegro	Montserrat	Morocco	Mozambique	Myanmar	Namibia	Neth Antilles	Netherlands	New Caledonia	New Zealand	Nicaragua	Nigeria	Niue	Norfolk I.	North Marianas	Norway	Ogasawara Is.	Oman	Pakistan	Palau	Panama	Papua New Guinea	Peru	Philippines	Pitcairn	Poland	Portugal	Prince Edward Is	Puerto Rico	Qatar	Réunion	Revillagigedo	Romania	Russia	Ryukyu Is.	S. Georg. Sandw.	Samoa	Sao Tome Princ.	Saudi Arabia	Senegal	Serbia	Seychelles	Sierra Leone	Singapore	Slovenia	Socotra Arch.	Solomon Is.	Somalia	South Africa	Spain	Sri Lanka	St Helena	St Kitts Nevis	St Lucia	St Vincent Gren.	Sudan	Suriname	Svalbard	Sweden	Syria	Taiwan	Tanzania	Thailand	Timor-Leste	Togo	Tonga	Trind. M.Vaz Is.	Trinidad Tobago	Tuamotu Is.	Tunisia	Turkey	Turks Caicos Is.	UK	UK Engld Wal	UK No Ireld	UK Scotland	Ukraine	United Arab Em.	Uruguay	USA	Vanuatu	Venezuela	Viet Nam	Virgin Is. (UK)	Virgin Is. (US)	West Sahara	Yemen	Arctic Ocean	Atlantic, Antarctic	Atlantic, Eastern Central	Atlantic, Northeast	Atlantic, Northwest	Atlantic, Southeast	Atlantic, Southwest	Atlantic, Western Central	Indian Ocean, Antarctic	Indian Ocean, Eastern	Indian Ocean, Western	Mediterranean and Black Sea	Pacific, Eastern Central	Pacific, Northeast	Pacific, Northwest	Pacific, Southeast	Pacific, Southwest	Pacific, Western Central	
Acanthopsetta nadeshnyi			X	X											X	X																																																																																																																										X							X	X																																																							X																																																																				X				Northwest Pacific:  Sea of Okhotsk to Japan and Korea (Ref. 559).  Also occurs in the Bering Sea, 54°-66°N (Ref. 265).
Achiroides leucorhynchos			X																					X																																																																																																										X																																																																																																																																														X	Asia:  Thailand to Indonesia.
Achiroides melanorhynchus			X																					X																																																																																																										X																											X																																																						X																																																													X	Asia:  Cambodia and Thailand to Indonesia.
Achiropsetta tricholepis						X	X	X		X													X				X		X														X																																									X																	X																																									X																																			X																																																																					X															X		X								X		Southwest Atlantic:  off Patagonia, the Falklands and the Burdwood Bank.  Also reported from the Ob Bank, Kerguelen Islands, Crozet Islands, and the Campbell Plateau.
Achirus achirus					X		X				X												X																																		X																																																X																	X																																																																																																						X											X														X												X	X											Western Central Atlantic:  from the Gulf of Paria to the mouth of the Amazon river.
Achirus declivis					X		X				X		X										X																														X				X																								X																																				X																				X																																																											X																												X											X																										X	X											Western Atlantic:  Belize to Santa Catarina, Brazil; also Trinidad, Jamaica, St. Barthélemy, and Suriname.
Achirus klunzingeri					X		X						X										X																																																					X					X													X		X																																																																				X																								X		X																																																																													X			X			Eastern Central Pacific:  From central Mexico to northern Peru.
Achirus lineatus					X		X				X		X							X			X																				X	X									X				X																			X									X	X																			X																	X															X																											X														X																		X																												X											X											X	X		X												X	X								X			Western Atlantic:  Florida, USA and northern Gulf of Mexico to northern Argentina.
Achirus mazatlanus					X		X						X										X																																																					X					X													X		X																							X							X																																						X														X										X		X																																																																													X			X			Eastern Pacific:  Baja California, Mexico to Puerto Pizarro, Peru.
Achirus mucuri							X																X																																		X																																																																																																																																																																																																												X												South America: Brazil. Achirus mucuri is known only from the Mucuri River estuary, a small system situated between the Jequitinhonha and Doce rivers, south of Bahia state coast drainage, northeastern Brazil (Ref. 80995).
Achirus scutum					X		X						X										X																																																					X					X													X		X																							X							X																																						X														X										X																																																																															X			X			Eastern Central Pacific:  Gulf of California to Ecuador.
Aesopia cornuta	X		X			X				X				X	X		X							X	X	X												X								X																									X																																																								X		X	X								X								X																	X								X					X															X																									X												X		X																																		X	X				X			X	Indo-West Pacific:  Red Sea, Mozambique, South Africa, India and Japan.  Reported from Indonesia and northwestern Australia (Ref. 5978).
Ammotretis brevipinnis						X				X																																				X																																																																																																																																																																																																																										X									Eastern Indian Ocean:  southwestern Australia.
Ammotretis elongatus						X				X																																				X																																																																																																																																																																																																																										X									Eastern Indian Ocean:  southern Australia, from southern Western Australia to South Australia and Tasmania.
Ammotretis lituratus						X				X																																				X																																																																																																																																																																																																																										X									Eastern Indian Ocean:  Australia (South Australia, Victoria and Tasmania).
Ammotretis macrolepis						X				X																																				X																																																																																																																																																																																																																										X									Eastern Indian Ocean:  east coast of Flinders Island, Bass Strait, to the eastern reaches of the Great Australian Bight (Australia).
Ammotretis rostratus						X				X																																				X																																																																																																																																																																																																																										X							X		Eastern Indian Ocean:  southern Australia, from southwestern Australia to New South Wales.
Ancylopsetta antillarum					X						X																																					X																																																																																																																																																																																																																						X											Western Central Atlantic:  Bahamas.
Ancylopsetta cycloidea					X		X				X												X																					X																																X										X																			X																	X																																																																																																						X											X														X												X	X											Western Central Atlantic:  northern coast of South America.
Ancylopsetta dendritica					X		X						X										X																																																					X					X													X		X																							X							X																																						X														X										X		X																																																																													X			X			Eastern Pacific:  Gulf of California to Peru (04°56.5'S, 81°22.8'W).
Ancylopsetta dilecta					X		X				X		X							X			X																																																																																																																																													X																																																												X											X												X												X			X											Western Atlantic:  North Carolina to Florida and northern Gulf of Mexico in USA to Yucatan in Mexico; reported to extend to Suriname (Ref. 13608).
Ancylopsetta kumperae					X		X				X												X																					X																																X										X																			X																	X																																																																																																						X											X														X												X	X											Western Central Atlantic:  northern coast of South America.
Ancylopsetta microctenus					X								X																																																																																																																	X																																																																																																																																								X											Western Central Atlantic:  Caribbean Sea.
Ancylopsetta quadrocellata					X						X		X							X																																																																	X																																																																															X																																																																																			X												X			X											Western Atlantic:  North Carolina to Florida in USA and the entire Gulf of Mexico.
Apionichthys dumerili							X																X																																																																																																																																																																																																																																		X													X											Western Atlantic:  estuarine areas of the Orinoco (Venezuela), Corantijn (Suriname), Oyapock, Amazon and Grajaú (Brazil) rivers, and from marine areas under influence of these rivers.  Enters low land freshwaters - there are records from Jari River (Brazil) and Corantijn River (Suriname).
Arnoglossus andrewsi						X				X																																				X																																																																																																																																																																																																																										X									Eastern Indian Ocean:  Tasmania, Australia.
Arnoglossus arabicus			X																												X																																																																																																																																																										X																					X																																																X											X								Western Indian Ocean:  Gulf of Aden to southern Oman.
Arnoglossus armstrongi						X				X																																				X																																																																																																																																																																																																																										X									Eastern Indian Ocean:  Tasmania, Australia.
Arnoglossus aspilos			X			X				X					X									X		X					X															X			X											X																																																																					X	X																		X																																											X						X									X																						X		X															X																			X	X				X			X	Indo-West Pacific:  Persian Gulf to the coast of India; north to Taiwan through the South China Sea, south to Queensland.  Specimens from northern and Western Australia often treated as distinct subspecies (Ref. 9824).
Arnoglossus bassensis						X				X																																				X																																																																																																																																																																																																																										X							X		Indo-West Pacific:  known only from southern Australia.
Arnoglossus boops						X				X																																																																																																																																																																							X																																																																																														X		Southwest Pacific:  New Zealand.
Arnoglossus brunneus			X																					X																																																																																																																																																																							X																																																																																	X	Western Central Pacific:  known only from the east coast of Luzon, Philippines.
Arnoglossus capensis	X											X													X		X			X									X						X									X							X																	X	X			X															X										X		X			X								X	X																														X											X											X						X																												X			X						X			X													X																									X			X					X								Eastern Atlantic:  Mauritania round the Cape to Natal, South Africa.
Arnoglossus coeruleosticta							X																X																																															X																			X																																																			X																																																																																																																																		X			Southeast Pacific:  Desventuradas Is. and Juan Fernández Is.
Arnoglossus dalgleishi	X		X			X								X			X							X	X																																																																																																									X											X																														X					X																																								X													X																																			X	X							X	Indo-Pacific:  Natal (South Africa), Zanzibar (Tanzania), Mombasa (Kenya) and northeastern Indian Ocean, as well as Mozambique.  Known also from the south coast of Java (Ref. 9824).
Arnoglossus debilis			X			X												X				X		X																																										X																																																										X						X														X																																																																																																																											X					X	Pacific Ocean:  Hawaiian Islands, Line Islands and off the south coast of Lombok, Indonesia (Ref. 9824).  New record from the northeastern Indian Ocean region.
Arnoglossus elongatus			X			X				X														X																						X																																																																																				X																																																													X																																																																									X								X	Western Pacific:  Indonesia, Philippines, northwest Australia, and possibly Taiwan.
Arnoglossus fisoni						X				X																																				X																																																																																																																																																																																																																																	X	X	Western Pacific:  Australia, from southern Queensland to Sydney.  Unconfirmed report from the Bismarck Archipelago.
Arnoglossus grohmanni			X	X																								X			X																																																																																																									X																																																																																																						X																												X							Mediterranean Sea.
Arnoglossus imperialis	X		X	X								X							X		X				X			X		X	X	X				X			X								X							X							X																	X	X			X															X							X			X		X			X	X							X	X												X			X															X					X			X			X					X			X			X						X															X													X			X							X															X					X	X		X	X		X										X				X	X		X						X							Eastern Atlantic:  Scotland to Namibia (Ref. 27121), including the western Mediterranean.
Arnoglossus japonicus			X			X				X					X		X							X																						X																									X																																																								X											X								X																														X																																																				X																						X														X					X			X	Indo-West Pacific:  southern Japan to the South China Sea.  Also recorded from northwestern Australia (Ref. 5978) and New Caledonia (Ref. 9824).
Arnoglossus kessleri	X		X	X												X			X									X			X	X			X																					X			X																								X				X								X									X						X				X																					X	X														X		X							X								X																																	X	X							X				X					X										X										X	X						X																						X							Mediterranean and Black Sea.
Arnoglossus laterna	X		X	X								X							X		X							X		X	X	X			X	X			X													X		X		X					X								X									X	X			X	X				X	X							X		X							X			X		X		X	X	X	X						X	X												X	X	X	X														X	X	X				X			X			X					X			X					X				X				X											X													X	X		X		X					X									X	X					X					X	X		X	X	X	X										X				X	X		X						X							Eastern Atlantic:  Norway to Angola.  Also known from the Mediterranean and Black Sea.
Arnoglossus macrolophus			X			X				X					X		X							X		X					X															X																									X																																																											X								X																			X																			X									X				X		X															X												X										X		X																																		X	X				X			X	Indo-West Pacific:  Persian Gulf and Red Sea, through the northern Indian Ocean to the South China Sea, north to southern Japan and south to the Indo-Australian Archipelago and New Caledonia.  Report from Madagascar needs confirmation.
Arnoglossus micrommatus						X				X																																				X																																																																																																																																																																																																																										X									Eastern Indian Ocean:  Western Australia.
Arnoglossus muelleri						X				X																																				X																																																																																																																																																																																																																										X									Eastern Indian Ocean:  southern Australia, from southern Western Australia to Victoria and Tasmania.
Arnoglossus multirastris							X																X																																															X																																																																																																																																																																																																								X			Southeast Pacific:  Chile.
Arnoglossus nigrifrons						X											X																																																																																																																																																															X																																																																																																X	Western Central Pacific:  Chesterfield Plateau.
Arnoglossus oxyrhynchus			X			X									X		X																																																																																																																									X																																						X																																																																																													X			X	Western Pacific:  Japan.  Recently reported from the Chesterfield Islands (Ref. 11897).  Possibly a synonym of <i>Arnoglossus brunneus</i>.
Arnoglossus polyspilus			X			X				X					X		X							X																						X																									X																																																											X								X																																						X															X																																					X																																				X					X			X	Eastern Indian Ocean and Western Pacific:  Bay of Bengal to southern Japan, Taiwan, New Caledonia, and several areas of the Indo-Australian Archipelago (Ref. 9824).
Arnoglossus rueppelii	X		X	X															X									X		X	X	X			X	X																				X							X																				X																					X									X	X																					X	X																															X			X																																						X				X					X																				X	X															X				X	X								X							Eastern Atlantic:  west Gibraltar to Cape Bojador (West Sahara) and Canary Islands including western Mediterranean and Morocco.
Arnoglossus scapha			X			X				X					X																																																								X																																																																																																										X																																																																																												X		X		Western Pacific:  China (Ref. 33837) and New Zealand (Ref. 27073).
Arnoglossus septemventralis						X											X																																																																																																																																																															X																																																																																																X	Western Central Pacific:  off southern New Caledonia.
Arnoglossus tapeinosoma			X												X									X		X					X							X											X																						X																																																								X		X	X									X									X																																					X												X									X																						X		X															X																			X	X				X				Indo-West Pacific:  Persian Gulf and Gulf of Oman to Sumatra (Indonesia) and China.
Arnoglossus tenuis			X			X				X					X		X							X																						X																									X																																																								X											X																																						X																																																				X																						X																			X			X	Western Pacific:  southern Japan to the South China Sea,  Queensland, and New Caledonia
Arnoglossus thori	X		X	X															X		X							X		X	X	X			X	X																				X								X																			X				X																	X					X				X	X						X	X												X		X	X														X		X										X					X			X																								X													X	X		X		X					X										X										X	X		X													X				X	X								X							Eastern Atlantic:  Ireland (Ref. 4704) to Sierra Leone and Cape Verde.  Also known from the western Mediterranean and Black Sea.
Arnoglossus waitei						X				X																																				X																																																																																																																																																																																																																										X								X	Indo-West Pacific:  Arafura Sea and southern Queensland, Australia.
Aseraggodes albidus			X																					X																																																																																																										X																																																																																																																																														X	Western Pacific:  Sulawesi, Indonesia.
Aseraggodes andersoni			X																							X																																																																																																																																				X																																																																																																											X								Western Indian Ocean: Maldives only but expected to occur in other tropical countries in the area.
Aseraggodes auroculus						X																X																																																																																				X																																																																																																																																																																	X						Eastern Central Pacific:  Society Islands.
Aseraggodes bahamondei						X	X			X												X	X																							X																																											X				X																																																		X											X																							X				X																																																																																									X	X		South Pacific:  In the southern subtropical zone, from Australia to Desventuradas Is., incl. Lord Howe I., Norfolk I., Easter I. (Ref. 10634, Ref. 89357).
Aseraggodes beauforti			X																					X																																																																																																										X																																																																																																																																														X	Western Pacific:  Timor Sea, Indonesia.
Aseraggodes borehami						X																X																																																																																																						X																																																																																																																																															X						Eastern Central Pacific:  Hawaiian Islands.
Aseraggodes brevirostris	X													X																																																															X																																																																																																																																																																																												X								Western Indian Ocean:  Comoro Islands.
Aseraggodes chapleaui			X			X				X														X																																																																																																										X																																																											X																																																																																			X	Western Pacific:  Papua New Guinea.
Aseraggodes cheni			X												X																																																																																																																											X																																																																																										X																																									X				Northwest Pacific: Taiwan and Japan
Aseraggodes corymbus						X				X																																				X																																																																																																																																																																																																																																		X	Western Pacific:  Australia.
Aseraggodes crypticus			X																					X																																																X																																																																																																																																																																																																X									Eastern Indian Ocean:  Christmas Island.
Aseraggodes cyaneus			X																					X																																																																																																										X																																																													X																																																																																	X	Western Pacific:  Indonesia.  Also occurs in Western Indian Ocean (Ref. 3505).
Aseraggodes cyclurus						X											X					X																																																																																X				X																																																																																																																																																																	X					X	Eastern Central Pacific:  Tahiti. Western Central Pacific:  Fiji to French Polynesia.
Aseraggodes diringeri	X		X											X											X	X																																										X									X																																																																X																						X																																			X											X							X																																																	X								Western Indian Ocean:  Kenya to Chagos Archipelago, south to KwaZulu-Natal.
Aseraggodes dubius			X			X				X														X																						X																																																																																				X																																																													X																																							X																																		X								X	Western Central Pacific:  Java Sea and Bali, Indonesia.  Also from the Philippines (Ref. 280).
Aseraggodes filiger			X			X				X														X																																																																																																										X																																																											X		X																																							X																																										X	Western Pacific:  Java Sea, off Pekalongan (Indonesia) (Ref. 4900) and the Philippines (Ref. 9494).
Aseraggodes firmisquamis						X												X																																																																																																																																																																									X																																																																																					X	Western Pacific:  Palau.
Aseraggodes guttulatus	X													X																																																																																																																																																					X																																			X																																																																			X								Indo-West Pacific:  Maldives and Reunion to the South China Sea.
Aseraggodes haackeanus						X				X																																				X																																																																																																																																																																																																																										X									Eastern Indian Ocean:  southern Australia.
Aseraggodes heemstrai	X																								X																																																																																																																																																																																															X																																																	X								Western Indian Ocean:  South Africa.
Aseraggodes heraldi						X												X																																																																																																																																														X																																																																																																																X	Western Pacific:  Marshall Islands.
Aseraggodes herrei							X																X																																																			X																																		X																																																																																																																																																															X			X			Eastern Pacific:  Cocos and Galapagos Islands.
Aseraggodes holcomi						X																X																																																																																																						X																																																																																																																																															X						Eastern Central Pacific:  currently known only from the island of O'ahu.
Aseraggodes jenny	X													X																																																																																																																																																					X																																																																																																						X								Western Indian Ocean:  Mauritius.
Aseraggodes kaianus			X												X									X																																															X																																																											X								X																																																					X																																					X																																									X			X	Western Pacific:  southern Japan (Ref. 559), China (Ref. 33837), Taiwan (Ref. 12711), the Philippines (Ref. 11148), and the Kei Islands (Kai Islands, southeast Moluccas, Indonesia).
Aseraggodes kimurai			X																					X																																																																																																																																																																							X																																																																																	X	Western Pacific:  Philippines.
Aseraggodes kobensis			X												X									X																																															X																																																								X											X							X	X																																																																																		X																																									X				Western Pacific:  Chiba and Niigata Prefectures in Japan to the South China Sea.
Aseraggodes kruppi	X		X											X																	X																																																																			X																																																																																																												X																																																											X								Western Indian Ocean:  Red Sea, Saudi Arabia and Eritrea.
Aseraggodes lateralis						X																X																																																																																				X																																																																																																																																																																	X						Eastern Central Pacific:  Marquesas Islands.
Aseraggodes lenisquamis						X				X																																				X																																																																																																																																																																																																																																	X		Southwestern Pacific:  New South Wales, Australia.
Aseraggodes longipinnis			X																					X																																																																																																										X																																																																																																																																														X	Western Pacific:  Indonesia.
Aseraggodes macronasus	X																		X																																																																												X																																																																																																																																																																										X								Western Indian Ocean:  Red Sea.
Aseraggodes magnoculus						X											X																																																																																																																																																															X																																																																																																X	Western Central Pacific:  New Caledonia.
Aseraggodes martine	X		X											X												X																																																																																																							X																																																																																X																																																								X								Western Indian Ocean:  India and Seychelles.
Aseraggodes matsuurai			X																					X																																																																																																										X																																																													X																																																																																	X	Western Pacific:  Indonesia nd the Philippines.
Aseraggodes melanostictus			X			X				X							X	X				X		X																						X																										X																																		X												X												X																														X																X						X							X																																																																											X			X					X	Pacific Ocean:  Christmas Island in the eastern Indian Ocean to the Society Islands.
Aseraggodes microlepidotus			X																					X																																																																																																										X																																																																																																																																														X	Western Central Pacific.
Aseraggodes nigrocirratus						X				X																																				X																																																																																																																																																																																																																																	X		Southwest Pacific:  New South Wales, Australia.
Aseraggodes normani						X				X																																				X																																																																																																																																																																																																																																		X	Western Central Pacific:  Australia.
Aseraggodes orientalis			X												X																																																																																																																											X																																																																																										X																																									X				Northwest Pacific: Taiwan and Japan
Aseraggodes pelvicus						X				X																																				X																																																																																																																																																																																																																																		X	North Central Pacific:  Queensland, Australia.
Aseraggodes ramsaii						X				X							X																													X																																																																																																												X																						X																																																																																															X	X	Southwest Pacific:  Lord Howe Island and New Caledonia.
Aseraggodes satapoomini			X																					X																																																																																																																																																																																																														X																																		X									Eastern Indian Ocean:  Thailand, Andaman Sea.
Aseraggodes senoui			X																					X																																																																																																																																					X																																																																																																																			X	Western Pacific:  Malaysia.
Aseraggodes sinusarabici	X													X																																																																												X																																																																																																																																																																															X								Western Indian Ocean:  Red Sea.
Aseraggodes steinitzi	X													X																																																																																				X																																																																																																																																																																							X								Western Indian Ocean:  Dahlak Archipelago, Red Sea.
Aseraggodes suzumotoi			X																					X																																																																																																										X																																																																																																					X																																									X	Western Pacific:  Indonesia.
Aseraggodes texturatus			X																					X																																																																																																										X																																																																																																																																														X	Western Central Pacific:  known from the type locality, Timor Sea, 10°27.9'S, 123°28.7'E (Ref. 46206).
Aseraggodes therese						X																X																																																																																																						X																																																																																																																																															X						Eastern Central Pacific:  Hawaiian Islands.
Aseraggodes whitakeri			X			X									X		X	X				X															X																																																																	X				X																																X						X																X					X											X																																																																																											X		X			X	Pacific Ocean:  Marshall Islands and Society Islands.
Aseraggodes winterbottomi			X																					X																																																																																																																																																																							X																																																																																	X	Western Pacific:  Philippines.
Aseraggodes xenicus	X		X			X								X	X							X			X	X																																										X																																						X																																X																																	X																																													X												X																																					X		X		X				Indo-West Pacific:  Sodwana Bay (South Africa), Porto Amelia (Mozambique) and Japan.
Aseraggodes zizette			X																					X																																																																																																										X																																																																																																																																														X	Western Pacific:  Indonesia.
Asterorhombus cocosensis	X		X			X				X				X	X		X	X						X		X																				X																																																								X																											X	X																																									X	X				X											X				X											X																																																														X	X				X			X	Indo-West Pacific:  Mozambique to Fiji; north to Japan, south to Queensland, Australia (not occurring nonmarginally on the Pacific Plate).
Asterorhombus filifer	X		X			X				X				X			X	X				X		X	X																					X																															X																													X																		X																																				X			X		X											X															X																		X							X															X																																		X		X					X	Indo-Pacific:  South Africa to Hawaii.
Asterorhombus intermedius	X		X			X				X				X	X		X	X				X		X		X																				X																						X			X																															X																									X			X								X			X														X		X	X		X																X													X		X																		X					X				X										X	X	X			X																															X	X		X		X			X	Indo-Pacific:  Red Sea to Tonga, north to southern Japan, south to the Indo-Australian Archipelago.
Atheresthes evermanni			X	X	X										X	X				X														X																																																																																																								X																																																															X																																																																			X	X				North Pacific:  Sea of Japan and the Sea of Okhotsk north to the Anadyr Gulf, through the eastern Bering Sea to the Aleutian Islands and the Shelikof Strait in Alaska.
Atheresthes stomias				X	X											X				X														X																												X																																																																																																																																											X																																														X																				X	X	X				North Pacific:  Bering Sea coasts of Russia and Alaska to San Simeon, California, USA.  The San Pedro, California, USA record for this species in Miller and Lea 1972 (Ref. 6792) is based on a misidentification of <i>Eopsetta exilis</i>.
Austroglossus microlepis	X																								X																																																																																																																																																				X																																											X																																												X													Southeast Atlantic:  northern Namibia to False Bay, South Africa.
Austroglossus pectoralis	X													X											X																																																																																																																																																		X																																													X																																												X					X								Southeast Atlantic:  known only from the Cape to Natal in South Africa.
Azygopus pinnifasciatus						X				X																																				X																																																																																																																																			X																																																																																							X							X		Indo-West Pacific:  Western Australia to New South Wales and Tasmania (Ref. 9563) ; also New Zealand (Ref. 5755).
Barbourichthys zanzibaricus	X													X																																																																																																																																																																																																																							X																																				X								Western Indian Ocean: Zanzibar, Tanzania.
Barnardichthys fulvomarginata	X																								X																																																																																																																																																																																															X																																												X					X								Southeast Atlantic and Western Indian Ocean:  False Bay to Transkei (South Africa).
Bathysolea lactea	X																													X																																		X																																																																																																																																																																																																	X																Eastern Central Atlantic:  known only from the description of the holotype caught near Cape Verde.
Bathysolea lagarderae	X													X																																																																																																																																													X																																																																																																														X								Western Indian Ocean:  west coast of Madagascar.
Bathysolea polli	X											X																		X									X																																							X																																																																																				X																																													X																																																		X			X													Eastern Atlantic:  Senegal to Angola.  Reported from Mauritania (Ref. 5377).
Bathysolea profundicola	X			X								X							X		X							X		X		X				X			X																								X															X																			X							X																	X												X			X																										X								X																								X													X										X																							X													X				X	X		X						X							Eastern Atlantic:  southern Ireland to Angola; penetrated the Strait of Gibraltar without establishing widespread or abundant populations in the Mediterranean Sea.  Reported from the Canary Islands (Ref. 5304), Sicily and Corsica (Ref. 4710).
Bothus assimilis			X												X																																																								X																																																																																																																																																													X																																									X				Northwest Pacific.
Bothus constellatus					X	X	X			X			X									X	X																																																					X					X													X		X										X		X											X							X																																						X													X	X										X		X																																																																													X			X	X		Western Pacific:  New Zealand (Ref. 5755) and the Mangaréva and Gambier Islands (Ref. 9281).  Eastern Pacific:  Bahía Magdalena (Baja California Sur, Mexico) and the Gulf of California to Peru, including the Galapagos Islands (Ref. 9281).
Bothus ellipticus					X						X																																																																										X																																																																																																																																																																																	X											Western Central Atlantic:  Cuba.
Bothus guibei	X											X																																																																																					X																																																																																																												X																																																				X																Eastern Atlantic:  Annobon Island (Equatorial Guinea) and Biafra Bay.  Reported from Sao Tome Island (Ref. 34088).
Bothus leopardinus					X		X						X										X																																																			X							X													X		X																							X							X																																						X														X										X																																																																															X			X			Eastern Central Pacific:  Gulf of California to Panama, including Cocos Island.
Bothus lunatus	X				X		X				X	X	X							X			X				X													X		X		X	X			X			X		X		X		X										X									X					X				X	X					X	X													X											X	X		X			X	X			X											X																								X			X					X									X										X								X									X															X	X	X		X										X	X				X								X		X		X	X					X			X	X	X											Western Atlantic:  Florida (USA), Bermuda, and the Bahamas to Brazil.  Absent in Gulf of Mexico (Ref. 26938).  Eastern Atlantic:  Ascension Island and the Gulf of Guinea (Ref. 5979).
Bothus maculiferus					X		X				X												X																					X				X																												X									X	X																			X																	X																																																																										X																												X											X														X			X									X	X											Western Central Atlantic:  Bahamas (Ref. 5521) to the Antilles (Ref. 26340) and northern South America.
Bothus mancus	X		X		X	X	X			X			X	X	X		X	X				X	X	X	X	X											X	X								X																						X		X	X	X	X	X	X					X													X									X				X		X										X						X			X		X	X								X																X				X		X			X	X	X	X					X					X					X	X		X			X		X		X	X						X	X			X		X					X							X												X					X																															X	X		X		X	X	X	X	Indo-Pacific:  in tropical waters, from South Africa to Hawaii and Easter Island, north to southern Japan and south to Lord Howe Island.  Eastern Pacific:  Revillagigedo, Clipperton and Cocos islands (Ref. 9281).
Bothus mellissi	X																										X																		X																																																																																																																																																																														X																																									X													Southeast Atlantic:  known only from St. Helena and Ascension Islands.
Bothus myriaster	X		X			X				X				X	X							X		X		X												X								X																									X																																																					X			X		X	X								X			X					X								X																	X																		X		X																		X						X			X										X	X																					X														X	X		X		X		X	X	Indo-West Pacific:  definitely recorded from Inhambane, Mozambique; throughout the Indian Ocean to Java, Sumatra, Viet Nam, Philippines, Taiwan, South Korea, Japan, and Lord Howe Island (Ref. 9824).
Bothus ocellatus			X		X		X				X		X							X			X	X																X		X		X				X			X		X		X		X					X					X									X									X	X					X	X													X											X	X					X	X							X							X																								X			X					X									X																		X																								X	X	X		X											X				X								X		X		X	X							X		X	X										X	Western Atlantic:  Canada (Ref. 5951) to New York (USA), Bermuda, and northern Gulf of Mexico to southern Brazil.
Bothus pantherinus	X		X			X				X				X	X		X	X	X			X		X	X	X					X						X	X								X			X																			X			X	X			X					X										X					X							X				X												X						X			X		X	X		X			X			X	X		X							X						X				X		X			X		X						X					X					X	X		X	X		X		X		X						X	X						X		X			X						X	X		X										X	X				X												X			X						X						X				X	X		X		X		X	X	Indo-Pacific:  throughout the Indian Ocean, including the Red Sea and the Persian Gulf to Hawaiian, Marquesas, and Society islands, north to southern Japan, south to Lord Howe Island.  Record from the eastern Mediterranean incorrect (Ref. 9824).
Bothus podas	X		X	X								X							X								X	X		X	X	X			X	X			X						X		X							X		X					X		X	X														X				X	X				X								X		X							X			X		X			X	X	X						X	X														X	X														X	X	X				X			X			X					X			X									X															X											X		X	X		X		X					X										X					X					X	X																			X	X		X						X							Eastern Atlantic:  Mediterranean and the Adriatic Sea (Ref. 12382); Mauritania to Angola, including Madeira, Cape Verde and the Canary Islands (Ref. 5979).
Bothus robinsi					X		X				X									X			X																									X							X		X																			X									X																				X																	X																																																																																																						X																							X		X		X	X							X		X	X											Western Atlantic:  New York, USA and northeastern Gulf of Mexico to Brazil.  There are no records from any Antillean location (Ref. 51183).
Bothus swio	X													X																																																																																																																																																													X																																																																																														X								Western Indian Ocean:  off northern Mozambique.
Bothus ypsigrammus	X													X																																																																																																																																																																																																									X																																																		X								Western Indian Ocean: Somalia.
Brachirus aenea			X																					X																																																																																																																																																																																																														X																																										X	Western Pacific:  South China Sea.
Brachirus annularis			X			X				X					X																															X																																																																																												X																																																																																										X																																				X					X			X	Indo-West Pacific:  northwestern Australia and Japan.
Brachirus aspilos			X			X				X														X																																																																																																										X																																																											X		X																				X																			X																																										X	Western Pacific:  East Indies, Philippines, Thailand, Indonesia, Singapore (Ref. 4900) and Papua New Guinea (Ref. 6771).
Brachirus dicholepis						X				X																																																																																																																																																																																			X																																																																																			X	Western Central Pacific.
Brachirus elongatus			X																					X																																																																																																																																																																																																																																		X																						X	Western Pacific:  estuarine zone of the Mekong, including the high estuarine tidal zone considerably upstream from the coastal province of Bac Lieu, Viet Nam.
Brachirus fitzroiensis						X				X																																				X																																																																																																																																																																																																																																		X	Western Pacific: Australia.
Brachirus heterolepis			X																					X																																																																																																										X																																																																																																					X																																									X	Western Central Pacific.
Brachirus macrolepis			X																					X		X																																																																																																							X	X																											X																																																																																																											X								X	Indian Ocean (Ref. 45255).  Western Pacific (Ref. 9893).
Brachirus marmoratus			X																					X																																																																																																										X																																																																																																																																														X	Western Pacific:  Indonesia.
Brachirus niger						X				X																																				X																																																																																																																																																																																																																										X							X	X	Southwest Pacific:  eastern Australia.
Brachirus orientalis	X		X			X				X				X	X				X					X		X					X							X								X			X	X								X													X																			X					X			X																													X		X	X	X	X			X			X	X									X							X		X						X								X														X	X			X		X						X					X				X			X						X			X					X					X		X															X					X				X										X	X				X			X	Indo-West Pacific:  Red Sea and Persian Gulf, then off the west coast of India and Sri Lanka, eastward through the Malay Peninsula and Archipelago to China and northern Australia.  Recorded from the mouth of Vivany River in Madagascar (Ref. 6805).
Brachirus pan			X												X									X		X																								X																					X																																																										X																																											X																																																										X																																		X					X			X	Indo-West Pacific:  east coast of India, Bangladesh (Ref. 1479), Myanmar, Malay Archipelago (Ref. 4833), and China (Ref. 33837).
Brachirus siamensis			X																					X																																																																																																																																																																																																														X																																		X								X	Asia:  Peninsular Thailand, Chao Phraya and Mekong basins (Ref. 43281).  Reported from the South China Sea (Ref. 41527).
Brachirus sorsogonensis			X																					X																																																																																																																																																																							X																																																																																	X	Western Pacific:  Bacon, Sorsogon, Philippines.
Brachirus swinhonis			X																					X																																																																																																							X																																																																																																																																														X				Western Pacific:  South China Sea.
Brachypleura novaezeelandiae			X			X				X					X									X		X					X															X			X																						X																																																								X		X	X																		X									X	X																											X				X		X						X									X																								X															X																			X	X				X			X	Indo-West Pacific:  Persian Gulf through the eastern Indian Ocean to the East Indies.
Buglossidium luteum	X		X	X															X		X							X			X	X			X	X																X				X																											X				X	X							X									X							X			X																			X		X	X														X		X							X								X			X					X								X											X														X				X					X									X	X										X	X		X																	X	X								X							Eastern Atlantic:  Iceland and Scotland southward, also North Sea, Kattegat and Baltic.  Mediterranean Sea:  including Adriatic, Sea of Marmara, Bosporus.
Catathyridium garmani							X																X																				X														X																																																																																																																																																																																													X															X												Southwest Atlantic:  estuarine and marine coastal areas of southeastern Brazil, including salt and freshwater portions of Laguna dos Patos basin, Uruguay, and northern Argentina.
Cephalopsetta ventrocellata			X																							X																																																																																																							X																																																									X																																																																														X	X								Indian Ocean:  Gulf of Oman to the Andaman Sea.
Chascanopsetta crumenalis						X																X																																																																																																						X																																																																																																																																															X						Eastern Central Pacific:  Hawaii.
Chascanopsetta danae					X															X																																																																																																																																																																																																																																			X															X											Western Atlantic: Caribbean Sea and adjacent areas of the Atlantic.
Chascanopsetta kenyaensis	X													X																																																																																																																															X																																																																																																																												X								Western Indian Ocean:  off Kenya.
Chascanopsetta lugubris	X		X		X	X	X			X	X	X		X	X		X			X			X	X	X	X	X			X									X					X		X											X			X											X					X										X																			X															X	X	X					X		X	X								X			X																														X		X			X															X																								X	X		X	X					X				X	X	X					X												X		X								X			X	X	X		X	X				X			X	Circumglobal: tropical; from the Western Atlantic to Western Pacific.
Chascanopsetta micrognatha			X												X									X																																																																																																																		X																																																					X																																																																														X			X	Western Pacific:  Kyushu-Palau Ridge.  Reported from the Philippines (Amaoka, pers. comm.).
Chascanopsetta prognatha			X												X											X																																																																																																																X																				X																																																																																																											X				X				Indo-Pacific:  Maldives, Japan and the Ryukyu Trough.
Chascanopsetta prorigera						X																X																																																																																																						X																																										X																																																																																																					X		X				Northwest Pacific:  Midway Islands and Emperor Seamount.  Eastern Central Pacific: Hawaii.
Citharichthys abbotti					X								X																																																																																																																																																							X																																																																																																		X											Western Central Atlantic:  Mexico.
Citharichthys arctifrons					X								X							X																																										X																																																																																																						X																																																																																			X												X			X											Western Atlantic:  Georges Bank to southern Florida, USA and eastern Gulf of Mexico from Florida to Yucatan, Mexico.
Citharichthys arenaceus					X		X				X									X			X																																		X																			X									X																																																																																																															X																																																			X														X	X											Western Atlantic:  southeastern Florida, USA to the West Indies and Brazil.
Citharichthys cornutus					X		X				X									X			X																									X									X					X																							X																																																																																																																																																						X											X	X		X										X		X	X											Western Atlantic:  Canada (Ref. 5951) to Georgia, USA to Uruguay.
Citharichthys darwini							X																X																																																																																					X																																																																																																																																																																		X			Southeast Pacific:  Galápagos Arch. endemic.
Citharichthys dinoceros					X		X				X		X							X			X																												X		X				X																												X																																																																																																																																																																		X														X	X											Western Atlantic:  Florida, off the the Greater Antilles, Barbados, and off Belize to Rio Grande do Sul, Brazil.
Citharichthys fragilis					X								X							X																																																																																																																																																X																																																																																			X																				X						Eastern Pacific:  Manhattan Beach in southern California, USA to Gulf of California.
Citharichthys gilberti					X		X						X										X																																																					X					X													X		X																							X							X																																						X														X										X		X																																																																													X			X			Eastern Pacific:  Gulf of California to Peru.
Citharichthys gnathus							X																X																																																																																					X																																																																																																																																																																		X			Southeast Pacific:  known only from the Galapagos Islands.
Citharichthys gordae					X								X																																																																																																																																																							X																																																																																																							X						Eastern Central Pacific:  Mexico.  Probably taken from Panama and Colombia, but needs confirmation.
Citharichthys gymnorhinus					X		X				X		X							X			X																									X														X																							X																																					X																																																								X																		X																																							X												X												X			X											Western Atlantic:  Canada (Ref. 5951) to Bahamas and Florida Keys in USA to Guyana and Nicaragua.
Citharichthys macrops					X		X				X		X							X			X																									X					X																							X									X																																									X											X																											X																																																																																			X												X			X											Western Atlantic:  southern Chesapeake Bay south along the U.S., Bahamas, throughout the Gulf of Mexico except northwestern Cuba; in the Caribbean from southern Jamaica, and along Central and South America from Mexico to the Honduran Bay Islands, and Colombia to Brazil (Santa Catarina).
Citharichthys mariajorisae					X								X							X																																																																																																																																																X																								X																																																											X																				X						Eastern Pacific:  Gulf of California to the Bay of Panama.
Citharichthys minutus							X																X																																																																																																																																																																																																																																		X													X											Western Central Atlantic:  Venezuela.
Citharichthys platophrys					X		X						X										X																																																					X					X													X		X																							X							X																																						X														X										X		X																																																																													X			X			Eastern Pacific:  Mexico to Peru.
Citharichthys sordidus				X	X								X			X				X														X																												X																																																																																																						X																																					X																																														X																				X	X	X				Eastern Pacific:  Bering Sea coast of Alaska to Cabo San Lucas, southern Baja California, Mexico.  Occurrence in Nicaragua (Ref. 13613) needs validation.
Citharichthys spilopterus					X		X				X		X							X			X																					X									X				X																			X					X					X						X													X																	X															X																											X														X																		X																												X											X												X		X										X		X	X											Western Atlantic:  New Jersey, USA to the Antilles and Brazil.
Citharichthys stampflii	X											X																		X									X																									X															X			X																									X		X											X	X																																									X																																													X			X																																															X			X													Eastern Atlantic:  Senegal to Angola (Ref. 5979, 81290, 81683). Also reported from Mauritania (Ref. 55783).
Citharichthys stigmaeus					X		X						X							X			X											X																												X																																X																																																																						X																																																																																			X																				X	X		X			Eastern Pacific:  Montague Island, Alaska to Bahia Magdalena, southern Baja California, Mexico.
Citharichthys surinamensis							X																X																																																																																																																																																																																																									X																																						X											Western Central Atlantic:  Suriname.
Citharichthys valdezi							X																X																																																																																																																																																																																																																																		X													X											Western Central Atlantic:  northern South America.
Citharichthys xanthostigma					X								X							X																																																													X															X																							X							X																																						X														X																																																																					X																				X						Eastern Pacific:  Monterey Bay in California, USA to Costa Rica.
Citharoides macrolepidotus			X												X									X																																															X																																																																			X							X	X																																													X																																					X																																									X			X	Western Pacific:  Philippines, Japan (Sagami Bay and Kasumi) and the Korean Peninsula.
Citharoides macrolepis	X													X											X																																																																																																																				X																														X																																													X													X																																				X								Western Indian Ocean:  known only Kenya to Natal, South Africa.
Citharoides orbitalis						X				X																																				X																																																																																																																																																																																																																										X									Eastern Indian Ocean:  Australia.
Citharus linguatula	X		X	X								X							X									X		X	X					X			X																									X																															X												X													X	X															X																							X			X																																																X		X					X										X											X																			X	X		X						X							Eastern Atlantic:  off northwestern Africa south to 23°S; also in the Mediterranean.
Cleisthenes herzensteini			X	X											X	X																																																							X																																																																			X							X	X																																																							X	X																																																																			X				Northwest Pacific:  Sea of Okhotsk, Sea of Japan, Yellow Sea, Gulf of Bo Hai, and East China Sea.
Cleisthenes pinetorum			X												X																																																																																																																											X								X																																																																																		X																																									X				Northwest Pacific: Japan (Ref. 58462), South Korea (Ref. 77001) and Taiwan (Ref. 4315).
Clidoderma asperrimum			X	X	X										X	X				X																																										X									X																																																																			X							X		X																																																						X																																														X																				X	X	X				North Pacific:  China (Ref. 559, 33837), Japan, and Kuril Islands to Canada and California, USA.
Colistium guentheri						X				X																																																																																																																																																																							X																																																																																														X		Southwest Pacific:  New Zealand.
Colistium nudipinnis						X				X																																																																																																																																																																							X																																																																																														X		Southwest Pacific:  occurs only around New Zealand.
Crossorhombus azureus			X			X				X					X									X		X																				X																									X																																																								X			X																																																																																								X										X																						X														X					X			X	Indo-West Pacific:  Bay of Bengal, northwestern Australia, South China Sea, China, Taiwan, Japan, Viet Nam, and Aru Islands, Indonesia.
Crossorhombus howensis			X			X				X					X																															X																																																																																																																																																																																						X																																									X		X		Northwest Pacific:  Taiwan. Southwest Pacific:  Lord Howe Island.  Possibly occurring in the Western Central Pacific.
Crossorhombus kanekonis			X												X																																																																																																																											X																																																																																										X																																									X				Northwest Pacific:  southern Japan (Ref. 559) and Taiwan (Ref. 5193).
Crossorhombus kobensis			X												X																																																								X																																																																			X								X																																																																																		X																																									X				Northwest Pacific:  Japan, Formosa Strait, northern part of the South China Sea.  Possibly occurring in the Western Central Pacific.
Crossorhombus valderostratus	X		X			X				X				X	X									X	X	X																				X																									X																																																								X		X									X																																	X																				X																								X	X		X																																														X	X				X		X	X	Indo-West Pacific.
Cyclopsetta chittendeni					X		X				X		X							X			X																					X									X				X																			X					X				X	X																			X														X			X				X																																						X														X										X																																				X											X												X		X												X	X											Western Atlantic:  northwestern Gulf of Mexico to Brazil.
Cyclopsetta fimbriata					X		X				X									X			X																					X													X					X					X									X									X	X						X													X																	X	X														X																																																											X																												X											X				X								X		X										X		X	X											Western Atlantic:  Canada (Ref. 5951) to North Carolina, USA (Ref. 7251) to São Paulo, Brazil (Ref. 36453).
Cyclopsetta panamensis					X		X						X										X																																																					X					X													X		X																							X							X																																						X														X										X		X																																																																													X			X			Eastern Pacific:  Gulf of California to Peru.
Cyclopsetta querna					X		X						X										X																																																					X					X													X		X																							X							X																																						X														X										X		X																																																																													X			X			Eastern Pacific:  Gulf of California to Peru.
Cynoglossus abbreviatus			X												X									X																																															X																																																								X			X								X								X																																													X																																					X																																				X					X			X	Indo-West Pacific:  South China Sea (Amoy, Canton, Kowloon, Hong Kong and Shanton) through Taiwan, Shanghai, Tunghai and Pohai to Korea and Japan.  Known from Shizuoka Prefecture to the South China Sea (Ref. 559).  Also found in Indonesia (Ref. 5978).
Cynoglossus acaudatus	X													X											X																																								X																																																																												X																														X																																						X						X	X													X																																				X								Western Indian Ocean:  Somalia to Natal, South Africa, including Seychelles.
Cynoglossus acutirostris	X													X																																																																																																																																																																																																									X																																																		X								Western Indian Ocean:  Red Sea (Ref. 9942) and the Gulf of Aden.  <i>Cynoglossus acutirostris</i> is very similar to <i>Cynoglossus carpenteri</i>.
Cynoglossus arel			X			X									X							X		X		X					X							X											X	X																					X																																																								X		X	X	X	X						X										X									X																							X					X	X					X						X									X												X										X		X															X					X														X	X		X		X			X	Indo-West Pacific:  Persian Gulf to Sri Lanka and Indonesia, north to southern Japan.  Reported occurrence of this species from Niue (Ref. 3804) should be verified.
Cynoglossus attenuatus	X													X											X																																																																																																																																																		X																																													X																																																	X								Western Indian Ocean:  known only from Delagoa Bay, Mozambique to Durban, South Africa.
Cynoglossus bilineatus	X		X			X				X					X				X					X		X					X															X			X											X											X																								X																																X		X	X	X				X			X										X									X															X													X	X			X		X						X									X					X							X										X		X															X					X														X	X				X			X	Indo-West Pacific:  Persian Gulf (Ref. 11441), off Pakistan, the west coast of India and Sri Lanka, Indonesia, the Philippines, Japan, and the north and east coasts of Australia.
Cynoglossus broadhursti						X				X																																				X																																																																																																																																																																																																																										X							X		Eastern Indian Ocean:  Western and southern Australia.
Cynoglossus browni	X											X																		X									X															X							X																	X				X															X												X			X								X	X																														X																												X																												X			X																						X																									X			X													Eastern Atlantic:  Senegal to Angola (Ref. 5512).
Cynoglossus cadenati	X											X																		X									X																																											X																											X			X								X	X																														X																																																								X			X																																															X			X													Eastern Atlantic:  Senegal to Angola.
Cynoglossus canariensis	X											X																		X									X															X							X		X															X	X			X															X										X		X			X								X	X																														X											X																	X																												X			X																						X																									X			X													Eastern Central Atlantic:  Mauritania and the Canary Islands to Angola (9°20'S).
Cynoglossus capensis	X																								X																																																																																																																																																				X																																											X																																												X					X								Southeast Atlantic:  Kunene River, Namibia to Natal, South Africa.
Cynoglossus carpenteri			X																							X					X																		X																																																																																X																			X																																					X												X									X																																							X									X											X								Indian Ocean:  seas of India to Persian Gulf.  <i>Cynoglossus carpenteri</i> is closely related to <i>Cynoglossus acutirostris</i>.
Cynoglossus crepida			X																												X																																																																																																								X																																																																																																																																		X								Eastern Indian Ocean:  Red Sea. Israel (Gulf of Aqaba).
Cynoglossus cynoglossus			X																					X		X												X												X										X																																																																					X	X																											X															X														X					X																																							X																																		X	X							X	Indo-West Pacific:  Malay Archipelago to Philippines, and westward to Myanmar, Bangladesh, and India (West Bengal) to Pakistan (Ref. 9895).
Cynoglossus dispar			X																							X																																																																																																							X																																																									X																																																																														X	X								Western Indian Ocean:  Pakistan to Madras, India.
Cynoglossus dollfusi	X																		X																																																																												X																																																																																																																																																																										X								Western Indian Ocean:  known only from the Suez Canal.
Cynoglossus dubius			X																							X																																																																																																							X																																																									X																																																																															X								Western Indian Ocean:  west coast of India.
Cynoglossus durbanensis	X													X											X																																																																																																																				X														X																X																																													X													X																																				X								Western Indian Ocean:  Kenya to Natal, South Africa.  Also Zanzibar and Madagascar (Ref. 6806).
Cynoglossus gilchristi	X													X											X																																																																																																																																		X																X																																													X																																																	X								Western Indian Ocean:  Delagoa Bay, Mozambique and Natal, South Africa; including Madagascar.
Cynoglossus gracilis			X												X									X																																															X																																																								X																			X																																																																																		X																																									X				Northwest Pacific:  South China Sea through Taiwan, Tung-hai, and Chefoo to Pusan in Korea.
Cynoglossus interruptus			X												X									X																																															X																																																								X											X								X																																																																																		X																																									X				Northwest Pacific:  Hokkaido, Japan to the South China Sea.  Questionable from the Western Central Pacific.
Cynoglossus itinus			X												X									X																																															X																																																								X			X								X																																																																																										X																																				X					X				Northwest Pacific:  Japan to the South China Sea.
Cynoglossus joyneri			X												X									X																																															X																																																								X											X								X																																																								X																										X																						X																			X			X	Northwest Pacific:  Korea and southern Japan to the Yellow Sea and South China Sea.
Cynoglossus kopsii	X		X			X				X				X	X									X		X					X							X								X			X																X						X																																																								X		X	X	X																	X							X		X	X																											X	X			X		X						X									X			X									X										X		X															X					X														X	X				X			X	Indo-West Pacific:  Persian Gulf to Taiwan.
Cynoglossus lachneri	X		X											X												X					X																																														X																																																																X														X								X								X														X	X												X											X						X														X																									X											X								Western Indian Ocean:  Red Sea, Gulf of Oman, and East Africa from Kenya to Delagoa Bay, Mozambique; including Seychelles, Mauritius, Madagascar and the Comoro Islands.
Cynoglossus lida	X		X			X				X				X	X									X	X	X												X																																																																																									X		X	X																									X		X														X	X																	X		X																									X												X		X																																		X	X				X			X	Indo-West Pacific:  East Africa, Pakistan and India to the Malay Archipelago and the Philippines.
Cynoglossus lighti			X												X																																																								X																																																																																																																																																																																																						X				Northwest Pacific:  China.
Cynoglossus lineolatus			X												X																																																								X																																																																																																																																																																																																						X				Northwest Pacific:  China.
Cynoglossus lingua			X																					X		X												X												X																																																																															X	X																											X															X														X					X																											X												X																				X														X	X				X			X	Indo-West Pacific:  Malay Archipelago including Thailand, Viet Nam, the Philippines and Indonesia westward to seas and estuaries of India and Pakistan to the Red Sea (Ref. 9895).
Cynoglossus maccullochi						X				X																																				X																																																																																																																																																																																																																																		X	Western Central Pacific.
Cynoglossus macrolepidotus			X												X									X																																															X																																																								X			X																																																																																																				X																																		X					X			X	Western Pacific:  China and Java, Indonesia (Ref. 40966).
Cynoglossus macrophthalmus						X				X																																				X																																																																																																																																																																																																																										X								X	Indo-West Pacific:  northwestern Australia.
Cynoglossus macrostomus			X																							X																																																																																																							X																																																																																																																																							X	X								Indian Ocean:  restricted to the coast of India.
Cynoglossus maculipinnis						X				X																																				X																																																																																																																																															X																																																																											X								X	Western Pacific:  northern Australia, from Western Australia to Queensland (Ref. 5297) and Papua New Guinea (Ref. 6771).
Cynoglossus marleyi	X													X											X																																																																																																																																																		X																																													X																																																	X								Western Indian Ocean:  Delagoa Bay, Mozambique to Durban, South Africa.
Cynoglossus melampetalus			X												X									X																																																																																																							X																																																																																																					X																																									X				Asia:  China.
Cynoglossus monodi	X											X																		X																								X							X																	X																			X										X		X			X								X	X																														X											X																	X																												X			X																						X																									X																Eastern Central Atlantic:  Mauritania (Ref. 5377) to Pointe-Noire, Congo.
Cynoglossus monopus			X																					X		X																																																																																																					X		X	X																																																													X																											X												X																																		X	X				X			X	Indo-West Pacific:  India, Sri Lanka, Indonesia, Thailand, and the Philippines.
Cynoglossus nanhaiensis			X												X									X																																															X																																																																																																																																																																																			X																			X				Western Pacific: China and Vietnam.
Cynoglossus nigropinnatus			X												X																																																								X																																																																			X																																																																																																																																			X				Northwest Pacific:  Kumanonada Sea to Tosa Bay, the East China Sea, and the Gulf of Tonkin.
Cynoglossus ochiaii			X												X																																																																																																																											X																																																																																																																																			X				Northwest Pacific:  Japan.
Cynoglossus ogilbyi						X				X																																				X																																																																																																																																															X																																																																																			X	Western Central Pacific:  southern Queensland, Australia (Ref. 5297) and Papua New Guinea (Ref. 6771).
Cynoglossus oligolepis			X												X									X																																															X																																																											X																																																																																																				X																																							X			X	Western Pacific:  China Main (Ref. 33837) and Indonesia (Ref. 33021).
Cynoglossus pottii	X																		X																																																																												X																																																																																																																																																																										X								Western Indian Ocean:  Red Sea.
Cynoglossus puncticeps			X			X				X					X									X		X					X															X			X	X										X											X																																																								X		X	X																		X									X															X													X	X			X		X						X									X					X							X										X		X	X														X					X														X	X				X			X	Indo-West Pacific:  India eastward to the Malay Archipelago and the South China Sea, southward to the Philippines and northwest Australia; eastward to New Guinea (Ref. 9895).  A related species, <i>Cynoglossus gilchristi</i> Regan, 1920 is recorded from Madagascar, the holotype (BMNH n°1903.9.29:2) being from Natal, off Umlanga River (Ref. 6806).
Cynoglossus purpureomaculatus			X												X									X																																															X																																																																			X																																																																																																																X																			X				Northwest Pacific.
Cynoglossus quadriocellatus						X				X																																				X																																																																																																																																																																																																																										X									Eastern Indian Ocean: Western Australia.
Cynoglossus robustus			X												X									X																																															X																																																								X											X								X																																																																																		X																						X																			X				Western Pacific:  southern Japan and South China Sea.
Cynoglossus roulei			X												X																																																								X																																																																																																																																																													X																																									X				Northwest Pacific:  China.
Cynoglossus semifasciatus			X																							X																																																																																																							X																																																																																									X																																														X	X								Indian Ocean:  East of India and  Sri Lanka (Ceylon).
Cynoglossus semilaevis			X												X									X																																															X																																																								X																			X																																																																																																																											X				Asia:  China.  Occurs in the Yellow Sea and the East China Sea (Ref. 559).
Cynoglossus senegalensis	X											X																		X									X															X							X																	X	X			X															X										X		X			X								X	X																														X											X																	X																										X		X			X																						X																									X			X													Eastern Atlantic:  Mauritania to Angola (Ref. 81291, 81682).
Cynoglossus sibogae			X												X									X																																															X																																																																																						X																																		X																																					X		X																																		X					X			X	Western Pacific:  Malay Archipelago.
Cynoglossus sinicus			X												X																																																																																																																																																																																																																					X																																									X				Asia:  Asia.
Cynoglossus sinusarabici	X		X																X												X																																																																X																																								X																																																																							X																					X											X																											X	X							Western Indian Ocean and Mediterranean Sea:  Red Sea, Suez Canal, and Israel.
Cynoglossus suyeni			X												X									X																																																																																																										X																																																													X																																					X																																									X			X	Western Pacific:  Philippines, through Celebes, to the Timor Sea.  Also reported from Taiwan (Ref. 5193).
Cynoglossus trigrammus			X												X									X																																																																																																																																																																																																												X		X																																							X			X	Asia:  China and Viet Nam.
Cynoglossus trulla			X												X									X																																				X											X																																																								X			X																											X																																																																									X																				X																			X			X	Western Central Pacific:  Indonesia, Malaysia, Gulf of Thailand, and the South China Sea.
Cynoglossus westraliensis						X				X																																				X																																																																																																																																																																																																																										X									Eastern Indian Ocean: Western Australia.
Cynoglossus zanzibarensis	X													X											X																																																																																																																				X																														X		X																																										X	X													X																															X					X								Western Indian Ocean:  Kenya to the western Cape Province, South Africa.  Reported from Namibia (Ref. 27121).
Dagetichthys lusitanicus	X			X								X							X									X		X						X			X															X							X																	X				X															X										X		X			X								X	X																														X											X																	X																												X			X							X															X																									X	X		X						X							Eastern Atlantic:  Cape Blanc (Mauritania) to Angola (Ref. 6805). Also in Mediterranean (Ref. 4710).
Dexillus muelleri			X			X				X							X					X		X																						X																																																								X																												X																																																											X		X																																										X																															X			X					X	Indo-West Pacific:  Sri Lanka to Samoa and Tonga, north to the Philippines, south to northern Australia.
Dexistes rikuzenius			X												X																																																																																																																											X							X	X																																																																																																																											X				Northwest Pacific:  Japan and Korean Peninsula.
Dicologlossa cuneata	X		X	X								X							X						X			X		X	X					X			X																																							X																																										X	X																																									X								X			X																					X													X									X	X										X											X																			X	X		X						X							Eastern Atlantic:  Bay of Biscay and the Mediterranean to the Cape of Good Hope, South Africa.
Dicologlossa hexophthalma	X											X																		X																																		X																																											X													X	X																																			X						X																																																X																																															X																Eastern Atlantic:  Portugal, Madeira; west coast of Africa from Mauritania to Sierra Leone, also Gulf of Guinea, Congo and Angola (Ref. 5304); including the western Mediterranean (Ref. 3397).
Embassichthys bathybius			X	X	X								X		X	X				X														X																												X																																																																												X																										X																																					X																																														X																				X	X	X				North Pacific:  Japan to the Gulf of Alaska and to Mexican border.
Engyophrys sanctilaurentii					X		X						X							X			X																																																					X					X													X		X																							X							X																																						X														X										X		X																																																									X																				X			X			Eastern Central Pacific:  La Jolla, California to Peru.
Engyophrys senta					X		X				X									X			X																																		X					X																							X																																																																																																																																											X											X												X												X		X	X											Western Atlantic:  Canada (Ref. 5951) to southern Florida, USA and northern Gulf of Mexico to Brazil.
Engyprosopon annulatum						X											X																																																																																																																																																															X																																																																																																X	Western Pacific:  Timor Sea (type locality).
Engyprosopon arenicola						X	X															X	X																																															X																							X																															X																																																																																																																																															X			X			Eastern Pacific:  Hawaii (Ref. 33021) and Isla de Pascua [=Easter Island] (Ref. 33343).
Engyprosopon bellonaense						X											X																																																																																																																																																															X																																																																																																X	Western Central Pacific:  Chesterfield and Bellona Plateaus and the Fairway Ridge, west of New Caledonia.
Engyprosopon bleekeri						X				X																																				X																																																																																																																																																																																																																										X								X	Western Central Pacific:  east coast of Queensland, Australia.
Engyprosopon filipennis			X												X																																																								X																																																																																																																																																													X																																									X				Northwest Pacific.
Engyprosopon grandisquama	X		X			X				X				X	X		X							X	X	X					X							X								X														X											X																																																								X		X	X								X			X														X		X	X													X	X				X									X				X		X															X									X	X		X										X	X	X																				X														X	X				X			X	Indo-Pacific:  East Africa and throughout the Indian Ocean to the Indo-Australian Archipelago and New Caledonia, north to southern Japan.
Engyprosopon hawaiiense						X																X																																																																																																						X																																																																																																																																															X						Eastern Central Pacific:  Hawaii.
Engyprosopon hureaui			X			X											X									X					X																																																																																																								X																							X																		X																																																																																									X							X	Indo-West Pacific:  Red Sea and Maldives to the Coral Sea.
Engyprosopon kushimotoense			X												X																																																																																																																											X																																																																																																																																			X				Northwest Pacific:  Japan.
Engyprosopon latifrons	X		X											X	X									X		X																																							X						X																																																								X																															X																																	X																		X																																																								X				X			X	Indo-West Pacific:  widespread, from Cargados Carajos to the Philippines, north to Hong Kong (Ref. 31075) and China Main (Ref. 33837).
Engyprosopon longipelvis			X			X									X		X																																																						X																																																																			X																																						X																										X																																																																			X			X	Western Pacific:  Japan (Ref. 559), China (Ref. 33837, and the Chesterfield Islands (Ref. 11897).
Engyprosopon longipterum						X											X																																																																																																																																																															X																																																																																																X	Western Central Pacific:  Chesterfield and Bellona Plateaus and Fairway Ridge, Coral Sea.
Engyprosopon macrolepis	X		X			X				X				X			X		X					X		X					X																																		X												X																		X																																												X																			X																		X													X		X															X																																																X											X							X	Indo-West Pacific:  Red Sea to Maldives and Cargados Carajos; north to Taiwan, Philippines and the Coral Sea.
Engyprosopon maldivense			X			X				X					X		X							X		X																				X																																																																																												X																				X																		X															X																																					X																																				X	X				X			X	Indo-West Pacific:  Maldives, Philippines, Borneo, northern and northwestern Australia, Coral Sea, Taiwan, and southern Japan.
Engyprosopon marquisense						X																X																																																																																				X																																																																																																																																																																	X						Central Pacific:  Marquesas Islands.
Engyprosopon mogkii			X												X									X																																															X																																																								X			X																											X																																		X																																							X																																		X					X			X	Indo-West Pacific:  Indian Ocean, Malay Peninsula and Archipelago.
Engyprosopon mozambiquense	X		X											X										X		X												X																																																																																											X																										X																X	X																			X																																																																									X	X							X	Indo-West Pacific:  Mozanbique, N Madagascar, Myanmar, Nicobar Is., the Philippines.
Engyprosopon multisquama			X												X									X																																															X																																																								X											X																																																																																										X																																									X				Northwest Pacific:  Japan to Taiwan.
Engyprosopon natalense	X																								X																																																																																																																																																																																															X																																																	X								Western Indian Ocean:  the only known specimens were collected off Amatikulu River, Natal, South Africa.  Record from Delagoa Bay unconfirmed.
Engyprosopon obliquioculatum			X																					X		X																																																																																																																																																																					X																											X																																														X								X	Indo-West Pacific:  Sri Lanka and the Philippines.
Engyprosopon osculus						X				X																																				X																																																																																																																																																																																																																										X									Eastern Indian Ocean:  Barrow Island, Shark Bay, and Rowley Shoal, Western Australia.
Engyprosopon raoulense						X				X																																																																																																																																					X																																						X																																																																																										X		Southwest Pacific:  Raoul Island (Kermadec Islands) and Norfolk Island.
Engyprosopon regani						X	X															X	X																																															X																							X																																																																																																																																																																																	X			Southeast Pacific:  Isla de Pascua [=Easter Island] (Ref. 33343).
Engyprosopon rostratum						X											X																																																																																																																																																															X																																																																																																X	Western Central Pacific:  Chesterfield Plateau, Bellona Plateau, and southern New Caledonia.
Engyprosopon sechellense	X													X																																																																																																																																																																																																			X																																																								X								Western Indian Ocean:  Seychelles.
Engyprosopon septempes						X											X																																																																																																																																																															X																																																																																																X	Western Central Pacific:  known only from the Coral Sea.
Engyprosopon vanuatuense						X											X																																																																																																																																																																																																																																							X																								X	Western Pacific:  Vanuatu.
Engyprosopon xenandrus						X																X																																																																																																						X																																																																																																																																															X						Eastern Central Pacific:  Hawaiian Islands.
Engyprosopon xystrias			X			X									X		X							X																																																																																																										X								X																																						X																																																																																													X			X	Indo-West Pacific:  Saya de Malha Bank, Coral Sea, South China Sea, and southern Japan.
Eopsetta grigorjewi			X												X																																																								X																																																																			X							X	X																																																								X																										X																																									X				Northwest Pacific:  Pacific coast of Japan, Sea of Japan, Yellow Sea, Gulf of Po-Hai, East China Sea to Taiwan.
Eopsetta jordani					X								X							X														X																												X																																																																																																						X																																																																																			X																				X	X	X				Northeastern Pacific:  Bering Sea coast of Alaska to Islas Los Coronados, northern Baja California, Mexico.
Etropus ciadi					X								X																																																																																																																																																							X																																																																																																							X						Eastern Pacific:  Gulf of California.
Etropus crossotus					X		X				X		X							X			X																	X		X		X							X						X					X					X									X					X				X	X					X	X		X		X									X											X	X		X			X	X			X											X																								X			X					X									X										X		X						X																								X	X	X		X											X				X								X		X		X	X							X		X	X					X			X			Western Atlantic:  Canada (Ref. 5951) to Chesapeake Bay, USA to the Antilles and southern Brazil.  Eastern Pacific:  Baja California to Peru (Ref. 9330).
Etropus cyclosquamus					X															X																																																																																																																																																																																																																																			X															X											Western Central Atlantic:  north of Cape Hatteras, North Carolina, to about Palm Beach on east coast of Florida and in Gulf of Mexico from Fort Myers, Florida, to Mississippi; apparently rare or absent in southern Florida.
Etropus delsmani							X																X																																																																																																																																																																																																																																		X													X											Western Central Atlantic:  type specimen collected in Venezuela.
Etropus ectenes							X																X																																																					X																		X																																																																																																X																																																																																X			Eastern Pacific:  Colombia to Peru.
Etropus longimanus							X																X																				X														X																																																																																																																																																																																													X															X												Southwest Atlantic:  Rio de Janeiro, Brazil to Argentina.
Etropus microstomus					X															X																																										X																																																																																																																																																																																									X												X			X											Western Atlantic:  Canada (Ref. 5951) to North Carolina to Mississippi, USA, including the northern Gulf of Mexico.
Etropus pacificus					X		X						X										X																																																					X																		X																																																																																														X		X																																																																													X			X			Eastern Pacific:  Panama to northern Peru.
Etropus peruvianus					X		X						X										X																																																					X					X													X		X																							X							X																																						X														X										X		X																																																																													X			X			Eastern Pacific:  Gulf of California to Peru.
Etropus rimosus					X															X																																																																																																																																																																																																																																			X												X			X											Western Atlantic:  North Carolina to southern Florida in USA and eastern Gulf of Mexico.
Gastropsetta frontalis					X						X		X							X																												X																																																																																																																																												X																																																											X												X			X											Western Atlantic:  North Carolina to Florida in the USA and the Bahamas; northern Gulf of Mexico to Panama.
Glyptocephalus cynoglossus				X	X															X	X							X				X																				X										X																										X												X				X							X				X													X					X	X																																									X								X																																		X									X														X							X											X	X														Eastern Atlantic:  Northern Spain to northern Norway.  Western Atlantic:  Gulf of St. Lawrence and Grand Banks in Canada to North Carolina in USA (Ref. 7251).
Glyptocephalus stelleri			X	X											X	X																																																																																																																										X							X	X	X																																																						X																																																																				X				North Pacific:  Sea of Japan, Tatar strait, and southern Kuril Islands.  Also occurs in Bering Sea (Ref. 265).
Glyptocephalus zachirus			X	X	X								X		X	X				X														X																												X																																																																																					X																	X																																					X																																														X																				X	X	X				North Pacific:  from Kuril Island to Bering Sea coasts of Russia and Alaska (Ref. 27436) to Cedros Island, northern Baja California, Mexico.
Grammatobothus krempfi			X												X									X							X																																																																																																																																																																															X																						X																						X															X				X			X	Western Pacific:  Con Son, Viet Nam and Taiwan.
Grammatobothus pennatus						X				X							X																													X																																																																																																																																		X													X																																																																											X								X	Western Pacific:  eastern Queensland (Ref. 9824) and northwestern Australia, and Papua New Guinea (Ref. 6771).
Grammatobothus polyophthalmus			X			X				X					X		X							X		X					X							X								X			X											X											X																																																										X	X								X										X									X															X				X									X				X		X						X					X				X												X												X															X																			X	X				X			X	Indo-West Pacific:  India and off Sri Lanka eastward to the Philippines and the northeastern coast of Australia.  Range extends to Okinawa Island, Japan.  Also known from the Persian Gulf (Ref. 5999).
Gymnachirus melas					X						X									X																												X																			X																																																																																																																																																																																				X												X			X											Western Atlantic:  Massachusetts to southern Florida in USA, Bahamas, Cayman Islands; also eastern Gulf of Mexico.
Gymnachirus nudus					X		X				X		X										X																					X													X																			X									X	X																			X																	X																																										X																																X																												X											X														X												X	X											Western Atlantic:  Mexico to Rio Grande do Sul, Brazil.
Gymnachirus texae					X								X							X																																																																																																																																																X																																																																																			X															X											Western Atlantic:  western Gulf of Mexico from western Florida in USA to Yucatan in Mexico.
Heteromycteris capensis	X																								X																																																																																																																																																				X																																											X																																												X													Southeast Atlantic:  Walvis Bay, Namibia to the Kei River, South Africa.  Occurrence north of the Kei River needs verification.
Heteromycteris hartzfeldii			X			X				X														X																																																																																																										X																																																											X		X																																							X	X																																									X	Western Pacific:  Indonesia, the Philippines (Ref. 1555) and Papua New Guinea (Ref. 6771).
Heteromycteris japonicus			X												X									X																																															X																																																								X											X							X	X																																																								X																										X																																									X				Northwest Pacific:  Korea and Japan, including the Ryukyu Islands to the Yellow Sea and the East China Sea.
Heteromycteris matsubarai			X												X																																																								X																																																																			X																																																																																										X																																									X				Western Pacific:  Tanegashima, Japan to the South China Sea.
Heteromycteris oculus			X																					X		X												X																																																																																											X																																																																																									X												X																																		X	X							X	Indo-West Pacific.
Heteromycteris proboscideus	X											X													X					X									X															X							X																	X	X			X															X										X		X			X								X	X																														X											X											X						X																												X			X																						X																									X			X													Southeast Atlantic:  Mauritania to south of Angola (Ref. 5304).
Hippoglossina bollmani					X		X						X										X																																																					X					X													X		X												X											X							X																																						X														X										X		X																																																																													X			X			Eastern Pacific:  Gulf of California to Peru.
Hippoglossina macrops					X		X						X										X																																															X																								X																																																																																				X																																																																																									X			X			Eastern Pacific:  distribution is not precisely known; but may extend from Mazatlán, Mexico to Chile.
Hippoglossina montemaris							X																X																																															X																																																																																																																																																																																																								X			Southeast Pacific:  Chile.
Hippoglossina mystacium							X																X																																															X																																																																																																																																																																																																								X			Southeast Pacific:  Chile.
Hippoglossina oblonga					X															X																																										X																																																																																																																																																																																									X												X			X											Western Atlantic:  Canada (Ref. 5951) and Georges Bank to southern Florida, USA.
Hippoglossina stomata					X								X							X																																																																																																																																																X																																																																																			X																				X						Eastern Pacific:  Monterey Bay in California, USA to the Gulf of California.
Hippoglossina tetrophthalma					X		X						X										X																																																					X					X													X		X																							X							X																																						X														X										X		X																																																																													X			X			Eastern Pacific:  Gulf of California to Peru.
Hippoglossoides dubius			X	X											X	X																																																							X																																																																			X								X	X																																																						X																																																																				X				Northwest Pacific:  Sea of Japan and Sea of Okhotsk, Kamchatka and Korea (Ref. 4537).
Hippoglossoides elassodon			X	X	X										X	X				X														X																												X																																																																												X									X																																																						X																																														X																				X	X	X				North Pacific:  Sea of Japan, Sea of Okhotsk, and the Bering Sea along the western coast of America to Pt.  Reyes, central California, USA.
Hippoglossoides platessoides				X	X											X				X	X											X																				X										X																										X																X							X				X													X					X	X																																									X								X										X								X																								X	X														X							X								X			X	X			X											Eastern Atlantic:  off eastern Greenland and from the English Channel to the coast of Murmansk.  Western Atlantic:  southern Labrador in Canada and western Greenland to Rhode Island in USA (Ref. 7251).  Two subspecies were recognized, <i>H. p. platessoides</i> from northwestern Atlantic, and <i>H. p. limandoides</i> from the northeastern Atlantic (Ref. 51668).
Hippoglossoides robustus			X	X	X										X	X				X														X																												X																																																																												X																																																															X																																																						X													X	X				North Pacific:  Hokkaido, Japan and the Sea of Okhotsk north to northeast of Cape Lisburne, south to northwest of Akutan Island, Aleutian chain, Alaska.  Arctic Canada.
Hippoglossus hippoglossus				X	X											X				X	X											X																														X																										X												X				X							X				X													X					X	X																																									X								X																		X																									X														X							X											X	X														Eastern Atlantic:  Bay of Biscay to Spitsbergen, Barents Sea, Iceland and eastern Greenland.  Western Atlantic:  southwestern Greenland and Labrador in Canada to Virginia in USA (Ref. 7251).
Hippoglossus stenolepis			X	X	X								X		X	X				X														X																												X																																																																												X																										X																																					X																																														X								X												X	X	X				North Pacific:  Hokkaido, Japan and the Sea of Okhotsk to the southern Chukchi Sea and Point Camalu, Baja California, Mexico.
Hypsopsetta guttulata					X								X							X																																																																																																																																																X																																																																																			X																				X						Eastern Pacific:  Cape Mendocino in northern California, USA to southern Baja California, Mexico; isolated population in the Gulf of California.
Hypsopsetta macrocephala					X								X																																																																																																																																																							X																																																																																																							X						Eastern Pacific:  Gulf of California.
Isopsetta isolepis					X															X														X																												X																																																																																																																																																																																									X																				X	X	X				Eastern Pacific:  Bristol Bay in the southeastern Bering Sea and Amchitka Island (Aleutian Islands) to Ventura, California, USA.
Japonolaeops dentatus			X												X									X																																																																																																																		X																																																					X																																					X																																									X			X	Western Pacific:  southern Japan to the South China Sea and Taiwan.
Kamoharaia megastoma			X			X				X					X									X																						X																									X																																																											X								X																																																					X																																					X																																				X					X			X	Western Pacific:  southern Japan and Taiwan to the Indo-Australian Archipelago (including western Australia).
Laeops clarus			X																					X																																																																																																																																																																							X																																																																																	X	Western Pacific Ocean: Philippines, New Caledonia, and Taiwan.
Laeops cypho			X																					X																																																																																																																																																																							X																																																																																	X	Western Central Pacific:  known from the holotype collected off northern Mindanao (Philippines).
Laeops gracilis			X																					X																																																																																																																																																																							X																																																																																	X	Western Central Pacific:  Philippines.
Laeops guentheri			X																					X							X																		X											X																																																																						X																		X																								X													X						X						X									X																								X															X																			X	X							X	Indo-West Pacific:  Persian Gulf to the Gulf of Thailand and  Indonesia.
Laeops kitaharae			X			X									X		X							X																																															X																																																								X											X								X																														X																																																				X		X																																							X			X	Indo-West Pacific:  including East Africa and Japan.
Laeops macrophthalmus			X																					X																																																																																																																																																				X																																																																																												X									Eastern Indian Ocean:  Myanmar.
Laeops natalensis	X																								X																																																																																																																																																																																															X																																																	X								Western Indian Ocean:  known only from Natal, South Africa.
Laeops nigrescens			X												X																																																																																																																																																																																																																					X																																									X				Indo-West Pacific:  Gulf of Aden (Ref. 54621) to the Penghu Islands (Ref. 55073).
Laeops nigromaculatus	X		X											X	X										X																																																																																																																	X																																	X																																													X																																																	X				X				Western Indian Ocean:  Delagoa Bay, Mozambique and Natal, South Africa. Northwest Pacific:  Japan.  Probably occurring in the Western Central Pacific (Ref. 9824).
Laeops parviceps			X			X				X					X									X																						X																									X																																																																																																																						X		X																																					X																																				X					X			X	Western Pacific:  Taiwan (Ref. 9824) to northwestern Australia (Ref. 5978) and Papua New Guinea.
Laeops pectoralis	X													X											X																																																																																																																				X																														X																																													X																																																	X								Western Indian Ocean:  Kenya, Mozambique and South Africa.
Laeops sinusarabici			X																												X																																																																																																																																																																															X																																																											X								Western Indian Ocean:  Red Sea endemic.
Laeops tungkongensis			X												X																																																																																																																																																																																																																					X																																									X				Western Central Pacific:  South China Sea.
Lepidoblepharon ophthalmolepis			X			X				X					X									X																						X																									X																																																											X								X																																																					X																																					X																																									X			X	Western Pacific:  Japan to the Kei Islands, Arafura Sea (Indonesia).
Lepidopsetta bilineata			X	X	X										X	X				X														X																												X																																																																												X							X	X																																																							X																																														X																				X	X	X				North Pacific:  Baja California to the eastern Aleutian Islands and extreme southeastern Bering Sea.
Lepidopsetta mochigarei			X	X											X	X																																																																																																																										X							X	X																																																							X																																																																				X				Northwest Pacific:  Korean Peninsula to the southern Sea of Okhotsk.
Lepidopsetta polyxystra			X		X										X					X														X																												X																																																																												X									X																																																																																																				X																					X	X				North Pacific:  Puget Sound, Washington (USA) through the Bering Sea and Aleutian Islands to the Kuril Islands; overlapping with <i>L. bilineata</i> from the extreme SE Bering Sea to Puget Sound; and with <i>L. mochigarei</i> in the southern Sea of Okhotsk.
Lepidorhombus boscii	X		X	X															X		X							X			X	X				X																																																											X									X									X	X																			X			X																																		X																								X																							X										X										X	X		X																	X	X								X							Northeast Atlantic:  British Isles south to Cape Bojador, West Sahara and the Mediterranean.
Lepidorhombus whiffiagonis	X		X	X															X		X							X			X	X			X	X																				X																											X					X																X							X		X	X														X					X	X		X																																		X					X								X											X														X				X					X									X	X										X	X		X																	X	X								X							Northeast Atlantic:  Iceland southward to Cape Bojador (26°N), West Sahara and in the western Mediterranean.
Liachirus melanospilos			X			X				X					X									X		X																				X														X											X																																																								X		X	X								X																			X																																		X																																					X		X																																		X	X				X			X	Indo-West Pacific:  Laccadives, Singapore, Indonesia, Philippines, China, Taiwan and Japan.
Liachirus whitleyi						X				X																																				X																																																																																																																																																																																																																																		X	Western Central Pacific:  Queensland, Australia.
Limanda aspera			X	X	X										X	X				X														X																												X																																																																												X							X	X																																																							X																																																						X													X	X				North Pacific:  Korea and the Sea of Japan to the Sea of Okhotsk, Bering Sea, and Barkley Sound, Canada.  Reported from the Alaskan Beaufort Sea (Ref. 28503).
Limanda limanda				X												X					X							X				X																				X																																				X											X	X			X	X							X																	X					X	X															X				X																						X								X										X								X																X									X														X																		X															Northeast Atlantic:  Bay of Biscay to Iceland and Norway; Barents and White seas; also Baltic Sea.
Limanda sakhalinensis				X												X																																																																																																																																																																																									X																																																																				X				Northwest Pacific.
Liopsetta glacialis				X	X											X				X	X													X																												X																																																																																																																									X																		X																																														X								X			X	X									X	X				Northeast Atlantic and Arctic:  White Sea and Barents Sea eastward along the coasts of Siberia and North America to Queen Maud Gulf in Arctic Canada.  North Pacific:  Chukchi and Bering seas to Bristol Bay, Alaska and the northern Sea of Okhotsk.
Liopsetta pinnifasciata			X	X											X	X																																																																																																																										X									X																																																						X																																																																				X				Northwest Pacific:  Japan, Kuril Islands, Russia.
Lophonectes gallus						X				X																																				X																																																																																																	X																																		X																																																																																							X							X	X	Western Pacific:  eastern Australia (ranging south to South Australia and Tasmania, Ref. 9563) and New Zealand.
Lophonectes mongonuiensis						X				X																																																																																																																																																																							X																																																																																														X		Southwest Pacific:  New Zealand.
Lyopsetta exilis					X								X							X														X																												X																																																																																																						X																																																																																			X																				X	X					Eastern Pacific:  Alsek Canyon, southeastern Alaska to Isla Cedros, central Baja California, Mexico.
Mancopsetta maculata		X					X	X	X														X				X		X												X		X																											X														X																	X																								X																	X																																																					X								X																																											X										X					X		X							X			Southern Ocean, South Atlantic, and South Indian Ocean.  Argentine shelf/slope from 37°S to the Falklands and Burdwood Bank.  Also Kotlyar; Crozet Islands and Prince Edward Island (Ref. 5000).  Recorded from Chile (Ref. 27363).
Marleyella bicolorata	X		X											X											X	X																																																																																																							X																																										X																																													X													X																																				X								Western Indian Ocean:  Natal, South Africa to India.
Marleyella maldivensis			X																							X																																																																																																																																				X																																																																																																											X								Western Indian Ocean:  Maldives.
Microchirus azevia	X		X	X															X									X		X	X	X				X																																																																																																																																																														X													X										X																					X		X																	X	X								X							Eastern Atlantic:  Portugal southward to Senegal; a single record from southwest of the British Isles.  Mediterranean:  Spain, Algeria and Turkey.
Microchirus boscanion	X			X								X							X											X		X							X															X							X																	X	X			X															X										X		X			X	X							X	X													X																	X											X								X									X																												X			X																						X																					X				X	X		X													Eastern Atlantic:  north of Gibraltar to northern Angola (Ref. 5304).  Reported from the Mediterranean Sea (Ref. 45594).
Microchirus frechkopi	X											X																		X									X																									X																		X																									X					X								X	X																																																																																						X			X																																															X			X													Eastern Atlantic:  Senegal to the Gulf of Guinea.
Microchirus ocellatus	X		X	X								X							X						X			X		X	X	X			X	X																																															X												X									X			X							X						X																X																X				X			X			X								X																																						X		X		X				X	X										X										X	X																			X								X	X							Eastern Central Atlantic:  Madeira Island (Ref. 74541), Canary Islands, Senegal, Ghana, Guinea Bissau, Sierra Leone; northward to southwest of Iberian Peninsula, Mediterranean.  Western Indian Ocean:  Natal, South Africa (Ref. 3200).
Microchirus theophila	X			X																								X		X		X																															X																																														X																																																					X																																X													X																																	X																	X	X															Eastern Central Atlantic:  Mauritania and Canary Islands (Santa Cruz and Tenerife); extending into the northeast Atlantic from Portugal and southwest of Great Britain.
Microchirus variegatus	X		X	X															X		X							X		X	X	X			X	X																				X																											X												X									X										X																			X	X		X														X		X				X			X			X					X																											X													X	X				X					X																				X	X		X													X				X	X								X							Northeast Atlantic:  British Isles south to Senegal (baie du Lévrier) and the Mediterranean.
Microchirus wittei	X											X																		X									X																																											X																														X								X	X																																									X																																													X																																																		X			X													Eastern Atlantic:  Senegal to Ghana (Ref. 5304).  Reported from Mauritania (Ref. 55783).
Microstomus achne			X	X											X	X																																																							X																																																																			X							X	X	X																																																						X																																																																				X				Northwest Pacific:  central Japan northward, southern Kuril Islands, Sakhalin, Sea of Japan, the Yellow Sea, Gulf of Bo Hai and East China Sea.
Microstomus kitt				X	X											X				X	X							X				X																				X																																				X												X				X							X				X													X					X	X																																									X								X										X								X																X									X														X																		X	X														Northeast Atlantic:  Bay of Biscay to the White Sea and off Iceland.
Microstomus pacificus				X	X								X			X				X														X																												X																																																																																																						X																																					X																																														X																				X	X	X				Eastern Pacific:  Navarin Canyon in the Bering Sea to Stalemate Bank in the Aleutian Islands and San Cristobal Bay, Baja California, Mexico.
Monochirus atlanticus	X			X								X							X									X		X																																																				X																									X		X			X								X	X																														X											X								X																								X											X		X			X																																											X				X	X															Eastern Atlantic: Portugal to Ghana.
Monochirus hispidus	X		X	X															X									X		X	X	X			X	X																				X							X	X																			X																					X										X																						X																X							X								X	X		X																																						X				X					X																				X	X																			X	X								X							Mediterranean Sea.
Monochirus trichodactylus			X												X									X																																															X																																																											X																																																																																																																																											X			X	Western Pacific:  South China Sea.
Monolene antillarum					X						X									X																																										X																																																																																																																																																																													X												X												X			X											Western Atlantic:  Canada (Ref. 5951) to Georges Bank to Florida, USA and northern Gulf of Mexico.  Reported from the northern coast of South America (Ref. 5217).
Monolene asaedae					X								X																																																																				X															X																							X							X																																						X														X										X																																																																															X						Eastern Central Pacific:  Mexico to Panama.
Monolene atrimana					X						X																																								X																																																																																																																																																																																																																			X											Western Central Atlantic.
Monolene danae					X								X																																																																																																																																																																															X																																																																															X						Eastern Pacific.
Monolene dubiosa					X								X																																																																																																																																																							X																																																																																																							X						Eastern Central Pacific:  known only from near Acapulco, Mexico.
Monolene maculipinna					X		X						X										X																																																					X					X													X																																																																																				X										X		X																																																																													X			X			Eastern Central Pacific:  Costa Rica to Peru.  Also reported in Nicaragua (Ref. 13613).
Monolene megalepis					X						X																																																																																																																																																																																									X																																																																		X											Western Atlantic.
Monolene mertensae	X											X																		X									X																																							X	X																												X														X																																																																																																																																								X			X													Eastern Atlantic:  Gulf of Guinea to Penrith, Angola.
Monolene microstoma	X											X													X					X									X																																																																																	X	X																																																				X																																					X																																															X			X													Eastern Atlantic:  Senegal and Gulf of Guinea to Namibia (Ref. 27121).
Monolene sessilicauda					X		X				X									X			X																					X													X					X														X										X																			X																	X																																																																																																						X											X												X		X										X		X	X											Western Atlantic:  Canada (Ref. 5951) to Georges Bank and northern Gulf of Mexico to northern Brazil.
Myzopsetta ferruginea					X															X																																										X																																																																																																																																																																																									X												X														Northwest Atlantic:  southern Labrador, Canada to Chesapeake Bay, USA.
Myzopsetta proboscidea			X	X	X										X	X				X														X																												X																																																																												X									X																																																						X																																																						X													X	X				North Pacific:  Sea of Okhotsk, Kuril Islands, Kamchatka Peninsula in Russia and Bering Sea.  Arctic Canada.
Myzopsetta punctatissima			X	X											X	X																																																																																																																										X							X	X	X																																																						X																																																																				X				Northwest Pacific:  southern Sea of Okhotsk and Kuril Islands to northern Sea of Japan including Japan and Korean Peninsula.
Nematops grandisquama			X																					X																																																																																																										X																																																																																																																																														X	Indo-West Pacific:  Bali, Indonesia; probably southwest coast of India.
Nematops macrochirus			X			X				X														X																						X																																																																																				X																																																													X																																																																																X	X	Indo-West Pacific:  Bali Strait and northern part of New South Wales (Ref. 9792).  Record of occurrence from St. Helena Island is considered to be erroneous (Ref. 51668).
Nematops microstoma						X				X							X																X																																																																																																																																																												X																																																																																			X	Southwest Pacific:  known only from Nares Harbor, Admiralty Islands.
Nematops nanosquama						X																X																																																																																				X																																																																																																																																																																	X						Central Pacific:  Marquesas Is.
Neoachiropsetta milfordi	X					X	X	X		X													X		X		X		X														X																											X														X																	X																																									X																																			X																		X																					X																														X														X	X		X							X	X		Southwest Pacific:  southern New Zealand.  Southeast Pacific:  off southern Chile.  Southwest Atlantic:  Argentina, the Falkland Islands (Ref. 4417) and the Burdwood Bank.  Southeast Atlantic:  Discovery Seamount, off Cape Town (South Africa).  Antarctic Indian Ocean:  Prince Edward and the Crozet Islands.
Neolaeops microphthalmus	X		X			X				X					X		X							X	X																					X																									X																																																											X								X																																						X															X																									X												X																																				X	X				X			X	Indo-West Pacific:  southern Japan, Taiwan, Indo-Australian Archipelago and Natal, South Africa (based on one specimen).
Oncopterus darwinii							X																X																				X														X																																																																																																																																																																																													X															X												Southwest Atlantic:  Santa Catarina, Brazil to Golfo de Sán Matías, Argentina.
Parabothus amaokai							X																X																																															X																																																																																																																																																																																																								X			Southeast Pacific:  Sala y Gomez and Nazca Submarine ridges.
Parabothus chlorospilus						X																X																																																																																																						X																																																																																																																																															X						Eastern Central Pacific:  Hawaii.
Parabothus coarctatus			X			X				X					X		X					X																																																	X																																																					X														X																																						X					X																																																																																						X		X		X	X	Pacific Ocean:  New Caledonia, southern Japan, and the Hawaiian Islands (Ref. 9824); including the Norfolk Ridge and Isle of Matthew (Ref. 28982).
Parabothus filipes						X											X																																																																																																																																																															X																																																																																																X	Western Pacific:  Nova Bank, the Coral Sea.
Parabothus kiensis			X			X				X					X		X							X																						X																																																																																				X								X								X																														X																																																																																								X					X			X	Indo-West Pacific:  southern Japan (Ref. 559), southern Indonesia to northwest Australia, and New Caledonia.
Parabothus polylepis			X																							X																																																																																																																																																																																																X																																														X									Western Indian Ocean:  Sri Lanka.
Parabothus taiwanensis			X												X																																																																																																																																																																																																																					X																																									X				Northwest Pacific:  Taiwan.
Paradicula setifer						X				X																																				X																																																																																																																																																																																																																																		X	Western Central Pacific.
Paralichthodes algoensis	X													X											X																																																																																																																																																		X																																													X																																												X					X								Western Indian Ocean and Southeast Atlantic:  known only from Delagoa Bay, Mozambique to Mossel Bay, South Africa.
Paralichthys adspersus							X																X																																															X																								X																																														X																																																		X																																																																																X			Eastern Pacific:  Ecuador to Chile.
Paralichthys aestuarius					X								X																																																																																																																																																							X																																																																																																							X						Eastern Central Pacific:  Baja California, Mexico and the Gulf of California.
Paralichthys albigutta					X		X				X		X							X			X																									X																												X																																																																																								X																																																																							X												X												X			X											Western Atlantic:  North Carolina to southern Florida, USA, northern Bahamas, Gulf of Mexico and western Caribbean to Colombia.
Paralichthys brasiliensis							X																X				X																														X																																												X																																																																																																																																																	X															X												Southwest Atlantic:  Brazil.  Does not occur in Argentina nor in Uruguay (Ref. 43588).
Paralichthys californicus					X								X							X																																																																																																																																																X																																																																																			X																				X	X					Eastern Pacific:  Quillayute River in northern Washington, USA to southern Baja California, Mexico.  Also in northern Gulf of California (Ref. 9330).
Paralichthys delfini							X																X																																															X																																																																																																																																																																																																								X			Southeast Pacific:  Chile (Ref. 9068).
Paralichthys dentatus					X															X																																										X																																																																																																																																																																																									X												X			X											Northwest Atlantic:  Maine (rarely Nova Scotia, Canada) to southern Florida, USA.
Paralichthys fernandezianus							X																X																																															X																			X																																																			X																																																																																																																																		X			Southeast Pacific:  Desventuradas Is. and Juan Fernández Is.
Paralichthys isosceles							X																X																				X														X																																																																																																																																																																																													X															X												Southwest Atlantic:  Brazil to Argentina.
Paralichthys lethostigma					X						X									X																																																																																																																																																																																																																							X												X												X			X											Western Atlantic:  North Carolina to Texas in USA, but absent from southern Florida.
Paralichthys microps							X																X																																															X																																																																																																																																																																																																								X			Southeast Pacific:  Chile.
Paralichthys olivaceus			X												X									X																																															X																																																								X											X								X	X																																												X																																					X																						X																			X			X	Western Pacific:  Japan, Sakhalin, Kuril Islands, Korean Peninsula to the South China Sea.
Paralichthys orbignyanus							X																X																				X														X																																																																																																																																																																																													X															X												Southwest Atlantic:  Rio de Janeiro, Brazil to at least Mar de la Plata, Argentina.
Paralichthys patagonicus							X																X																				X														X													X																																																																																																																																																																																X															X									X			Southeast Pacific:  Chile (Ref. 9068).  Southwest Atlantic:  Rio de Janeiro, Brazil to Patagonia, Argentina (Ref. 36453).
Paralichthys squamilentus					X						X		X							X																																																																	X																																																																															X																																																																																			X												X			X											Western Atlantic:  North Carolina to Florida in USA and the entire Gulf of Mexico.
Paralichthys triocellatus							X																X																																		X																																																																																																																																																																																																												X												Southwest Atlantic:  Rio de Janeiro, Brazil to Uruguay.
Paralichthys tropicus					X		X				X												X																					X																																X										X																																				X																																																																																																						X											X														X													X											Western Central Atlantic:  Colombia and Venezuela to Trinidad and Tobago.  Reported to range south to Suriname (Ref. 13608).
Paralichthys woolmani					X		X						X										X																																																					X					X													X		X												X											X							X																																						X														X										X		X																																																																													X			X			Eastern Pacific:  Mexico to Peru, including the Galapagos Islands.
Paraplagusia bilineata	X		X			X				X				X	X									X	X	X					X							X								X				X																					X																																																								X		X	X								X	X		X														X		X						X								X																		X		X											X							X						X	X		X										X	X	X																				X														X	X				X			X	Indo-Pacific:  Red Sea and east coast of Africa to the Philippines, north to southern Japan, south to New Guinea and northeastern Australia.
Paraplagusia blochii			X			X				X					X									X		X					X																																																																																																X		X	X								X																																															X				X		X																																					X		X																																		X	X				X			X	Indo-West Pacific:  southern Oman to Papua New Guinea (Ref. 6771), north to Taiwan (Ref. 5193) and Japan (Ref. 559).
Paraplagusia guttata			X			X				X					X																															X																									X																																																																																																																																																													X																																									X			X	Western Pacific:  China (Ref. 33837) to Australia (Ref. 40966).
Paraplagusia japonica			X			X				X					X									X																																															X																																																								X											X							X	X																																											X																																							X																																									X			X	Western Pacific:  Japan and Korea to Taiwan (Ref. 559) and Papua New Guinea (Ref. 6771).
Paraplagusia longirostris						X				X																																				X																																																																																																																																															X																																																																											X								X	Indo-West Pacific:  northern Australia and southern coast of Papua New Guinea.
Paraplagusia sinerama						X				X																																				X																																																																																																																																															X																																																																											X								X	Western Pacific:  northern Australia (including Joseph Bonaparte Gulf, Western Australia) and southern coast of Papua New Guinea.
Pardachirus balius			X																												X																																																																																																																																																										X																																																																																X								Western Indian Ocean:  Arabian Sea off southern Oman and the outer Gulf of Oman.
Pardachirus hedleyi						X				X																																				X																																																																																																																																																																																																																																	X	X	Southwest Pacific:   southern Queensland to southern New South Wales, Australia.
Pardachirus marmoratus	X		X											X					X					X	X	X				X	X							X											X																																														X			X																															X		X	X							X		X							X							X								X								X														X	X											X	X								X			X				X		X	X		X					X						X																X									X										X	X								Western Indian Ocean:  Red Sea and Persian Gulf to Durban, South Africa and Sri Lanka (Ref. 30573).
Pardachirus morrowi	X													X											X																																																																																																																				X																														X																																						X							X													X																																				X								Western Indian Ocean:  Kenya to Sodwana Bay, South Africa.
Pardachirus pavoninus			X			X				X					X		X	X				X		X		X												X								X														X											X																															X																											X	X								X																			X	X																		X											X		X		X											X		X														X										X		X			X															X		X														X	X		X		X			X	Indo-Pacific:  Sri Lanka east to Samoa and Tonga (Ref. 2334), north to Japan (Ref. 559), south to Onslow, Australia.
Parophrys vetulus				X	X								X			X				X														X																												X																																																																																																						X																																					X																																														X																				X	X	X				Eastern Pacific:  from Russia to Agattu Island, north to Nunivak Island, Alaska, then South to Mexico, Baja California, Mexico.
Pegusa cadenati	X																													X																																		X																																																																																																																																																																																																	X																Eastern Atlantic:  Known only from Cape Verde.  Reported from the Gulf of Guinea (Ref. 2683).
Pegusa impar	X		X	X															X									X			X	X				X																																																											X									X																																X														X									X											X																																										X					X																																				X				X									X							Eastern Atlantic:  Mediterranean Sea and from Gibraltar southward to Senegal.
Pegusa lascaris	X		X	X			X					X				X			X				X					X		X	X	X			X	X			X																	X			X				X																				X				X								X									X						X		X		X						X	X													X		X																				X						X								X					X																			X						X							X	X				X					X										X					X						X		X			X	X		X											X	X		X	X					X							Eastern Atlantic:  northeastern to southeastern Atlantic; perhaps Gulf of Guinea; the Mediterranean Sea and Black Sea; reported from Suez Canal (Ref. 32649); and Sea of Azov (Ref. 4710).
Pegusa nasuta	X		X	X												X			X									X			X				X	X																																																																														X																						X																																																																X																	X																					X																												X							Northern Mediterranean Sea, Black Sea, Sea of Azov.
Pegusa triophthalma	X																													X																								X																												X																											X			X								X	X																														X											X																	X																												X			X																																															X																Eastern Central Atlantic: Mauritania to Gulf of Guinea (Ref. 5304, 57416); not in the south of Cape Lopez and not in the north of Rio de Oro (Ref. 5304).
Pelotretis flavilatus						X				X																																																																																																																																																																							X																																																																																														X		Southwest Pacific:  restricted to New Zealand (Ref. 9258).
Peltorhamphus kryptostomus						X				X																																																																																																																																																																							X																																																																																														X		Southwest Pacific: New Zealand.
Peltorhamphus latus						X				X																																																																																																																																																																							X				X																																																																																										X		Southwest Pacific:  Norfolk Island (Ref. 8879) and New Zealand.
Peltorhamphus novaezeelandiae						X				X																																																																																																																																																																							X																																																																																														X		Southwest Pacific:  New Zealand.
Peltorhamphus tenuis						X				X																																																																																																																																																																							X																																																																																														X		Southwest Pacific:  New Zealand.
Perissias taeniopterus					X								X																																																																				X															X																							X							X																																						X														X										X																																																																															X						Eastern Central Pacific:  Mexico to Panama.
Phyllichthys punctatus			X			X				X														X																						X																																																																																				X																																																																																																																																						X								X	Eastern Indian Ocean:  northwestern Australia.
Phyllichthys sclerolepis						X				X																																				X																																																																																																																																																																																																																																		X	Western Central Pacific.
Phyllichthys sejunctus						X				X																																				X																																																																																																																																																																																																																																		X	Western Central Pacific.
Plagiopsetta glossa			X			X				X					X		X							X																						X																									X																																																								X											X																																						X															X																																					X																																									X		X	X	Western Pacific:  Japan and Taiwan to New South Wales, Australia.
Plagiopsetta gracilis						X											X																																																																																																																																																															X																																																																																																X	Western Pacific:  New Caledonia.
Plagiopsetta stigmosa						X											X																																																																																																																																																															X																																																																																																X	Nova Bank, Chesterfield Plateau, Argo Bank and Capel Bank.
Platichthys bicoloratus			X												X																																																								X																																																																			X							X	X	X																																																																																	X																																									X				Northwest Pacific:  Japan and its adjacent freshwaters, the Kuril Islands, Sakhalin, Korean Peninsula, northern China and Taiwan.
Platichthys flesus	X		X	X												X			X		X							X			X	X			X	X																X				X			X																								X					X							X				X				X	X							X		X	X																			X	X	X	X													X	X		X	X															X		X					X								X										X	X						X	X											X					X									X	X										X	X		X	X			X											X		X	X								X							Eastern Atlantic:  coastal and brackish waters of western Europe and from the White Sea to the Mediterranean and the Black Sea (Ref. 4705, Ref. 51442).  Introduced into the USA and Canada accidentally through transport in ballast water (Ref. 1739).  Asia:  Iran (Ref. 39702).
Platichthys solemdali				X																	X																																																																																		X																																																																																																																											X																																X															Northeast Atlantic: endemic to the Baltic Sea.
Platichthys stellatus			X	X	X										X	X				X														X																												X									X																																																																			X							X	X	X																																																						X																																														X								X												X	X	X				North Pacific:  Korea and southern Japan through the Bering Strait and Arctic Alaska (Ref. 2850) to the Coronation Gulf, Northwest Territories, Canada and Santa Barbara, southern California, USA.
Pleuronectes platessa				X	X											X				X	X							X				X																				X																																				X											X	X			X	X							X				X													X					X	X															X				X																						X								X										X	X							X																X									X														X															X			X	X														"Northern Sea.  Reports from the Mediterranean Sea appear to be misidentifications of _x005F_x000D_
<i>P. flesus</i>.  It may have been present in some areas of the Mediterranean in the past, as a result of climatic changes related to the ice age, but at present times seem to be absent (Ref. 89040)."
Pleuronectes putnami					X															X																																										X																																																																																																																																																																																									X												X														Northwest Atlantic:  Ungava Bay in Quebec, Canada to Rhode Island in USA.
Pleuronectes quadrituberculatus			X	X	X										X	X				X														X																																																																																																								X																																																															X																																																						X													X	X				North Pacific:  Peter the Great Bay to Point Hope in the Chukchi Sea south to Unalaska Island and east to Kayak Island in southeast Alaska.
Pleuronichthys coenosus					X								X							X														X																												X																																																																																																						X																																																																																			X																				X	X					Eastern Pacific:  Sitka, southeastern Alaska to Bahia San Quintin, northern Baja California, Mexico.
Pleuronichthys cornutus			X												X									X																																															X																																																								X											X							X	X																																																																																		X																																									X				Northwest Pacific:  southern Hokkaido to the Korean Peninsula, Yellow Sea, Gulf of Po-Hai and East and South China seas.
Pleuronichthys decurrens					X								X							X														X																												X																																																																																																						X																																																																																			X																				X	X					Eastern Pacific:  Prince William Sound, Alaska to Bahia San Quintin, northern  Baja California, Mexico.
Pleuronichthys japonicus			X												X																																																																																																																											X																																																																																																																																			X				Northwest Pacific:  Japan.
Pleuronichthys ocellatus					X								X																																																																																																																																																							X																																																																																																							X						Eastern Central Pacific:  Baja California, Mexico and the Gulf of California.
Pleuronichthys ritteri					X								X							X																																																																																																																																																X																																																																																			X																				X						Eastern Pacific:  Morro Bay in central California, USA to southern Baja California, Mexico.
Pleuronichthys verticalis					X								X							X																																																																																																																																																X																																																																																			X																				X						Eastern Pacific:  Point Reyes in central California, USA to southern Baja California, Mexico; isolated population in northern the Gulf of California.
Poecilopsetta albomaculata			X																							X																																																																																																																																				X																																																																																																											X								Western Indian Ocean:  Maldives.
Poecilopsetta beanii					X		X				X		X							X			X																																		X																			X									X																																																																															X																																																								X																											X												X		X	X											Western Atlantic:  New England, USA south through the Gulf of Mexico to Campeche, Mexico; off the Central American coast to northern Colombia and northern Brazil; Cuba and St. Kitts.
Poecilopsetta colorata			X												X									X		X												X																						X											X																																																								X		X	X																																																													X																											X												X																																		X	X				X			X	Indo-West Pacific:  Bay of Bengal to the South China Sea and Indonesia (Ref. 9792).
Poecilopsetta dorsialta			X																					X																																																																																																																																																																							X																																																																																	X	Western Central Pacific:  Philippines.
Poecilopsetta hawaiiensis						X																X																																																																																																						X																																																																																																																																															X						Eastern Central Pacific:  Hawaiian Islands.
Poecilopsetta inermis					X		X				X		X										X																														X																							X																																																																																																																																																				X											X														X			X										X											Western Central Atlantic:  Tobago Island and Suriname (Ref. 26912); and Belize (Ref. 41434).
Poecilopsetta macrocephala						X				X																																				X																																																																																																																																																																																																																										X									Eastern Indian Ocean:  known only from the continental slope off northwestern Australia.
Poecilopsetta multiradiata						X				X							X																																																																																																																																																															X	X																																																																																														X	X	Pacific Ocean: New Caledonia and New Zealand (Ref. 84061).
Poecilopsetta natalensis	X													X											X																																																																																																																				X																														X																											X																		X													X																																				X								Western Indian Ocean:  Kenya to Natal, South Africa.  Unconfirmed record  from Taiwan (Ref. 9792).
Poecilopsetta pectoralis						X											X																																																																																																																																																															X																																																																																																X	Western Pacific:  New Caledonia.
Poecilopsetta plinthus			X												X									X																																															X																																																																			X								X																																													X																																					X																																									X			X	Northwest Pacific:  Japan, Taiwan, and China near Hainan.  Reported from the Philippines (Ref. 11148) and South Korea (Ref. 77001).
Poecilopsetta praelonga			X			X				X					X									X		X												X								X																									X																																																										X	X																																																													X																											X										X																																				X	X				X			X	Indo-West Pacific:  Indian Ocean, Taiwan, and Timor; also from northwestern Australia (Ref. 5978).
Poecilopsetta vaynei	X													X																																																																																																																																													X																X																																																																																														X								Western Indian Ocean.  Mozambique and Madagascar.
Poecilopsetta zanzibarensis	X													X																																																																																																																																																																																																																							X																																				X								Western Indian Ocean:  Zanzibar (Tanzania) and Saya de Malha Bank.
Psammodiscus ocellatus			X			X				X														X																						X																																																																																				X																																																																																																																																						X								X	Eastern Indian Ocean:  northwestern Australia and Indonesia.
Psettichthys melanostictus					X															X														X																												X																																																																																																																																																																																									X																				X	X					Eastern and Western Pacific:  The Bering Sea coast of Alaska, near the Aleutian Islands (Ref. 27436) to the West Bering Sea and to Redondo Beach, southern California, USA.
Psettina brevirictis	X		X																					X	X	X																																																																																																					X		X	X																											X																																		X																									X																																																	X				X			X	Indo-West Pacific:  South Africa (based on a juvenile specimen), India, Celebes and possibly Hong Kong and Taiwan.
Psettina filimana			X												X																																																								X																																																																																																																																																																																																						X				Northwest Pacific:  East and South China seas.
Psettina gigantea			X			X				X					X									X																						X																																																																																				X								X																			X																																		X																																					X																																				X					X			X	Western Pacific:  southern Japan to the South China Sea.  Also known from Darwin to North West Cape, Australia (Ref. 5978); southern Indonesia (Ref. 9824); the Philippines (Ref. 9494).
Psettina hainanensis			X												X																																																								X																																																																																																																																																																																																						X				Northwest Pacific:  Hainan, China.
Psettina iijimae			X			X				X					X									X																						X																									X																																																											X								X								X																																																																																		X																						X														X					X			X	Western Pacific:  southern Japan, southern Indonesia, and northwestern Australia (Ref. 5978).  Reported from Taiwan (Ref. 5193).
Psettina profunda			X																					X																																																																																																										X																																																																																																																																						X								X	Western Central Pacific:  known only from Java, Madura Sea, and Timor Sea.
Psettina senta						X				X																																				X																																																																																																																																																																																																																										X									Eastern Indian Ocean:  Western Australia.
Psettina tosana			X												X									X																																																																																																							X											X																																																																																										X																																									X				Northwest Pacific:  Kochi Prefecture, Japan to Taiwan.
Psettina variegata			X			X				X														X																						X																																																																																	X																																																																X																																																																									X					X			X	Western Pacific:  Philippines; China Sea, vicinity Hong Kong and Western Australia.
Psettodes belcheri	X											X																		X									X															X							X			X														X	X			X															X										X					X								X	X																														X											X																	X																												X			X																						X																									X			X													Eastern Atlantic:  Mauritania (Ref. 5377) to about 14°S.
Psettodes bennettii	X																		X											X																																	X																																														X											X	X																														X											X																																													X			X																																											X				X																Eastern Atlantic:  along the west coast of Africa from West Sahara to Liberia.
Psettodes erumei	X		X			X				X				X	X				X					X	X	X					X							X								X			X	X										X											X																			X					X			X																													X		X	X	X	X						X			X							X							X		X						X								X	X													X	X			X		X						X									X			X						X	X		X										X	X	X															X					X				X										X	X				X			X	Indo-West Pacific:  Red Sea and East Africa to Japan and  Australia.
Pseudaesopia japonica			X			X									X		X							X																																															X																																																																			X							X	X																														X															X											X																										X																																									X			X	Western Pacific:  Korea and Japan to the East China Sea.  Recently reported from the Chesterfield Islands (Ref. 11897).
Pseudomancopsetta andriashevi							X	X															X						X																																									X														X																																																																																																															X																																																																				X							X			Southeast Pacific:  south coast of Chile.  Southern Ocean:  Crozet Islands and Prince Edward Island.
Pseudopleuronectes americanus					X															X																																										X																																																																																																																																																																																									X												X			X											Western Atlantic:  Labrador, Canada to Georgia, USA.
Pseudopleuronectes herzensteini			X	X											X	X								X																																															X																																																								X											X							X	X	X																																																						X																																																																				X				Northwest Pacific:  inland Sea of Japan and Wakasa Bay, the Kuril Islands, Sakhalin, Primorskii Krai, east coast of the Korean Peninsula, the Yellow Sea, Gulf of Bo Hai and middle East China Sea.
Pseudopleuronectes obscurus			X	X											X	X																																																							X																																																																			X							X	X																																																							X																																																																				X				Northwest Pacific:  northeast coast of Hokkaido, the Kuril Islands, the Sea of Okhotsk, Sakhalin, Tatar Strait, Primorskii Krai, northeast coast of the Korean Peninsula, and the Yellow Sea.
Pseudopleuronectes schrenki			X	X											X	X																																																																																																																										X							X	X	X																																																						X																																																																				X				Northwest Pacific:  southern Sea of Okhotsk and the Kuril Islands to the east coast of the Korean Peninsula and to northern Honshu, Japan.
Pseudopleuronectes yokohamae			X	X											X	X																																																							X																																																																			X							X	X																																																							X																																																																				X				Northwest Pacific:  southern Hokkaido, Japan to the Yellow Sea, the Gulf of Bo Hai, and the northern part of the East China Sea, including Korea (Ref. 4537).
Pseudorhombus annulatus			X																												X																																																																																																																																																										X																																																																																X								Western Indian Ocean:  off Muscat, Oman.
Pseudorhombus argus			X			X				X														X																						X																																																																																				X																											X																																X		X																																																																									X								X	Indo-West Pacific:  Indo-Australian Archipelago.
Pseudorhombus arsius	X		X			X				X				X	X		X	X						X	X	X					X							X								X			X	X										X											X																			X												X																									X		X	X		X						X			X							X							X		X								X						X	X				X								X	X				X		X						X					X				X			X		X				X	X		X										X	X	X															X					X										X				X	X				X			X	Indo-West Pacific:  Persian Gulf and east coast of Africa (south to Algoa Bay and perhaps to Knysna, South Africa) to Fiji, north to southern Japan, south to the northern coast of Australia.
Pseudorhombus binii							X																X																																																																																																																																																																							X																																																																																X			Southeast Pacific:  Peru.
Pseudorhombus cinnamoneus			X												X									X																																															X																																																								X			X								X								X											X																																		X																																					X																																									X			X	Western Pacific:  South China Sea north to China and Japan (Ref. 9774); also from the Philippines (Ref. 4537).
Pseudorhombus ctenosquamis			X												X																																																																																																																																																																																																																					X																																									X				Northwest Pacific:  Taiwan.
Pseudorhombus diplospilus			X			X				X														X																						X																																																																																				X																											X																																X		X																																																																									X								X	Western Pacific:  South China Sea to the Indo-Australian Archipelago (including Western Australia).
Pseudorhombus dupliciocellatus			X			X				X					X									X		X												X								X														X											X																																																								X		X	X								X																																																					X																																					X		X																																		X					X			X	Indo-West Pacific:  Nicobar Islands and throughout most of the Indo-Australian Archipelago, north to southern Japan (Ref. 9774).
Pseudorhombus elevatus	X		X			X				X				X	X				X					X	X	X					X							X								X			X	X										X								X			X						X													X					X			X																															X	X	X	X			X				X									X									X	X														X													X	X			X								X	X								X			X						X	X		X					X					X		X															X									X						X				X	X				X			X	Indian Ocean:  throughout the region including the Red Sea and Persian Gulf;  south to Algoa Bay in South Africa (Ref. 4417).  Western Pacific:  Taiwan southward to New Guinea and extending to the northeastern coast of Australia.
Pseudorhombus javanicus			X												X									X		X					X																		X											X											X																																																								X		X	X		X																X									X															X																			X						X									X												X												X															X					X														X	X				X			X	Indo-West Pacific:  Persian Gulf and off India (from Bombay southward to Sri Lanka) eastward to western New Guinea and southern China (Ref. 9774).
Pseudorhombus jenynsii						X				X																																				X																																																																																																																																																																																																																										X							X	X	Indo-West Pacific:  most coasts of  Australia.
Pseudorhombus levisquamis			X												X									X																																															X																																																								X											X																																																																																										X																						X																			X			X	Western Pacific:  Kochi Prefecture, Japan to the South China Sea.
Pseudorhombus malayanus			X												X									X		X					X																		X											X											X																																																								X		X	X	X																	X									X																												X						X						X									X												X												X															X					X														X	X				X			X	Indo-West Pacific:  Persian Gulf east to India; throughout the Malay Peninsula to the Philippines and Indonesia.
Pseudorhombus megalops			X			X				X														X																						X																																																																																				X																																																													X																																																																									X								X	Western Central Pacific:  Philippines, Indonesia and Australia.
Pseudorhombus micrognathus			X																					X		X																																																																																																							X																																																														X																																																																									X								X	Indo-West Pacific:  India and the Philippines.
Pseudorhombus natalensis	X		X																						X	X																																																																																																							X																																																																																							X																																																	X								Western Indian Ocean:  known only from Natal, South Africa and southwest India, but probably more widely distributed.
Pseudorhombus neglectus			X												X									X																																															X																																																											X																											X																																		X																				X																	X																						X														X					X			X	Indo-West Pacific:  east Indian Ocean, throughout the Indo-Australian Archipelago to the South China Sea (Ref. 9774); recorded from the  Philippines and Indonesia.
Pseudorhombus oculocirris			X												X																																																																																																																											X								X																																																																																																																											X				Northwest Pacific:  Japan (Ref. 559) and South Korea (Ref. 77001).
Pseudorhombus oligodon			X												X									X																																															X																																																								X											X																																																					X											X																										X		X																				X																			X			X	Northwest Pacific:  southern Japan to the South China Sea.
Pseudorhombus pentophthalmus			X												X									X																																															X																																																								X			X								X							X	X											X																																		X											X																										X																						X																			X			X	Western Pacific:  Japan, Korea, and Indo-China.
Pseudorhombus quinquocellatus			X			X				X					X									X																						X														X											X																																																								X			X																											X																																		X																																					X		X																																		X					X			X	Western Pacific:  Taiwan and the South China Sea to Australia (Darwin to North West Cape).
Pseudorhombus russellii			X																					X																																																																																																																																																																							X																																																																																	X	Western Central Pacific:  Bulan, Sorsogon, Philippines.
Pseudorhombus spinosus						X				X																																				X																																																																																																																																															X																																																																											X								X	Western Pacific:  Western Australia to southern Queensland.
Pseudorhombus tenuirastrum						X				X																																				X																																																																																																																																																																																																																																	X	X	Southwest Pacific:  southeastern Australia northward to southern Queensland.
Pseudorhombus triocellatus			X			X				X														X		X					X															X																																																																																			X	X																											X															X													X																																	X												X																																		X	X							X	Indo-West Pacific:  India and Sri Lanka to western Thailand, Sumatra and the southern islands of Indonesia, and northwestern Australia.
Reinhardtius hippoglossoides			X	X	X								X		X	X				X	X											X		X																												X																																						X															X													X					X					X																										X																			X																		X																								X															X							X								X			X	X								X	X	X				Circumglobal: In arctic and temperate waters; northern hemisphere.  Sea of Japan off Honshu north to Shishmaref, Alaska in the Chukchi Sea, throughout the Aleutian Islands, and southeast to northern Baja California, Mexico.  North Atlantic:  New Jersey, USA to Spitsbergen (Svalbard Islands) and the Barents Sea south to Ireland.  Northwest Atlantic:  Canada (Ref. 5951).
Rendahlia jaubertensis						X				X																																				X																																																																																																																																																																																																																										X									Western Central Pacific.
Rhinosolea microlepidota			X												X																																																																																																																											X																																																																X																																																																			X				Northwest Pacific:  Ryukyu Islands.
Rhombosolea leporina						X				X																																																																																																																																																																							X																																																																																														X		Southwest Pacific:  around New Zealand only.
Rhombosolea plebeia						X				X																																																																																																																																																																							X																																																																																														X		Southwest Pacific:  New Zealand.
Rhombosolea retiaria						X				X																																																																																																																																																																							X																																																																																														X		Southwest Pacific:  endemic to New Zealand.
Rhombosolea tapirina						X				X																																				X																																																																																																																																			X																																																																																							X							X		Eastern Indian Ocean and Southwest Pacific:  south coast of Australia; New Zealand (Ref. 5755).
Samaretta perexilis						X																X																																																																																																																																																																																																																						X																															X						Southeastern Pacific: submarine mountains, Tuamotu Archipelago.
Samaris chesterfieldensis						X											X																																																																																																																																																															X																																																																																																X	Western Pacific:  Chesterfield and Bellona plateaus.
Samaris costae	X													X																																																																																																																																																																																								X																																																																			X								Western Indian Ocean:  near Réunion Island.
Samaris cristatus	X		X			X				X				X	X		X							X	X	X					X							X								X														X											X																																																								X		X	X								X	X		X																X														X					X													X		X																								X	X		X										X	X	X																				X														X	X				X			X	Indo-West Pacific:  Red Sea, East Africa to New Caledonia, north to Japan and south to Australia.
Samaris macrolepis	X		X			X											X							X	X																																																																																																																																																			X				X																																								X																																																X	X							X	Indian Ocean:  Kosi Bay, South Africa (Ref. 11228) and Gulf of Martaban, Myanmar.  Recently reported from the Chesterfield Islands (Ref. 11897).
Samaris spinea						X											X																																																																																																																																																															X																																																																																																X	Western Pacific:  New Caledonia, Bellona Plateau, Fairway Ridge and Chesterfield Plateau.
Samariscus corallinus						X																X																																																																																																						X																																																																																																																																															X						Eastern Central Pacific:  Hawaiian Islands.
Samariscus desoutterae	X													X																																																																																																																																													X																																																																																																														X								Western Indian Ocean:  off Madagascar.
Samariscus filipectoralis			X												X																																																								X																																																																																																																																																													X																																									X				Western Pacific:  South China Sea.
Samariscus hexaradiatus						X											X																																																																																																																																																																																																					X																																																										X	Western Central Pacific: Solomon Is.
Samariscus huysmani			X												X									X																																															X																																																								X			X																																										X																			X																																																																									X					X			X	Indo-West Pacific:  Myanmar and Indonesia.  Also from China Main (Ref. 31075), Hong Kong (Ref. 33837), and the Philippines (Ref. 9494).
Samariscus japonicus			X												X																																																																																																																											X																																																																																																																																			X				Northwest Pacific:  Japan.
Samariscus latus			X			X									X		X																																																						X																																																																			X																																						X																																																				X																																									X			X	Western Pacific:  Japan and Taiwan.  Recently reported from the Chesterfield Islands (Ref. 11897).
Samariscus longimanus			X												X									X		X																																																																																																							X																																																														X																											X										X																																				X	X				X			X	Indo-West Pacific:  India, Sri Lanka, Taiwan (Ref. 33837), and the Philippines (Ref. 9494).
Samariscus luzonensis			X																					X																																																																																																																																																																							X																																																																																	X	Western Pacific:  west coast of Luzon, Philippines.
Samariscus macrognathus			X																					X																																																																																																																																																																							X																																																																																	X	Western Pacific:  west coast of Luzon, Philippines.
Samariscus maculatus			X																					X		X																																																																																																								X																												X																																																																																																											X							X	Indo-West Pacific:  Maldives and the Kei Islands, Indonesia.
Samariscus multiradiatus						X											X																																																																																																																																																															X																																																																																																X	Western Pacific:  New Caledonia.
Samariscus neocaledonia						X											X																																																																																																																																																															X																																																																																																X	Pacific Ocean: New Caledonia. Known only from off New Caledonia, the western tropical Pacific Ocean, at 244–278 m depth (Ref. 88936).
Samariscus nielseni	X					X				X				X											X																																																																																																																																		X																																		X																											X																																																	X							X	Indo-West Pacific:  South Africa, Madagascar and Madang, Papua New Guinea.
Samariscus sunieri			X																					X																																																																																																										X																																																																																																																																														X	Southwest Pacific:  Bali, Indonesia.
Samariscus triocellatus	X		X			X				X				X	X		X	X				X		X	X	X											X									X																						X				X																														X				X																		X						X								X						X														X		X					X						X					X											X		X		X	X												X					X							X												X			X		X																															X	X		X		X			X	Indo-Pacific:  East Africa to the Hawaiian and Society islands.
Samariscus xenicus			X												X																																																																																																																											X																																																																																																																																			X				Northwest Pacific:  known only from Kochi, Japan.
Scophthalmus aquosus					X															X																																										X																																																																																																																																																																																									X												X			X											Western Atlantic:  Gulf of St. Lawrence in Canada to northern Florida in USA.
Scophthalmus maeoticus			X	X												X												X			X																												X																																																			X																																																																																										X	X																																					X						X																						X							Europe:  Black Sea.
Scophthalmus maximus	X		X	X		X				X						X			X		X							X			X	X				X																X				X			X																								X					X											X				X	X							X		X	X														X					X	X		X													X	X			X						X								X			X					X		X						X										X	X							X							X				X					X									X	X										X	X		X				X													X	X								X					X		Northeast Atlantic:  throughout the Mediterranean and along the European coasts to Arctic Circle; also found in most of the Baltic Sea.  Subspecies <i>Psetta maxima maeotica</i> in the Black Sea.
Scophthalmus rhombus	X		X	X												X			X		X							X			X	X			X	X																X				X			X										X														X				X	X							X					X			X	X						X	X		X	X														X					X	X	X	X													X	X		X	X						X								X			X					X								X										X	X						X	X							X				X					X									X	X										X	X		X	X	X	X	X													X	X								X							Eastern Atlantic:  68°N to Morocco.  Reported from Iceland (Ref. 12462). Also known throughout the Mediterranean and Black Sea.
Solea aegyptiaca	X		X	X															X									X			X																																																																X																																									X														X																																																																																							X																													X							Mediterranean Sea:  Tunisia to Egypt, Suez Canal, southern extremity of the Adriatic Sea.  Recorded from Lake Quarum in Egypt.  Often confused with the sympatric <i>Solea vulgaris</i> Quensel 1806, a junior synonym of <i>Solea solea</i> (Linnaeus, 1758).
Solea capensis	X																								X																																																																																																																																																																																															X																																												X													Eastern Atlantic:  off South Africa.  Recorded only once at Pointe Noire.
Solea elongata	X		X											X					X							X					X																		X																																														X																																		X		X	X																X																																					X												X									X									X			X																											X																			X	X								Western Indian Ocean:  Red Sea and Persian Gulf to the west and east coast of India and Sri Lanka.
Solea heinii			X																							X					X																																																																																																		X																																																									X																																																																				X										X	X								Indian Ocean.
Solea ovata			X												X									X		X																																													X																																																								X		X	X																																																								X					X																																					X		X																				X														X	X				X			X	Indo-Pacific:  including the northern China Sea, Gulf of Thailand, the Philippines and southward to Indonesia, but apparently not to New Guinea and Australia; westward to Pakistan.
Solea senegalensis	X		X	X								X							X									X		X	X	X				X			X																																																																	X																	X																																									X								X																								X													X										X																				X	X															X				X	X		X						X							Eastern Atlantic:  Mainly Central Atlantic (from France to Angola).  Western Mediterranean:  Herculean migrant (entered the Mediterranean via Gibraltar) (Ref. 43448).
Solea solea	X		X	X												X			X		X							X		X	X	X			X	X																X				X								X																			X				X	X							X								X	X							X		X	X																			X	X		X													X				X			X			X			X								X					X								X										X	X						X	X						X	X				X					X									X	X										X	X		X	X												X				X	X								X							Eastern Atlantic:  southward from Trondheim Fjord (including North Sea and western Baltic) and Mediterranean Sea (including Sea of Marmara, Bosporus and southwestern Black Sea) (Ref. 4710). Elsewhere, southward to Senegal (Ref. 4710), including Cape Verde (Ref. 5304).
Solea stanalandi			X																												X																		X																																																																																																			X																																					X												X									X																																							X																				X								Western Indian Ocean:  Persian Gulf, Saudi Arabia, Half Moon Bay (near Dhahran).
Solea turbynei	X													X											X																																																																																																																																																		X																																													X													X																																				X								Western Indian Ocean:  South and East Africa, from about Cape Town, South Africa to Tanzania.
Soleichthys dori	X		X											X																	X																																																																			X																																					X																																																																																																																																		X								Red Sea: Gulf of Aqaba and Dahlak Archipelago (Ref. 79000).
Soleichthys heterorhinos			X			X				X					X		X	X				X		X		X											X	X								X														X																																										X																X											X	X								X																						X					X											X											X		X		X											X		X																								X			X		X																	X														X	X		X		X		X	X	Eastern Indian Ocean and Western Pacific:  India to Samoa, north to southern Japan, south to New South Wales, Australia.
Soleichthys maculosus						X				X																																				X																																																																																																																																																																																																																																		X	Western Pacific:  Australia.
Soleichthys microcephalus						X				X																																				X																																																																																																																																																																																																																																	X		Southwest Pacific:  warm-temperate New South Wales, Australia.
Soleichthys oculofasciatus						X				X																																				X																																																																																																																																																																																																																																		X	Western Pacific:  Australia.
Soleichthys serpenpellis						X				X																																				X																																																																																																																																																																																																																										X								X	Eastern Indian Ocean to Western Pacific:  Australia.
Soleichthys siammakuti			X																					X																																																																																																																																																																																																														X																																										X	Western Pacific:  Gulf of Thailand.
Soleichthys tubiferus	X													X																																																																																																																																																					X																																			X																																																																			X								Western Indian Ocean:  Reunion and Mauritius.
Syacium guineense	X											X							X						X					X									X															X							X			X														X	X			X															X										X		X			X								X	X																														X											X											X						X																										X		X			X																						X																					X				X			X													Eastern Atlantic:  off Mauritania and Western Sahara to Walvis Bay, Namibia (Ref. 4417, 11228).
Syacium gunteri					X		X				X		X							X			X																	X		X		X							X																X									X									X	X					X	X													X											X	X					X	X														X																								X			X					X																											X																								X	X	X		X											X				X								X		X		X	X									X	X											Western Atlantic:  northeastern Florida (USA), Gulf of  Mexico, and the Antilles to Guyana.
Syacium latifrons					X		X						X										X																																																					X					X													X		X												X											X							X																																						X														X										X		X																																																																													X			X			Eastern Pacific:  Gulf of California to Peru.
Syacium longidorsale							X																X																																																					X																		X																																																																																																																																																																																X			Eastern Pacific:  Ecuador.  Also reported from Colombia (Ref. 10878).
Syacium maculiferum					X		X						X										X																																																																																					X																																																																																X																																																																															X			X			Eastern Central Pacific:  Panama (Ref. 9330) and Galápagos (Ref. 93094).
Syacium micrurum					X		X				X		X							X			X																					X									X				X					X														X									X	X																			X																	X															X																																									X																		X																									X			X											X												X		X										X		X	X											Western Atlantic:  Canada (Ref. 5951) to Florida, USA to São Paulo, Brazil.  Records of <i>Syacium micrurum</i> from the eastern Atlantic refer to <i>Syacium guineensis</i>.
Syacium ovale					X		X						X										X																																																					X					X													X		X																							X							X																																						X														X										X		X																																																																													X			X			Eastern Pacific:  Mexico to Peru.
Syacium papillosum	X				X		X				X		X							X			X				X																	X	X								X				X																			X									X	X																			X																	X																																										X														X																																														X											X												X		X										X	X	X	X											Western Atlantic:  North Carolina, USA and northern Gulf of Mexico to Brazil.  Eastern Atlantic:  Ascension Island (Ref. 26340).
Symphurus arawak					X		X				X		X							X			X																	X		X		X				X			X		X														X									X									X	X					X	X																								X	X						X			X											X																								X								X																											X																								X	X	X													X				X								X				X	X										X											Western Atlantic:  Florida, USA and Bahamas to Curaçao and Colombia.
Symphurus atramentatus					X		X						X										X																																																					X					X													X		X												X											X							X																																						X														X										X		X																																																																													X			X			Eastern Pacific:  Gulf of California and Bahía Magdalena, Mexico to Peru, including the Galapagos Islands (Ref. 9294).
Symphurus atricauda					X								X							X																																																																																																																																																X																																																																																			X																				X	X					Eastern Central Pacific:  California, USA to the Gulf of California.
Symphurus bathyspilus			X																					X																																																																																																										X																																																													X																																																																																	X	Western Central Pacific:  Philippines and southern Indonesia.
Symphurus billykrietei					X															X																																																																																																																																																																																																																																			X												X														Northwest Atlantic:  off southern Nova Scotia and southward along the continental shelf of US to about Cape Hatteras, North Carolina.
Symphurus brachycephalus			X																					X																																																																																																																																																																																																																																		X																						X	Western Pacific: Vietnam.
Symphurus callopterus					X		X						X										X																																																					X					X													X		X																							X							X																																						X														X										X		X																																																																													X			X			Eastern Pacific:  Mexico to Peru.
Symphurus caribbeanus					X		X				X		X										X																																																					X									X																																						X																																																			X				X										X								X																																																																		X											Western Atlantic:  widespread in the Caribbean Sea, along coastal margins of Central and northern Sout America and off islands fringing the Caribbean; including St. Martin and Cuba.
Symphurus chabanaudi					X		X						X										X																																																					X					X													X		X																							X							X																																						X														X										X		X																																																																													X			X			Eastern Pacific:  Gulf of California to Peru.
Symphurus civitatum					X		X				X		X							X			X																																X																																																																																																													X																																																																																		X	X												X		X	X											Northwestern Atlantic:  North Carolina (Cape Hatteras) to the Yucatan Peninsula, Mexico.
Symphurus diabolicus							X																X																																																																							X														X																																																																																																																																																																		X			Southeast Pacific:  known from a single specimen taken west of 0°46'S, 89°42'W.  Reported occurrences from the Ecuador-Galapagos islands (Ref. 5515, 46892, 38732).
Symphurus diomedeanus					X		X				X		X							X			X																	X		X		X							X		X				X					X					X									X					X				X	X					X	X													X											X	X		X			X	X			X											X																								X			X					X									X										X								X																								X	X	X		X											X				X								X		X		X	X							X		X	X											Western Atlantic:  Canada (Ref. 5951) to north of Cape Hatteras, North Carolina through the Gulf of Mexico and the Caribbean Sea, inner continental shelf of South America to about Isla de Flores, Uruguay.
Symphurus elongatus					X		X						X										X																																																					X					X													X		X																							X							X																																						X														X										X																																																																															X			X			Eastern Central Pacific:  Mexico to Ecuador.
Symphurus fasciolaris					X								X																																																																				X															X																							X							X																																						X														X										X																																																																															X						Eastern Central Pacific:  Bahía Magdalena, Mexico and the Gulf of California to Panama.
Symphurus gilesii			X																					X																																																																																																										X																																																													X																																																																																	X	Western Central Pacific.  Also known from the Bay of Bengal (Ref. 4900).
Symphurus ginsburgi							X																X																																		X																																																																																																																																																																																													X															X												Southwest Atlantic:  southeastern Brazil to Maldonado, Uruguay.
Symphurus gorgonae					X		X						X										X																																																					X					X													X		X																							X							X																																						X														X										X																																																																															X			X			Eastern Pacific:  Mexico to Ecuador.
Symphurus holothuriae						X				X																																				X																																																																																																																																																																																																																										X									Eastern Indian Ocean: NW Australia.
Symphurus hondoensis			X												X																																																																																																																											X																																																																X																																																																			X				Northwest Pacific:  probably endemic to deep waters off the southern Japanese Archipelago.
Symphurus hongae			X												X																																																																																																																																																																																																																					X																																									X				Northwestern Pacific: Taiwan.
Symphurus insularis	X			X																										X		X															X																X	X																																																																																												X																																																			X																																																		X	X															Eastern Atlantic:  Azores, Madeira, Canary, Cape Verde Islands and Senegal.
Symphurus jenynsi							X																X																				X														X																																																																																																																																																																																													X															X												Southwest Atlantic:  southeastern Brazil to about El Rincon, central Argentina.
Symphurus kyaropterygium							X																X																																		X																																																																																																																																																																																																												X												Southwest Atlantic:  off Brazil from Baia da Ilha Grande to Rio Grande do Sul.
Symphurus leeorum					X								X																																																																				X															X																							X							X																																						X														X										X																																																																															X						Eastern Central Pacific:  Gulf of California to Panama.
Symphurus leptosomus			X																					X																																																																																																																																																																							X																																																																																	X	Western Pacific: the Philippines.
Symphurus leucochilus			X												X																																																																																																																											X																																																																																										X																																									X				Northwest Pacific:  Japan and Taiwan.
Symphurus ligulatus	X			X								X																X		X									X															X							X																	X	X			X															X										X		X			X								X	X															X															X											X																	X																												X			X							X															X																									X	X		X						X							Eastern Atlantic:  Cap Juby, Mauritania to Angola.
Symphurus longirostris			X												X																																																																																																																											X																																																																																																																																			X				Northwest Pacific: Japan.
Symphurus lubbocki	X																										X																		X																																																																																																																																																																																																																							X													Southeast Atlantic:  Ascension Island.
Symphurus luzonensis			X																					X																																																																																																																																																																							X																																																																																	X	Western Central Pacific:  Philippines.
Symphurus maculopinnis						X																X																																																																																																																																																																																																																			X																																							X	Western Pacific:  Tonga Arc, Volcano-19. Tunnicliffe <i>et al.</i>, 2010 (Ref. 88005) indicated that this species was also observed at shallower depths (between 195-381 m) at a second, nearby site (Volcano-1). However, re-examination of photographs indicates that the individuals upon which these observations were based can not be positively identified. Thus, reported occurrences of <i>S. maculopinnis</i> both at Volcano-1 and at these shallower depths is tenuous (Ref. 87974).
Symphurus maldivensis			X																							X																																																																																																																																				X																																																																																																											X								Western Indian Ocean:  known only from the holotype taken from the Maldives.
Symphurus marginatus					X		X				X		X							X			X																									X									X																			X																													X																					X																																																																						X																												X											X												X		X										X		X	X											Western Atlantic:  off New Jersey southward along eastern United States, Gulf of Mexico, off the Bahamas, the Greater Antilles at Puerto Rico, throughout southern Caribbean Sea from Honduras to Venezuela, and from Trinidad and Tobago to southeastern Brazil.
Symphurus marmoratus			X			X																X		X		X																																																																																																		X																																		X																																	X																																																																										X		X					X	Indo-Pacific:  collected from Jolo Island, Philippines (Ref. 311), near Maldives,  Saya de Malha Bank and Hawaiian Islands (Ref. 26165).
Symphurus megasomus			X												X																																																																																																																																																																																																																					X																																									X				Northwest Pacific:  Taiwan.
Symphurus melanurus					X		X						X										X																																																					X					X													X		X																							X							X																																						X														X										X		X																																																																													X			X			Eastern Pacific:  Mexico to Ecuador.  The Seychelles record in Smith & Smith 1963 (Ref. 1623) was based on the type specimen of <i>Symphurus seychellensis</i> which was previously recorded as coming from Seychelles; the correct type locality for the species is northern Peru (Ref. 26282).
Symphurus melasmatotheca					X		X						X										X																																																										X															X																							X							X																																						X														X										X		X																																																																													X			X			Eastern Pacific:  Mexico to Panama.  Recorded from Peru (Ref. 10739).
Symphurus microlepis					X								X																																																																																																																																																																															X																																																																															X						Eastern Central Pacific:  known from a single specimen from the Gulf of Panama.
Symphurus microrhynchus			X																					X																																																																																																										X																																																																																																																																														X	Western Pacific Ocean: Indonesia.
Symphurus minor					X		X													X			X																																							X																																											X																																																																																																																																														X												X			X											Western Atlantic:  North Carolina to Palm Beach in Florida, USA; also Gulf Coast of Florida.  Also recorded from Nova Scotia, Canada (Ref. 26268) and French Guiana (Ref. 27233).
Symphurus monostigmus	X																								X																																																																																																																																																																																															X																																																	X								Western Indian Ocean:  South Africa.
Symphurus nebulosus					X															X																																																																																																																																																																																																																																			X												X			X											Western Atlantic:  New York to Florida in USA.
Symphurus nigrescens	X		X	X								X							X								X	X		X	X	X				X			X						X																																																											X										X																						X																										X																																																							X		X								X											X																			X	X		X						X							Eastern Atlantic:  Mediterranean, Azores, North Spain to Angola, St. Helena and Ascension Is.
Symphurus normani	X											X													X														X																																							X	X																																																																																														X																																																																																				X			X													Eastern Atlantic:  Gulf of Guinea (Ref. 2683) to Angola.  Reported from northern Namibia (Ref. 27121).
Symphurus novemfasciatus			X												X																																																																																																																																																																																																																					X																																									X				Northwest Pacific:  Taiwan.
Symphurus ocellaris					X								X																																																																																																																																																																															X																																																																															X						Eastern Central Pacific:  Panama.
Symphurus ocellatus	X													X											X																																																																																																																																																		X																											X																		X																																																	X								Western Indian Ocean:  known only from Mozambique to Durban, South Africa.
Symphurus oculellus							X																X																																		X																																																X																	X																																																																																																						X																																					X	X											Western  Atlantic:  Guyana to NE Brazil.
Symphurus oligomerus					X		X						X										X																																																					X					X													X		X																							X							X																																						X														X										X		X																																																																													X			X			Eastern Pacific:  Gulf of California to Peru.
Symphurus ommaspilus					X						X		X																																			X					X																																X	X																																																																																																														X																																																								X										X											Western Central Atlantic:  Widespread through insular regions of the Caribbean Sea, including Glover's Reef, St. Eustatius, St. Barthelemy, and the French West Indies.  Rarely captured along the continental margins of the Caribbean.
Symphurus orientalis			X			X									X		X							X																																															X																															X																									X			X								X								X																																																																																		X																																									X			X	Northwest Pacific:  Suruga Bay, Japan to the Yellow and East China seas. Western Central Pacific.
Symphurus parvus					X		X				X		X							X			X																														X																							X																																																		X																																						X														X										X																																															X												X		X										X			X											Western Atlantic:  North Carolina and northern Gulf of Mexico in USA to Yucatan.
Symphurus pelicanus					X		X				X		X							X			X																																																					X																																																		X																																						X																								X																																															X												X															X											Western Atlantic: Straits of Florida in the eastern Gulf of Mexico but most common west and south of Mississippi Delta on the inner continental shelf to Guyana.
Symphurus piger					X		X				X		X							X			X																	X								X					X																							X									X																				X																	X				X											X																											X																								X								X																								X				X											X												X				X											X											Western Atlantic:  southern Florida, USA to the Lesser Antilles.
Symphurus plagiusa					X		X				X		X							X			X																	X		X		X				X			X		X				X										X														X				X	X					X	X																								X	X						X														X																								X			X					X																											X																								X	X	X													X				X								X				X	X							X		X	X											Western Atlantic:  New York south through the Florida Keys (USA), through the northern Gulf of Mexico to the Campeche Peninsula, Mexico, the Bahamas, and Cuba.
Symphurus plagusia					X		X				X		X										X																			X		X							X		X				X																			X					X				X	X					X	X													X											X						X	X			X											X																																									X										X								X																								X	X	X		X											X											X			X												X	X											Western Atlantic:  Puerto Rico, Cuba and Hispaniola but unknown from the Bahamas.  Continental margin of Central America (Belize, Nicaragua, Costa Rica and Panama) to South America (Colombia, Guyana, suriname, Tobago and Brazil (Rio de Janeiro).
Symphurus polylepis						X				X																																																																																																																																																																																			X																																																																																			X	Western Pacific: Papua New Guinea.
Symphurus prolatinaris					X		X						X										X																																																					X					X													X		X																							X							X																																						X														X										X		X																																																																													X			X			Eastern Central Pacific:  Mexico to Peru.
Symphurus pusillus					X															X																																																																																																																																																																																																																																			X												X			X											Northwestern Atlantic:  east coast of the United States, from off Long I., New York, south to Florida and to the eastern Gulf of Mexico, westward to deSoto Submarine Canyon; common on the continental shelf between Cape Hatteras and southern Florida.
Symphurus regani			X																					X																																																																																																										X																																																													X																																																																																	X	Western Central Pacific:  Flores Sea (Indonesia).  Also collected from the Philippines (Ref. 9494).
Symphurus reticulatus	X																										X			X																																																																																																																														X																																																															X																																						X			X													Eastern Atlantic:  Madeira and St. Helena Island.
Symphurus rhytisma					X		X				X		X										X																									X					X				X																													X																																																																																																																																																																															X	X											Western Central Atlantic:  off Grand Bahama Island, Bahamas and from Curaçao (Ref. 5521); also from Belize and Brazil (Ref. 26268).
Symphurus robustus			X												X																																																																																																																											X																																																																																																																																			X				Norhwest Pacific: Japan.
Symphurus septemstriatus			X																					X		X												X																																																																																																																																																									X																											X																																														X								X	Indo-West Pacific:  Sri Lanka.  Also reported from the Philippines (Ref. 9494).
Symphurus stigmosus					X						X		X							X																												X																																											X																																																																									X														X																																																																					X															X											Western Central Atlantic:  Gulf Stream and Straits of Florida and Caribbean Sea.
Symphurus strictus	X		X			X								X	X							X		X		X																																																																																																		X														X																				X													X																				X																																					X																																					X		X		X			X	Indo-Pacific:  off Delagoa Bay (Mozambique), Maldives (Ref. 26165), Japan, Philippines (Ref. 9494), and Hawaii.
Symphurus tessellatus					X		X				X		X										X																				X										X				X																			X									X							X													X																	X	X			X											X																																									X										X								X																												X											X											X			X												X	X											Western Atlantic:  Caribbean (Cuba, Hispaniola and Puerto Rico), south to Uruguay.
Symphurus thermophilus			X			X				X					X																																																																																																																											X					X																																		X																																																																																												X		X		Pacific: an endemic species in the western Pacific Ocean collected at several active hydrothermal vent sites with a disjunct distribution over a wide geographic range from Kaikata Seamount (26°42.30'N, 141°04.70'E; near Bonin Island, off southeastern Japan) to the Rumble 3 Submarine Volcano (35°44'S, 178°72-79'W) on the Kermadec Ridge, northern New Zealand (Ref. 78522).
Symphurus trewavasae							X																X																				X														X																																																																																																																																																																																													X															X												Southwest Atlantic:  southeastern Brazil to central Argentina.
Symphurus trifasciatus			X																							X																																																																																																							X																																																																																									X																																														X	X								Indian Ocean:  Gulf of Oman, Bay of Bengal off Madras Coast, off west coast of India, Gulf of Manaár, and off Ceylon (Sri Lanka).
Symphurus undatus			X			X																X		X																																																																																																				X																																																																			X																																																																												X					X	Western Central Pacific:  Philippines.  Eastern Central Pacific:  off Hawaii.
Symphurus undecimplerus					X		X						X										X																																																					X					X													X		X																							X							X																																						X														X										X		X																																																																													X			X			Eastern Pacific:  Mexico to Peru.
Symphurus urospilus					X						X		X							X																																																																	X																																																																															X																																																																																			X															X											Western Atlantic:  North Carolina, USA through the Gulf of Mexico to the Campeche Bank region off the Yucatan Peninsula, Mexico.  Single record from Cuba.
Symphurus vanmelleae	X											X																		X									X																																																																																																																																																																								X																																																		X			X													Eastern Central Atlantic:  off West Africa, mainly extending from 2°N to 12°S.  A record from 14°49'N, 17°43'W (IOS 10873), represents a northwesterly range extension.
Symphurus variegatus	X																								X																																																																																																																																																																																															X																																												X													Southeast Atlantic:  known only from off East London, South Africa.
Symphurus varius							X																X																																																			X																																		X																																																																																																																																																															X			X			Eastern Pacific:  Cocos and the Galapagos islands.
Symphurus williamsi					X		X						X										X																																																					X					X													X		X																							X							X																																						X														X										X		X																																																																													X			X			Eastern Pacific:  Gulf of California to Peru.
Symphurus woodmasoni			X																					X														X																																																																																																																																																									X																																																																									X								X	Eastern Indian Ocean:  Andaman Islands.  Reported from the Philippines (Ref. 11790).
Synaptura albomaculata			X																					X		X																								X																																																																															X																																											X																																																																																												X									Indian Ocean:  east coast of India, Bangladesh and Myanmar.
Synaptura cadenati	X											X																		X																																																X																															X											X	X																																									X																	X																												X																																																		X																Eastern Central Atlantic:  Dakar, Senegal to the Gulf of Guinea and Pointe-Noire, Congo (Ref. 5304).  Reported from Mauritania (Ref. 55783).
Synaptura commersonnii	X		X											X										X		X																																																																																																							X	X																																	X																							X																							X						X			X												X																																		X	X							X	Indo-West Pacific:  Red Sea to the Persian Gulf, west coast of India and Sri Lanka; also off Mauritius and Seychelles.  Also east coast of India to the Malay Archipelago.
Synaptura marginata	X		X											X	X									X	X					X																																																																																																				X								X																																	X																				X											X											X			X												X																																X					X				X			X	Indo-West Pacific:  Mozambique Channel to Natal, South Africa.  Also known from Japan (Ref. 3200) and the Philippines (Ref. 9494).
Synaptura megalepidoura			X																					X																																																																																																																																																																							X																																																																																	X	Western Central Pacific:  collected off the east coast of Leyte, Philippines.
Synapturichthys kleinii	X		X	X								X							X						X			X			X	X				X																																										X																										X										X																						X																							X																																																									X	X																					X																			X			X					X	X							Eastern Atlantic and Western Indian Ocean:  Mediterranean south to Durban, South Africa.
Synclidopus macleayanus						X				X																																				X																																																																																																												X																																																																																																																					X	X	Western Pacific:  eastern Australia.
Taeniopsetta ocellata	X		X			X				X				X	X		X							X									X																																																																																														X											X																																						X													X		X																																						X																																				X				X			X	Indo-West Pacific:  including Japan.
Taeniopsetta radula						X																X																																																																																																						X																																																																																																																																															X						Eastern Central Pacific:  Hawaiian Islands.
Tanakius kitaharae			X												X																																																								X																																																																			X							X	X																																																																																		X																																									X				Northwest Pacific:  Southern Hokkaido, Japan to the Yellow Sea, Gulf of Bo Hai, East China Sea and Taiwan.
Taratretis derwentensis						X				X																																				X																																																																																																																																																																																																																										X							X		Southwest Pacific:  from Bermagui, New South Wales to western side of Spencer Gulf, South Australia and Tasmania.
Tarphops elegans			X												X																																																																																																																											X								X																																																																																																																											X				Northwest Pacific:  Japan (Ref. 559) and South Korea (Ref. 77001).
Tarphops oligolepis			X												X									X																																															X																																																								X											X								X																																																																																		X																																									X				Northwest Pacific:  Japan to Taiwan.
Tephrinectes sinensis			X												X									X																																															X																																																								X																																																																																																					X																						X																			X				Western Pacific:  China to Taiwan.
Thysanopsetta naresi							X																X				X																X																											X																															X																																																																																																																																																																X									X			Southeast Pacific:  Chile, from Mocha Island to southern Chile, including the Strait of Magellan.  Southwest Atlantic:  Patagonian Falkland region.
Tosarhombus brevis						X											X																																																																																																																																																															X																																																																																																X	Western Pacific:  New Caledonia.
Tosarhombus longimanus						X											X																																																																																																																																																															X																																																																																																X	Western Pacific:  Chesterfield and Bellona plateaus.
Tosarhombus neocaledonicus						X											X																																																																																																																																																															X																																																																																																X	Western Pacific:  Chesterfield Plateau, the Nova Bank and the Capel Bank, west of New Caledonia.
Tosarhombus octoculatus			X												X																																																																																																																											X																																																																																																																																			X				Northwest Pacific:  known only from the Kochi Prefecture, Japan.  Larvae known from seas around Ryukyu Islands and east of Taiwan (Ref. 10877).
Tosarhombus smithi	X													X											X																																																																																																																				X																																																																											X																																																	X								Western Indian Ocean:  known only from 3 specimens from off Durban, South Africa and Kenya.  Generic placement questionable, but possibly closely related to <i>Tosarhombus octoculatus</i> from Japan.
Trichopsetta caribbaea					X		X				X												X																					X																																X										X																			X																	X																																																																																																						X											X														X												X	X											Western Atlantic:  Carribean Sea; probably throughout the northern coast of South America.
Trichopsetta melasma					X						X		X																																			X																																																																														X																																																																																																																																								X											Western Atlantic:  Bahamas to Honduras; may reach Florida, USA.
Trichopsetta orbisulcus					X		X						X										X																																																																																																																																																											X																																																																							X													X											Western Central Atlantic:  off Nicaragua and Venezuela.  Records from the Scotian shelf of Canada are based on larval specimens.
Trichopsetta ventralis					X		X													X			X																																																																																																																																																																																																									X																							X															X											Western Atlantic:  northern Gulf of Mexico in USA; reported to extend to Suriname (Ref. 13608).
Trinectes fimbriatus					X		X						X										X																																																					X					X													X		X																														X																																																				X										X		X																																																																													X			X			Eastern Central Pacific:  El Salvador to Peru.
Trinectes fluviatilis					X		X						X										X																																																					X					X													X																																																																																														X		X																																																																													X			X			Eastern Pacific:  Costa Rica to Peru; enters freshwater.
Trinectes fonsecensis					X		X						X										X																																																					X					X													X		X												X											X							X																																						X														X										X		X																																																																													X			X			Eastern Central Pacific:  Gulf of California to Ecuador.
Trinectes inscriptus					X		X				X									X			X																					X				X																												X									X	X																			X																																X																																																											X																																							X												X		X			X									X	X											Western Atlantic:  southern Florida, USA and the Bahamas to Venezuela; absent from Gulf of Mexico.
Trinectes maculatus					X		X				X		X							X			X																																																																																																																																													X																								X																																															X												X		X										X			X											Western Central Atlantic:  Massachusetts to Florida, throughout the Gulf of Mexico, to Panama.
Trinectes microphthalmus					X		X				X												X																																		X																																																																																																																																																																																		X																										X	X											Western Atlantic:  Trinidad and Tobago to southern Brazil.
Trinectes opercularis							X																X																																																					X																																																																																																																																																																																															X			X			Eastern Central Pacific:  Colombia.
Trinectes paulistanus					X		X				X		X										X																					X									X				X																			X					X					X																			X																	X																																																																																																						X											X														X												X	X											Western Atlantic:  Suriname to Brazil.
Trinectes xanthurus					X		X						X										X																																																																							X																																																																																														X																																																																															X			X			Eastern Central Pacific:  El Salvador to Colombia (Ref. 94891); extended to Ecuador (Ref. 95836).
Typhlachirus caecus			X																					X																																																																																																										X																																																																																																																																														X	Asia:  Indonesia.
Vanstraelenia chirophthalma	X											X																		X									X																																																																				X													X	X																																																																																									X																																															X			X													Eastern Atlantic:  Guinea-Bissau to Angola.  Reported from the Gambia River (Ref. 28587).
Verasper moseri			X	X											X	X																																																							X																																																																			X									X																																																						X																																																																				X				Northwest Pacific:  Pacific coast of northern Japan, northern part of the Sea of Japan, the Tatar Strait, southern Sea of Okhotsk and the Kuril Islands.
Verasper variegatus			X	X											X	X																																																							X																																																																			X							X	X																																																							X	X																																																																			X				Northwest Pacific:  central Honshu, Japan to Korea and to the East China Sea.
Xystreurys liolepis					X								X							X																																																																																																																																																X																																																																																			X																				X						Eastern Pacific:  Monterey Bay in California, USA to Gulf of California.
Xystreurys rasilis							X																X				X																X														X																																												X																																																																																																																																																	X															X												Southwest Atlantic:  Rio de Janeiro, Brazil to Patagonia, Argentina.
Zebrias altipinnis			X																					X		X																																																																																																							X	X																											X																																																																									X																																		X								X	Indo-West Pacific:  east coast of India to Indonesia.
Zebrias annandalei			X																							X																																																																																																							X																																																																																																																																							X									Indian Ocean:  India.
Zebrias cancellatus						X				X																																				X																																																																																																																																																																																																																										X									Eastern Indian Ocean:  Western Australia.
Zebrias captivus			X																												X																		X																																																																																																			X																																																	X									X																																							X																				X								Western Indian Ocean:  Persian Gulf, Bahrain.
Zebrias craticulus						X				X																																				X																																																																																																																																																																																																																										X								X	Eastern Indian Ocean:  northwestern Australia.
Zebrias crossolepis			X												X																																																								X																																																																																																																																																													X																																									X				Northwest Pacific:  Guangdong, China.
Zebrias fasciatus			X												X									X																																																																																																										X								X								X																																																																																		X																																									X			X	Northwest Pacific:  Yellow Sea to Po Hai; also in the East China Sea.
Zebrias keralensis			X																							X																																																																																																							X																																																																																																																																								X								Indian Ocean:  India.
Zebrias lucapensis			X																					X																																																																																																																																																																							X																																																																																	X	Western Central Pacific:  known only from the Lingayen Gulf, Philippines.
Zebrias maculosus			X																							X																																																																																																							X																																																																																																																																								X								Indian Ocean:  India.
Zebrias munroi						X				X																																																																																																																																																																																			X																																																																																			X	Western Central Pacific:  Papua New Guinea.
Zebrias penescalaris						X				X																																				X																																																																																																																																																																																																																										X									Eastern Indian Ocean:  southern Australia.
Zebrias quagga	X		X			X				X				X	X				X					X		X					X							X								X			X									X													X																			X					X			X																													X		X	X	X	X			X				X									X									X																																X		X						X									X					X				X			X					X					X		X															X					X				X										X	X				X			X	Indo-West Pacific:  Red Sea and Persian Gulf to Malaysia and Thailand, north to China, south to Australia.
Zebrias regani	X																								X																																																																																																																																																																																															X																																																	X								Western Indian Ocean:  known only from the coast of Natal, South Africa.
Zebrias scalaris						X				X																																				X																																																																																																																																																																																																																										X							X	X	Southwest Pacific:   southern Queensland to eastern Bass Strait, Australia.  A similar species, <i>Zebrias penescalaris</i> Gomon 1987, occurs on the southwest coast (Ref. 9002).
Zebrias synapturoides			X			X				X																X					X																		X																																																																																X		X																	X																																					X				X								X									X												X																											X																			X	X							X	Indo-West Pacific:  Persian Gulf (Ref. 11441) to Papua New Guinea (Ref. 6771).
Zebrias zebra			X												X									X																																															X																																																								X			X								X																																																					X																																					X		X																				X																			X			X	Western Pacific:  Gulf of Thailand to southern Japan, Philippines (Ref. 9494), Borneo and Indonesia.  Absent from New Guinea and Australia.
Zebrias zebrinus			X												X																																																																																																																											X								X																																																																																																																											X				Northwest Pacific:  Japan (Ref. 40966) and South Korea (Ref. 77001).
Zeugopterus norvegicus	X			X															X		X							X				X				X																																	X																			X																X							X																	X					X	X																																																	X																																		X									X														X	X	X	X															X								X							Northeast Atlantic:  off Iceland and from Murman coast to Bay of Biscay.
Zeugopterus punctatus				X	X															X	X							X				X																				X										X																										X																X							X																						X	X																																									X								X																																		X									X														X																		X	X														North Atlantic:  Trondheim to the Bay of Biscay (4703); including Newfoundland, Canada (Ref. 36223).
Zeugopterus regius	X		X	X															X		X							X			X	X				X																				X																											X																					X										X																			X	X		X																																		X																								X														X				X					X																					X		X																		X								X							Eastern Atlantic:  British Isles to Morocco; also in the western Mediterranean and the Adriatic Sea (Ref. 12382).
